ISO-10303-21;
HEADER;
FILE_DESCRIPTION (( 'STEP AP214' ),
    '1' );
FILE_NAME ('CONMHF1-SMD-T.STEP',
    '2025-06-11T17:26:40',
    ( '' ),
    ( '' ),
    'SwSTEP 2.0',
    'SolidWorks 2021',
    '' );
FILE_SCHEMA (( 'AUTOMOTIVE_DESIGN' ));
ENDSEC;

DATA;
#1 = AXIS2_PLACEMENT_3D ( 'NONE', #1184, #1150, #68 ) ;
#2 = CARTESIAN_POINT ( 'NONE',  ( 4.898587196589417389E-17, 0.2500000000000000000, -0.4000000000000003553 ) ) ;
#3 = AXIS2_PLACEMENT_3D ( 'NONE', #2342, #2543, #2780 ) ;
#4 = SURFACE_STYLE_FILL_AREA ( #1283 ) ;
#5 = FACE_OUTER_BOUND ( 'NONE', #1554, .T. ) ;
#6 = ADVANCED_FACE ( 'NONE', ( #333 ), #2385, .T. ) ;
#7 = CARTESIAN_POINT ( 'NONE',  ( 3.061616997868383018E-17, -1.983452377915607023, -0.2500000000000007772 ) ) ;
#8 = DIRECTION ( 'NONE',  ( 0.000000000000000000, 0.000000000000000000, -1.000000000000000000 ) ) ;
#9 = ORIENTED_EDGE ( 'NONE', *, *, #2434, .F. ) ;
#10 = CARTESIAN_POINT ( 'NONE',  ( 1.250000000000000000, 0.1400000000000000133, -0.8999999999999999112 ) ) ;
#11 = VERTEX_POINT ( 'NONE', #1285 ) ;
#12 = CARTESIAN_POINT ( 'NONE',  ( 0.005000000000000002706, 0.5343685066538030881, -0.9656185483626571475 ) ) ;
#13 = VERTEX_POINT ( 'NONE', #772 ) ;
#14 = VERTEX_POINT ( 'NONE', #375 ) ;
#15 = CARTESIAN_POINT ( 'NONE',  ( 0.2999999999999999334, 0.1650000000000000078, -0.1802775637731995895 ) ) ;
#16 = DIRECTION ( 'NONE',  ( 0.000000000000000000, -1.000000000000000000, 0.000000000000000000 ) ) ;
#17 = DIRECTION ( 'NONE',  ( 1.000000000000000000, 0.000000000000000000, 8.673617379884042375E-16 ) ) ;
#18 = DIRECTION ( 'NONE',  ( 0.000000000000000000, 0.000000000000000000, 1.000000000000000000 ) ) ;
#19 = DIRECTION ( 'NONE',  ( -0.000000000000000000, -1.000000000000000000, -0.000000000000000000 ) ) ;
#20 = EDGE_CURVE ( 'NONE', #1983, #1491, #1876, .T. ) ;
#21 = ORIENTED_EDGE ( 'NONE', *, *, #2002, .F. ) ;
#22 = CARTESIAN_POINT ( 'NONE',  ( 0.000000000000000000, 0.6650000000000005906, 0.000000000000000000 ) ) ;
#23 = CARTESIAN_POINT ( 'NONE',  ( 0.000000000000000000, 0.03499999999999998251, 0.000000000000000000 ) ) ;
#24 = CARTESIAN_POINT ( 'NONE',  ( 0.9899999999999997691, 0.3499999999999999778, -1.300000000000000266 ) ) ;
#25 = ORIENTED_EDGE ( 'NONE', *, *, #2256, .T. ) ;
#26 = ORIENTED_EDGE ( 'NONE', *, *, #1100, .T. ) ;
#27 = DIRECTION ( 'NONE',  ( -1.000000000000000000, 0.000000000000000000, -4.336808689942014285E-16 ) ) ;
#28 = DIRECTION ( 'NONE',  ( -0.000000000000000000, -1.000000000000000000, -0.000000000000000000 ) ) ;
#29 = DIRECTION ( 'NONE',  ( -1.000000000000000000, 0.000000000000000000, -4.336808689942014285E-16 ) ) ;
#30 = CARTESIAN_POINT ( 'NONE',  ( 0.2599999999999997868, 2.022153022471871786, 1.000000000000000000 ) ) ;
#31 = CARTESIAN_POINT ( 'NONE',  ( 0.000000000000000000, 0.03499999999999998251, 0.000000000000000000 ) ) ;
#32 = VECTOR ( 'NONE', #63, 1000.000000000000000 ) ;
#33 = EDGE_LOOP ( 'NONE', ( #537, #953, #2345, #2592 ) ) ;
#34 = ADVANCED_FACE ( 'NONE', ( #1889 ), #2126, .F. ) ;
#35 = CARTESIAN_POINT ( 'NONE',  ( -0.2600000000000002864, 0.1400000000000000133, 1.000000000000000000 ) ) ;
#36 = VECTOR ( 'NONE', #2825, 1000.000000000000000 ) ;
#37 = CARTESIAN_POINT ( 'NONE',  ( -1.300000000000000488, 0.3499999999999999778, -0.9900000000000002132 ) ) ;
#38 = AXIS2_PLACEMENT_3D ( 'NONE', #2393, #2254, #2035 ) ;
#39 = LINE ( 'NONE', #1973, #884 ) ;
#40 = VECTOR ( 'NONE', #560, 1000.000000000000000 ) ;
#41 = ORIENTED_EDGE ( 'NONE', *, *, #1410, .F. ) ;
#42 = EDGE_CURVE ( 'NONE', #2469, #2523, #234, .T. ) ;
#43 = EDGE_CURVE ( 'NONE', #171, #71, #612, .T. ) ;
#44 = CIRCLE ( 'NONE', #1268, 0.2500000000000000000 ) ;
#45 = ORIENTED_EDGE ( 'NONE', *, *, #1324, .T. ) ;
#46 = CIRCLE ( 'NONE', #2561, 0.9250000000000000444 ) ;
#47 = FACE_OUTER_BOUND ( 'NONE', #349, .T. ) ;
#48 = VECTOR ( 'NONE', #2064, 1000.000000000000000 ) ;
#49 = DIRECTION ( 'NONE',  ( 0.000000000000000000, 0.000000000000000000, -1.000000000000000000 ) ) ;
#50 = LINE ( 'NONE', #30, #2053 ) ;
#51 = AXIS2_PLACEMENT_3D ( 'NONE', #2123, #1435, #1271 ) ;
#52 = DIRECTION ( 'NONE',  ( -0.000000000000000000, -1.000000000000000000, -0.000000000000000000 ) ) ;
#53 = ORIENTED_EDGE ( 'NONE', *, *, #163, .T. ) ;
#54 = CARTESIAN_POINT ( 'NONE',  ( -1.300000000000000488, 0.3499999999999999778, 1.300000000000000266 ) ) ;
#55 = DIRECTION ( 'NONE',  ( 0.000000000000000000, 0.000000000000000000, 1.000000000000000000 ) ) ;
#56 = LINE ( 'NONE', #1444, #2372 ) ;
#57 = UNCERTAINTY_MEASURE_WITH_UNIT (LENGTH_MEASURE( 1.000000000000000082E-05 ), #2373, 'distance_accuracy_value', 'NONE');
#58 = ORIENTED_EDGE ( 'NONE', *, *, #2111, .F. ) ;
#59 = ORIENTED_EDGE ( 'NONE', *, *, #1144, .F. ) ;
#60 = DIRECTION ( 'NONE',  ( -1.000000000000000000, 0.000000000000000000, -0.000000000000000000 ) ) ;
#61 = EDGE_CURVE ( 'NONE', #1559, #2340, #1458, .T. ) ;
#62 = ORIENTED_EDGE ( 'NONE', *, *, #1024, .F. ) ;
#63 = DIRECTION ( 'NONE',  ( 0.000000000000000000, 1.000000000000000000, 0.000000000000000000 ) ) ;
#64 = ADVANCED_FACE ( 'NONE', ( #1011 ), #2142, .F. ) ;
#65 = DIRECTION ( 'NONE',  ( 0.000000000000000000, 0.000000000000000000, -1.000000000000000000 ) ) ;
#66 = FACE_OUTER_BOUND ( 'NONE', #2058, .T. ) ;
#67 = ORIENTED_EDGE ( 'NONE', *, *, #1100, .F. ) ;
#68 = DIRECTION ( 'NONE',  ( 0.000000000000000000, 0.000000000000000000, 1.000000000000000000 ) ) ;
#69 = EDGE_CURVE ( 'NONE', #1409, #2498, #2766, .T. ) ;
#70 = EDGE_CURVE ( 'NONE', #770, #2284, #551, .T. ) ;
#71 = VERTEX_POINT ( 'NONE', #819 ) ;
#72 = CARTESIAN_POINT ( 'NONE',  ( -0.2600000000000001754, 2.022153022471871786, 1.550000000000000266 ) ) ;
#73 = PLANE ( 'NONE',  #1073 ) ;
#74 = DIRECTION ( 'NONE',  ( 0.000000000000000000, 1.000000000000000000, 0.000000000000000000 ) ) ;
#75 = EDGE_CURVE ( 'NONE', #2867, #316, #141, .T. ) ;
#76 = ORIENTED_EDGE ( 'NONE', *, *, #813, .T. ) ;
#77 = PLANE ( 'NONE',  #1534 ) ;
#78 = CARTESIAN_POINT ( 'NONE',  ( 0.000000000000000000, 1.059999999999999831, -5.929230630780092513E-17 ) ) ;
#79 = ADVANCED_FACE ( 'NONE', ( #125 ), #2329, .T. ) ;
#80 = CARTESIAN_POINT ( 'NONE',  ( 0.2599999999999997868, 0.000000000000000000, 1.300000000000000266 ) ) ;
#81 = LINE ( 'NONE', #2509, #1731 ) ;
#82 = CARTESIAN_POINT ( 'NONE',  ( 0.000000000000000000, 1.309999999999999831, 1.530808498934201370E-17 ) ) ;
#83 = ORIENTED_EDGE ( 'NONE', *, *, #1896, .F. ) ;
#84 = CARTESIAN_POINT ( 'NONE',  ( 0.000000000000000000, -1.983452377915607023, -7.811055488061111817E-16 ) ) ;
#85 = CARTESIAN_POINT ( 'NONE',  ( -1.250000000000000000, -0.000000000000000000, -0.8999999999999995781 ) ) ;
#86 = CARTESIAN_POINT ( 'NONE',  ( 4.898587196589417389E-17, 0.3499999999999999778, -0.4000000000000003553 ) ) ;
#87 = ORIENTED_EDGE ( 'NONE', *, *, #1241, .T. ) ;
#88 = AXIS2_PLACEMENT_3D ( 'NONE', #2515, #2357, #2213 ) ;
#89 = VERTEX_POINT ( 'NONE', #806 ) ;
#90 = VECTOR ( 'NONE', #2790, 1000.000000000000000 ) ;
#91 = DIRECTION ( 'NONE',  ( 0.000000000000000000, -0.000000000000000000, -1.000000000000000000 ) ) ;
#92 = AXIS2_PLACEMENT_3D ( 'NONE', #213, #1368, #2677 ) ;
#93 = DIRECTION ( 'NONE',  ( 9.856383386231871153E-17, 0.000000000000000000, 1.000000000000000000 ) ) ;
#94 = VECTOR ( 'NONE', #2823, 1000.000000000000000 ) ;
#95 =( LENGTH_UNIT ( ) NAMED_UNIT ( * ) SI_UNIT ( .MILLI., .METRE. ) );
#96 = STYLED_ITEM ( 'NONE', ( #2237 ), #2316 ) ;
#97 = FILL_AREA_STYLE ('',( #1714 ) ) ;
#98 = VECTOR ( 'NONE', #1149, 1000.000000000000000 ) ;
#99 = ORIENTED_EDGE ( 'NONE', *, *, #70, .F. ) ;
#100 = CARTESIAN_POINT ( 'NONE',  ( 0.000000000000000000, 0.1650000000000000078, -0.9201564028866436873 ) ) ;
#101 = CARTESIAN_POINT ( 'NONE',  ( 0.2999999999999999334, 0.02499999999999998404, -0.1802775637731995895 ) ) ;
#102 = DIRECTION ( 'NONE',  ( -1.224646799147352714E-16, 0.000000000000000000, -1.000000000000000000 ) ) ;
#103 = DIRECTION ( 'NONE',  ( 0.000000000000000000, 0.000000000000000000, 1.000000000000000000 ) ) ;
#104 = DIRECTION ( 'NONE',  ( 0.000000000000000000, 0.000000000000000000, 1.000000000000000000 ) ) ;
#105 = EDGE_LOOP ( 'NONE', ( #2770, #1637, #58, #562 ) ) ;
#106 = VERTEX_POINT ( 'NONE', #2194 ) ;
#107 = CARTESIAN_POINT ( 'NONE',  ( -1.250000000000000000, 0.1399999999999999301, -0.8999999999999995781 ) ) ;
#108 = ADVANCED_FACE ( 'NONE', ( #676 ), #846, .F. ) ;
#109 = LINE ( 'NONE', #2524, #1304 ) ;
#110 = CARTESIAN_POINT ( 'NONE',  ( -1.300000000000000488, 0.3499999999999999778, 1.300000000000000266 ) ) ;
#111 = EDGE_CURVE ( 'NONE', #1099, #2124, #1773, .T. ) ;
#112 =( NAMED_UNIT ( * ) SI_UNIT ( $, .STERADIAN. ) SOLID_ANGLE_UNIT ( ) );
#113 = VERTEX_POINT ( 'NONE', #1077 ) ;
#114 = DIRECTION ( 'NONE',  ( 1.000000000000000000, 0.000000000000000000, 0.000000000000000000 ) ) ;
#115 = ORIENTED_EDGE ( 'NONE', *, *, #582, .F. ) ;
#116 = DIRECTION ( 'NONE',  ( 0.8574929257125443183, 0.000000000000000000, 0.5144957554275264577 ) ) ;
#117 = CYLINDRICAL_SURFACE ( 'NONE', #513, 0.2500000000000000000 ) ;
#118 = ORIENTED_EDGE ( 'NONE', *, *, #738, .T. ) ;
#119 = ORIENTED_EDGE ( 'NONE', *, *, #1701, .F. ) ;
#120 = DIRECTION ( 'NONE',  ( 0.000000000000000000, 0.000000000000000000, -1.000000000000000000 ) ) ;
#121 = ORIENTED_EDGE ( 'NONE', *, *, #2255, .F. ) ;
#122 = CARTESIAN_POINT ( 'NONE',  ( 0.005000000000000007910, 0.6650000000000005906, -0.9249864863877742538 ) ) ;
#123 = ORIENTED_EDGE ( 'NONE', *, *, #2143, .F. ) ;
#124 = CARTESIAN_POINT ( 'NONE',  ( 0.9499999999999998446, 0.1399999999999999301, 0.4000000000000001887 ) ) ;
#125 = FACE_OUTER_BOUND ( 'NONE', #2097, .T. ) ;
#126 = CARTESIAN_POINT ( 'NONE',  ( -0.2600000000000001754, 0.000000000000000000, 1.550000000000000266 ) ) ;
#127 = DIRECTION ( 'NONE',  ( 0.000000000000000000, 0.000000000000000000, 1.000000000000000000 ) ) ;
#128 = EDGE_CURVE ( 'NONE', #1054, #1052, #1550, .T. ) ;
#129 = ORIENTED_EDGE ( 'NONE', *, *, #883, .T. ) ;
#130 = VERTEX_POINT ( 'NONE', #1563 ) ;
#131 = FACE_OUTER_BOUND ( 'NONE', #1235, .T. ) ;
#132 = UNCERTAINTY_MEASURE_WITH_UNIT (LENGTH_MEASURE( 1.000000000000000082E-05 ), #661, 'distance_accuracy_value', 'NONE');
#133 = AXIS2_PLACEMENT_3D ( 'NONE', #2428, #1083, #240 ) ;
#134 = CARTESIAN_POINT ( 'NONE',  ( 1.250000000000000000, 0.000000000000000000, -0.8999999999999999112 ) ) ;
#135 = VECTOR ( 'NONE', #2583, 1000.000000000000000 ) ;
#136 = VECTOR ( 'NONE', #1726, 1000.000000000000000 ) ;
#137 = CARTESIAN_POINT ( 'NONE',  ( 0.000000000000000000, 0.02499999999999998404, 0.3500000000000000333 ) ) ;
#138 = ORIENTED_EDGE ( 'NONE', *, *, #1085, .F. ) ;
#139 = VECTOR ( 'NONE', #743, 1000.000000000000000 ) ;
#140 = DIRECTION ( 'NONE',  ( 0.000000000000000000, 0.000000000000000000, -1.000000000000000000 ) ) ;
#141 = LINE ( 'NONE', #345, #566 ) ;
#142 = CIRCLE ( 'NONE', #1771, 0.3499999999999999778 ) ;
#143 = DIRECTION ( 'NONE',  ( 0.000000000000000000, 0.000000000000000000, -1.000000000000000000 ) ) ;
#144 = FILL_AREA_STYLE ('',( #627 ) ) ;
#145 = EDGE_LOOP ( 'NONE', ( #757, #1639, #683, #2887 ) ) ;
#146 = APPLICATION_CONTEXT ( 'automotive_design' ) ;
#147 = VERTEX_POINT ( 'NONE', #432 ) ;
#148 = CARTESIAN_POINT ( 'NONE',  ( 0.9499999999999998446, 2.022153022471871786, 0.4000000000000001887 ) ) ;
#149 = ORIENTED_EDGE ( 'NONE', *, *, #1878, .T. ) ;
#150 = EDGE_CURVE ( 'NONE', #2533, #2318, #2876, .T. ) ;
#151 = LINE ( 'NONE', #2553, #90 ) ;
#152 = SURFACE_SIDE_STYLE ('',( #2307 ) ) ;
#153 = EDGE_CURVE ( 'NONE', #729, #2714, #1581, .T. ) ;
#154 = CARTESIAN_POINT ( 'NONE',  ( -1.250000000000000000, 0.1400000000000000133, 0.9000000000000001332 ) ) ;
#155 = VERTEX_POINT ( 'NONE', #2835 ) ;
#156 = CARTESIAN_POINT ( 'NONE',  ( -1.300000000000000488, 0.1400000000000000133, 1.300000000000000266 ) ) ;
#157 = VERTEX_POINT ( 'NONE', #1061 ) ;
#158 = FACE_OUTER_BOUND ( 'NONE', #1341, .T. ) ;
#159 = VERTEX_POINT ( 'NONE', #2450 ) ;
#160 = CYLINDRICAL_SURFACE ( 'NONE', #1164, 0.3500000000000000333 ) ;
#161 = VERTEX_POINT ( 'NONE', #625 ) ;
#162 = CARTESIAN_POINT ( 'NONE',  ( 0.9499999999999998446, 0.1399999999999999301, 0.4000000000000001887 ) ) ;
#163 = EDGE_CURVE ( 'NONE', #1046, #2257, #859, .T. ) ;
#164 = LINE ( 'NONE', #1040, #376 ) ;
#165 = EDGE_CURVE ( 'NONE', #2199, #574, #1867, .T. ) ;
#166 = CARTESIAN_POINT ( 'NONE',  ( 0.000000000000000000, 1.249999999999999778, 0.000000000000000000 ) ) ;
#167 = LINE ( 'NONE', #1062, #2146 ) ;
#168 = CARTESIAN_POINT ( 'NONE',  ( 0.000000000000000000, 0.3500000000000000333, 0.8249999999999998446 ) ) ;
#169 = VERTEX_POINT ( 'NONE', #198 ) ;
#170 = CARTESIAN_POINT ( 'NONE',  ( -0.2999999999999997113, 0.1399999999999999301, -1.000000000000000222 ) ) ;
#171 = VERTEX_POINT ( 'NONE', #1734 ) ;
#172 = CARTESIAN_POINT ( 'NONE',  ( -1.300000000000000488, 0.000000000000000000, 1.300000000000000266 ) ) ;
#173 = ORIENTED_EDGE ( 'NONE', *, *, #2139, .T. ) ;
#174 = DIRECTION ( 'NONE',  ( -0.000000000000000000, -1.000000000000000000, -0.000000000000000000 ) ) ;
#175 = AXIS2_PLACEMENT_3D ( 'NONE', #226, #2415, #435 ) ;
#176 = AXIS2_PLACEMENT_3D ( 'NONE', #1188, #967, #1399 ) ;
#177 = DIRECTION ( 'NONE',  ( -0.000000000000000000, -1.000000000000000000, -0.000000000000000000 ) ) ;
#178 = CIRCLE ( 'NONE', #2748, 0.1499999999999999944 ) ;
#179 = DIRECTION ( 'NONE',  ( -0.000000000000000000, 1.000000000000000000, -0.000000000000000000 ) ) ;
#180 = AXIS2_PLACEMENT_3D ( 'NONE', #1012, #998, #266 ) ;
#181 = VECTOR ( 'NONE', #1158, 1000.000000000000000 ) ;
#182 = LINE ( 'NONE', #2578, #608 ) ;
#183 = VECTOR ( 'NONE', #2294, 1000.000000000000114 ) ;
#184 = VERTEX_POINT ( 'NONE', #2409 ) ;
#185 = LINE ( 'NONE', #655, #1765 ) ;
#186 = VERTEX_POINT ( 'NONE', #2671 ) ;
#187 = AXIS2_PLACEMENT_3D ( 'NONE', #2396, #1296, #2660 ) ;
#188 = DIRECTION ( 'NONE',  ( 1.322645476773955134E-16, 0.000000000000000000, -1.000000000000000000 ) ) ;
#189 = EDGE_LOOP ( 'NONE', ( #1544, #2653, #1215, #1970, #1329, #1820 ) ) ;
#190 = VECTOR ( 'NONE', #534, 1000.000000000000000 ) ;
#191 = ADVANCED_FACE ( 'NONE', ( #401 ), #2166, .T. ) ;
#192 = ADVANCED_FACE ( 'NONE', ( #2179 ), #1509, .F. ) ;
#193 = LINE ( 'NONE', #2472, #1214 ) ;
#194 = ADVANCED_FACE ( 'NONE', ( #1746 ), #1540, .F. ) ;
#195 = EDGE_CURVE ( 'NONE', #1190, #2799, #2332, .T. ) ;
#196 = CARTESIAN_POINT ( 'NONE',  ( 0.000000000000000000, 0.5749999999999990674, 0.000000000000000000 ) ) ;
#197 = ADVANCED_FACE ( 'NONE', ( #208 ), #2439, .T. ) ;
#198 = CARTESIAN_POINT ( 'NONE',  ( 4.898587196589417389E-17, 0.3499999999999999778, -0.4000000000000003553 ) ) ;
#199 = DIRECTION ( 'NONE',  ( 0.000000000000000000, 0.000000000000000000, -1.000000000000000000 ) ) ;
#200 = ORIENTED_EDGE ( 'NONE', *, *, #1713, .F. ) ;
#201 = CARTESIAN_POINT ( 'NONE',  ( -0.005000000000000092912, 0.3500000000000000333, -0.9999874999218741900 ) ) ;
#202 = ORIENTED_EDGE ( 'NONE', *, *, #1088, .T. ) ;
#203 = DIRECTION ( 'NONE',  ( 0.000000000000000000, -1.000000000000000000, 0.000000000000000000 ) ) ;
#204 = ORIENTED_EDGE ( 'NONE', *, *, #1932, .T. ) ;
#205 = CARTESIAN_POINT ( 'NONE',  ( 3.061616997868384251E-17, 0.3500000000000000333, -0.2500000000000002220 ) ) ;
#206 = DIRECTION ( 'NONE',  ( 2.710505431213761578E-16, 0.000000000000000000, -1.000000000000000000 ) ) ;
#207 = SURFACE_SIDE_STYLE ('',( #1757 ) ) ;
#208 = FACE_OUTER_BOUND ( 'NONE', #2085, .T. ) ;
#209 = LINE ( 'NONE', #2627, #2046 ) ;
#210 = ORIENTED_EDGE ( 'NONE', *, *, #1859, .F. ) ;
#211 = DIRECTION ( 'NONE',  ( -0.000000000000000000, -1.000000000000000000, -0.000000000000000000 ) ) ;
#212 = VERTEX_POINT ( 'NONE', #2219 ) ;
#213 = CARTESIAN_POINT ( 'NONE',  ( 1.499999999999999778, 2.022153022471871786, 0.9000000000000003553 ) ) ;
#214 = VERTEX_POINT ( 'NONE', #2862 ) ;
#215 = PLANE ( 'NONE',  #1717 ) ;
#216 = EDGE_CURVE ( 'NONE', #1814, #2133, #1496, .T. ) ;
#217 = CARTESIAN_POINT ( 'NONE',  ( -0.005000000000000003574, 1.234164964995097868, -0.9579044691797773403 ) ) ;
#218 = DIRECTION ( 'NONE',  ( 3.872150616019657355E-16, 0.000000000000000000, -1.000000000000000000 ) ) ;
#219 = VECTOR ( 'NONE', #2098, 1000.000000000000000 ) ;
#220 = CARTESIAN_POINT ( 'NONE',  ( -0.9499999999999998446, 0.1400000000000000133, -0.3999999999999997446 ) ) ;
#221 =( GEOMETRIC_REPRESENTATION_CONTEXT ( 3 ) GLOBAL_UNCERTAINTY_ASSIGNED_CONTEXT ( ( #2268 ) ) GLOBAL_UNIT_ASSIGNED_CONTEXT ( ( #95, #1196, #991 ) ) REPRESENTATION_CONTEXT ( 'NONE', 'WORKASPACE' ) );
#222 = AXIS2_PLACEMENT_3D ( 'NONE', #670, #1098, #1981 ) ;
#223 = CARTESIAN_POINT ( 'NONE',  ( 1.499999999999999778, 0.1399999999999999301, -0.8999999999999996891 ) ) ;
#224 = VERTEX_POINT ( 'NONE', #873 ) ;
#225 = VECTOR ( 'NONE', #1571, 1000.000000000000000 ) ;
#226 = CARTESIAN_POINT ( 'NONE',  ( 0.2999999999999999334, 0.2799999999999999711, -1.035806737948847367 ) ) ;
#227 = EDGE_LOOP ( 'NONE', ( #1893, #2037 ) ) ;
#228 = LINE ( 'NONE', #1142, #369 ) ;
#229 = VECTOR ( 'NONE', #966, 1000.000000000000000 ) ;
#230 = EDGE_LOOP ( 'NONE', ( #287, #2778, #312, #2258, #450 ) ) ;
#231 = VECTOR ( 'NONE', #485, 1000.000000000000000 ) ;
#232 = VERTEX_POINT ( 'NONE', #1390 ) ;
#233 = CARTESIAN_POINT ( 'NONE',  ( 0.9500000000000000666, 2.022153022471871786, -0.3999999999999997446 ) ) ;
#234 = CIRCLE ( 'NONE', #1272, 1.000000000000000000 ) ;
#235 = DIRECTION ( 'NONE',  ( 0.000000000000000000, 1.000000000000000000, 0.000000000000000000 ) ) ;
#236 = EDGE_CURVE ( 'NONE', #1856, #1129, #2751, .T. ) ;
#237 = DIRECTION ( 'NONE',  ( 1.084202172485504434E-16, 0.000000000000000000, 1.000000000000000000 ) ) ;
#238 = PLANE ( 'NONE',  #1168 ) ;
#239 = ORIENTED_EDGE ( 'NONE', *, *, #491, .F. ) ;
#240 = DIRECTION ( 'NONE',  ( 0.000000000000000000, 0.000000000000000000, -1.000000000000000000 ) ) ;
#241 = DIRECTION ( 'NONE',  ( 0.000000000000000000, 0.000000000000000000, -1.000000000000000000 ) ) ;
#242 = ORIENTED_EDGE ( 'NONE', *, *, #2116, .F. ) ;
#243 = ORIENTED_EDGE ( 'NONE', *, *, #236, .F. ) ;
#244 = DIRECTION ( 'NONE',  ( 1.000000000000000000, 0.000000000000000000, 0.000000000000000000 ) ) ;
#245 = DIRECTION ( 'NONE',  ( 1.224646799147353207E-16, 0.000000000000000000, -1.000000000000000000 ) ) ;
#246 = CARTESIAN_POINT ( 'NONE',  ( -0.2999999999999997113, -0.000000000000000000, -1.000000000000000222 ) ) ;
#247 = CYLINDRICAL_SURFACE ( 'NONE', #1, 0.4000000000000003553 ) ;
#248 = EDGE_CURVE ( 'NONE', #2137, #2815, #1364, .T. ) ;
#249 = EDGE_CURVE ( 'NONE', #1602, #2009, #473, .T. ) ;
#250 = VERTEX_POINT ( 'NONE', #756 ) ;
#251 = DIRECTION ( 'NONE',  ( -0.000000000000000000, -1.000000000000000000, -0.000000000000000000 ) ) ;
#252 = CARTESIAN_POINT ( 'NONE',  ( 0.9499999999999998446, 0.1400000000000000133, 0.4000000000000001887 ) ) ;
#253 = DIRECTION ( 'NONE',  ( 0.000000000000000000, -0.000000000000000000, -1.000000000000000000 ) ) ;
#254 = ORIENTED_EDGE ( 'NONE', *, *, #2489, .F. ) ;
#255 = VERTEX_POINT ( 'NONE', #1644 ) ;
#256 = LINE ( 'NONE', #233, #1217 ) ;
#257 = SPHERICAL_SURFACE ( 'NONE', #1446, 0.2500000000000000000 ) ;
#258 = FACE_OUTER_BOUND ( 'NONE', #1386, .T. ) ;
#259 = CARTESIAN_POINT ( 'NONE',  ( 0.000000000000000000, 1.249999999999999778, 0.8250000000000001776 ) ) ;
#260 = DIRECTION ( 'NONE',  ( -0.5144957554275263467, 0.000000000000000000, 0.8574929257125443183 ) ) ;
#261 = VECTOR ( 'NONE', #1806, 1000.000000000000000 ) ;
#262 = ORIENTED_EDGE ( 'NONE', *, *, #2676, .F. ) ;
#263 = LINE ( 'NONE', #72, #219 ) ;
#264 = VECTOR ( 'NONE', #211, 1000.000000000000000 ) ;
#265 = EDGE_CURVE ( 'NONE', #1084, #1046, #2566, .T. ) ;
#266 = DIRECTION ( 'NONE',  ( 0.000000000000000000, 0.000000000000000000, -1.000000000000000000 ) ) ;
#267 = CIRCLE ( 'NONE', #2227, 0.2500000000000000000 ) ;
#268 = DIRECTION ( 'NONE',  ( 1.000000000000000000, 0.000000000000000000, 4.336808689942013299E-16 ) ) ;
#269 = AXIS2_PLACEMENT_3D ( 'NONE', #148, #1279, #1503 ) ;
#270 = ORIENTED_EDGE ( 'NONE', *, *, #582, .T. ) ;
#271 = VECTOR ( 'NONE', #1615, 1000.000000000000114 ) ;
#272 = ORIENTED_EDGE ( 'NONE', *, *, #2865, .F. ) ;
#273 = CARTESIAN_POINT ( 'NONE',  ( -1.300000000000000488, 0.3499999999999999778, 1.300000000000000266 ) ) ;
#274 = VECTOR ( 'NONE', #2715, 1000.000000000000000 ) ;
#275 = EDGE_LOOP ( 'NONE', ( #1763, #804, #53, #575 ) ) ;
#276 = AXIS2_PLACEMENT_3D ( 'NONE', #31, #974, #1858 ) ;
#277 = LINE ( 'NONE', #2041, #261 ) ;
#278 = EDGE_CURVE ( 'NONE', #318, #824, #2526, .T. ) ;
#279 = AXIS2_PLACEMENT_3D ( 'NONE', #1676, #1906, #1025 ) ;
#280 = DIRECTION ( 'NONE',  ( 0.000000000000000000, 0.000000000000000000, 1.000000000000000000 ) ) ;
#281 = ADVANCED_FACE ( 'NONE', ( #1854 ), #722, .T. ) ;
#282 = DIRECTION ( 'NONE',  ( -9.856383386231871153E-17, 0.000000000000000000, -1.000000000000000000 ) ) ;
#283 = ADVANCED_FACE ( 'NONE', ( #66 ), #960, .T. ) ;
#284 = ORIENTED_EDGE ( 'NONE', *, *, #360, .T. ) ;
#285 = ADVANCED_FACE ( 'NONE', ( #2730 ), #735, .F. ) ;
#286 = DIRECTION ( 'NONE',  ( -1.000000000000000000, 0.000000000000000000, 0.000000000000000000 ) ) ;
#287 = ORIENTED_EDGE ( 'NONE', *, *, #870, .F. ) ;
#288 = DIRECTION ( 'NONE',  ( 0.000000000000000000, -0.000000000000000000, -1.000000000000000000 ) ) ;
#289 = DIRECTION ( 'NONE',  ( -0.000000000000000000, 1.000000000000000000, 2.371692252312040949E-16 ) ) ;
#290 = DIRECTION ( 'NONE',  ( 0.000000000000000000, 0.000000000000000000, -1.000000000000000000 ) ) ;
#291 = ORIENTED_EDGE ( 'NONE', *, *, #2738, .T. ) ;
#292 = ORIENTED_EDGE ( 'NONE', *, *, #470, .F. ) ;
#293 = LINE ( 'NONE', #1847, #2792 ) ;
#294 = CARTESIAN_POINT ( 'NONE',  ( 0.000000000000000000, 0.1400000000000000133, 0.000000000000000000 ) ) ;
#295 = CARTESIAN_POINT ( 'NONE',  ( 1.250000000000000000, 0.1400000000000000133, 0.9000000000000003553 ) ) ;
#296 = CARTESIAN_POINT ( 'NONE',  ( -0.2600000000000002309, 0.1400000000000000133, 1.300000000000000266 ) ) ;
#297 = EDGE_LOOP ( 'NONE', ( #2427, #875, #2824, #242 ) ) ;
#298 = LINE ( 'NONE', #1903, #2510 ) ;
#299 = ORIENTED_EDGE ( 'NONE', *, *, #2135, .F. ) ;
#300 = DIRECTION ( 'NONE',  ( 0.5144957554275264577, 0.000000000000000000, 0.8574929257125442073 ) ) ;
#301 = DIRECTION ( 'NONE',  ( 8.673617379884042375E-16, 0.000000000000000000, -1.000000000000000000 ) ) ;
#302 = CARTESIAN_POINT ( 'NONE',  ( 0.000000000000000000, 0.3500000000000000333, -2.276824562219557832E-16 ) ) ;
#303 = EDGE_LOOP ( 'NONE', ( #2264, #2724, #1287, #851 ) ) ;
#304 = ORIENTED_EDGE ( 'NONE', *, *, #528, .F. ) ;
#305 = PLANE ( 'NONE',  #2042 ) ;
#306 = ORIENTED_EDGE ( 'NONE', *, *, #2713, .T. ) ;
#307 = DIRECTION ( 'NONE',  ( 1.000000000000000000, 0.000000000000000000, 4.336808689942013792E-16 ) ) ;
#308 = EDGE_CURVE ( 'NONE', #147, #339, #1376, .T. ) ;
#309 = SURFACE_STYLE_FILL_AREA ( #1255 ) ;
#310 = ORIENTED_EDGE ( 'NONE', *, *, #2348, .F. ) ;
#311 = DIRECTION ( 'NONE',  ( 0.000000000000000000, -1.000000000000000000, 0.000000000000000000 ) ) ;
#312 = ORIENTED_EDGE ( 'NONE', *, *, #807, .F. ) ;
#313 = FACE_OUTER_BOUND ( 'NONE', #2757, .T. ) ;
#314 = DIRECTION ( 'NONE',  ( 2.710505431213761578E-16, 0.000000000000000000, -1.000000000000000000 ) ) ;
#315 = PLANE ( 'NONE',  #2794 ) ;
#316 = VERTEX_POINT ( 'NONE', #259 ) ;
#317 = VECTOR ( 'NONE', #834, 1000.000000000000000 ) ;
#318 = VERTEX_POINT ( 'NONE', #2048 ) ;
#319 = VECTOR ( 'NONE', #280, 1000.000000000000000 ) ;
#320 = CARTESIAN_POINT ( 'NONE',  ( -1.250000000000000000, -0.000000000000000000, -0.8999999999999995781 ) ) ;
#321 = EDGE_CURVE ( 'NONE', #2799, #2628, #81, .T. ) ;
#322 = AXIS2_PLACEMENT_3D ( 'NONE', #2522, #2762, #530 ) ;
#323 = ORIENTED_EDGE ( 'NONE', *, *, #1485, .T. ) ;
#324 = CYLINDRICAL_SURFACE ( 'NONE', #1572, 1.000000000000000000 ) ;
#325 = AXIS2_PLACEMENT_3D ( 'NONE', #334, #2082, #1879 ) ;
#326 = DIRECTION ( 'NONE',  ( 0.000000000000000000, -0.000000000000000000, -1.000000000000000000 ) ) ;
#327 =( LENGTH_UNIT ( ) NAMED_UNIT ( * ) SI_UNIT ( .MILLI., .METRE. ) );
#328 = EDGE_CURVE ( 'NONE', #1620, #1253, #466, .T. ) ;
#329 = VECTOR ( 'NONE', #2356, 1000.000000000000000 ) ;
#330 = ORIENTED_EDGE ( 'NONE', *, *, #69, .F. ) ;
#331 = CARTESIAN_POINT ( 'NONE',  ( -0.2999999999999997113, -0.1150000000000000050, -0.8241932620511526197 ) ) ;
#332 = STYLED_ITEM ( 'NONE', ( #2819 ), #387 ) ;
#333 = FACE_OUTER_BOUND ( 'NONE', #1911, .T. ) ;
#334 = CARTESIAN_POINT ( 'NONE',  ( 0.000000000000000000, 0.4999999999999997780, 0.000000000000000000 ) ) ;
#335 = ORIENTED_EDGE ( 'NONE', *, *, #1023, .F. ) ;
#336 = ORIENTED_EDGE ( 'NONE', *, *, #1322, .F. ) ;
#337 = FACE_OUTER_BOUND ( 'NONE', #736, .T. ) ;
#338 = UNCERTAINTY_MEASURE_WITH_UNIT (LENGTH_MEASURE( 1.000000000000000082E-05 ), #1732, 'distance_accuracy_value', 'NONE');
#339 = VERTEX_POINT ( 'NONE', #1578 ) ;
#340 = PLANE ( 'NONE',  #1675 ) ;
#341 = CARTESIAN_POINT ( 'NONE',  ( 1.250000000000000000, 0.1399999999999999301, 0.9000000000000003553 ) ) ;
#342 = EDGE_LOOP ( 'NONE', ( #2491, #2381, #1299, #1416 ) ) ;
#343 = CARTESIAN_POINT ( 'NONE',  ( -0.9499999999999998446, -0.000000000000000000, -0.3999999999999997446 ) ) ;
#344 = EDGE_CURVE ( 'NONE', #2446, #2742, #847, .T. ) ;
#345 = CARTESIAN_POINT ( 'NONE',  ( 0.000000000000000000, -1.983452377915607023, 0.8249999999999992895 ) ) ;
#346 = DIRECTION ( 'NONE',  ( 0.000000000000000000, -1.000000000000000000, 0.000000000000000000 ) ) ;
#347 = CARTESIAN_POINT ( 'NONE',  ( 0.000000000000000000, 0.000000000000000000, 0.000000000000000000 ) ) ;
#348 = EDGE_CURVE ( 'NONE', #390, #1222, #2683, .T. ) ;
#349 = EDGE_LOOP ( 'NONE', ( #1707, #700, #1652, #408, #1882, #1645 ) ) ;
#350 = VERTEX_POINT ( 'NONE', #296 ) ;
#351 = DIRECTION ( 'NONE',  ( 0.000000000000000000, -1.000000000000000000, 0.000000000000000000 ) ) ;
#352 = ORIENTED_EDGE ( 'NONE', *, *, #2002, .T. ) ;
#353 = CARTESIAN_POINT ( 'NONE',  ( 0.2999999999999994338, 0.000000000000000000, 1.478457507934777900E-16 ) ) ;
#354 = LINE ( 'NONE', #769, #190 ) ;
#355 = ORIENTED_EDGE ( 'NONE', *, *, #2866, .F. ) ;
#356 = DIRECTION ( 'NONE',  ( 1.000000000000000000, 0.000000000000000000, 0.000000000000000000 ) ) ;
#357 = ORIENTED_EDGE ( 'NONE', *, *, #593, .T. ) ;
#358 = CARTESIAN_POINT ( 'NONE',  ( 0.000000000000000000, 0.3500000000000000333, 0.000000000000000000 ) ) ;
#359 = EDGE_LOOP ( 'NONE', ( #1696, #2061, #2587, #2519 ) ) ;
#360 = EDGE_CURVE ( 'NONE', #214, #155, #50, .T. ) ;
#361 = ORIENTED_EDGE ( 'NONE', *, *, #1898, .F. ) ;
#362 = CARTESIAN_POINT ( 'NONE',  ( 1.299999999999999822, 0.3499999999999999778, -0.9900000000000002132 ) ) ;
#363 = CIRCLE ( 'NONE', #2499, 0.1399999999999999856 ) ;
#364 = ADVANCED_FACE ( 'NONE', ( #484 ), #500, .T. ) ;
#365 = VECTOR ( 'NONE', #367, 1000.000000000000000 ) ;
#366 = AXIS2_PLACEMENT_3D ( 'NONE', #35, #2707, #1153 ) ;
#367 = DIRECTION ( 'NONE',  ( 0.000000000000000000, 1.000000000000000000, 0.000000000000000000 ) ) ;
#368 = VECTOR ( 'NONE', #2809, 999.9999999999998863 ) ;
#369 = VECTOR ( 'NONE', #2200, 1000.000000000000000 ) ;
#370 = ADVANCED_FACE ( 'NONE', ( #690, #2466 ), #929, .F. ) ;
#371 = FILL_AREA_STYLE ('',( #594 ) ) ;
#372 = EDGE_CURVE ( 'NONE', #1602, #2628, #1038, .T. ) ;
#373 = VECTOR ( 'NONE', #536, 1000.000000000000000 ) ;
#374 = CARTESIAN_POINT ( 'NONE',  ( -1.500000000000000222, 2.022153022471871786, -0.8999999999999996891 ) ) ;
#375 = CARTESIAN_POINT ( 'NONE',  ( -1.300000000000000488, 0.3499999999999999778, -0.9900000000000002132 ) ) ;
#376 = VECTOR ( 'NONE', #114, 1000.000000000000000 ) ;
#377 = ADVANCED_FACE ( 'NONE', ( #828 ), #2092, .T. ) ;
#378 = CARTESIAN_POINT ( 'NONE',  ( -0.2600000000000002864, 0.000000000000000000, 1.000000000000000000 ) ) ;
#379 = SURFACE_STYLE_USAGE ( .BOTH. , #586 ) ;
#380 = VECTOR ( 'NONE', #2813, 1000.000000000000000 ) ;
#381 = ORIENTED_EDGE ( 'NONE', *, *, #1932, .F. ) ;
#382 = DIRECTION ( 'NONE',  ( 0.000000000000000000, 0.000000000000000000, -1.000000000000000000 ) ) ;
#383 = VERTEX_POINT ( 'NONE', #137 ) ;
#384 = DIRECTION ( 'NONE',  ( -0.000000000000000000, -1.000000000000000000, -0.000000000000000000 ) ) ;
#385 = EDGE_LOOP ( 'NONE', ( #2667, #475, #2400, #1276 ) ) ;
#386 = EDGE_CURVE ( 'NONE', #1084, #169, #354, .T. ) ;
#387 = MANIFOLD_SOLID_BREP ( 'Cut-Extrude4', #1312 ) ;
#388 = DIRECTION ( 'NONE',  ( 0.000000000000000000, 0.000000000000000000, 1.000000000000000000 ) ) ;
#389 = CARTESIAN_POINT ( 'NONE',  ( 0.2599999999999998423, 2.022153022471871786, 1.550000000000000266 ) ) ;
#390 = VERTEX_POINT ( 'NONE', #1008 ) ;
#391 = CARTESIAN_POINT ( 'NONE',  ( 0.005000000000000000104, 1.167498298437621429, -0.9912382413366470635 ) ) ;
#392 = DIRECTION ( 'NONE',  ( -1.971276677246371272E-16, 0.000000000000000000, -1.000000000000000000 ) ) ;
#393 = EDGE_LOOP ( 'NONE', ( #2402, #764, #202, #2084 ) ) ;
#394 = DIRECTION ( 'NONE',  ( 1.000000000000000000, -0.000000000000000000, 4.928191693115935700E-16 ) ) ;
#395 = VERTEX_POINT ( 'NONE', #341 ) ;
#396 = PLANE ( 'NONE',  #2457 ) ;
#397 = ORIENTED_EDGE ( 'NONE', *, *, #1748, .F. ) ;
#398 = CARTESIAN_POINT ( 'NONE',  ( 0.005000000000000001839, 0.7170876595915856022, -0.9770748681882399644 ) ) ;
#399 = CARTESIAN_POINT ( 'NONE',  ( 1.250000000000000000, 0.000000000000000000, -0.8999999999999999112 ) ) ;
#400 = MANIFOLD_SOLID_BREP ( 'Boss-Extrude2[2]', #2612 ) ;
#401 = FACE_OUTER_BOUND ( 'NONE', #230, .T. ) ;
#402 = CARTESIAN_POINT ( 'NONE',  ( -1.250000000000000000, 0.1400000000000000133, -0.8999999999999995781 ) ) ;
#403 = ORIENTED_EDGE ( 'NONE', *, *, #2563, .T. ) ;
#404 = EDGE_CURVE ( 'NONE', #2514, #1818, #2540, .T. ) ;
#405 = LINE ( 'NONE', #1737, #36 ) ;
#406 = VERTEX_POINT ( 'NONE', #579 ) ;
#407 = PLANE ( 'NONE',  #1907 ) ;
#408 = ORIENTED_EDGE ( 'NONE', *, *, #43, .T. ) ;
#409 = ADVANCED_FACE ( 'NONE', ( #1920 ), #850, .T. ) ;
#410 = MANIFOLD_SOLID_BREP ( 'Boss-Extrude2[4]', #1176 ) ;
#411 =( GEOMETRIC_REPRESENTATION_CONTEXT ( 3 ) GLOBAL_UNCERTAINTY_ASSIGNED_CONTEXT ( ( #132 ) ) GLOBAL_UNIT_ASSIGNED_CONTEXT ( ( #661, #1293, #1075 ) ) REPRESENTATION_CONTEXT ( 'NONE', 'WORKASPACE' ) );
#412 = LINE ( 'NONE', #2191, #605 ) ;
#413 = VECTOR ( 'NONE', #2081, 1000.000000000000114 ) ;
#414 = VECTOR ( 'NONE', #1036, 1000.000000000000000 ) ;
#415 = CYLINDRICAL_SURFACE ( 'NONE', #2190, 0.8250000000000000666 ) ;
#416 = VECTOR ( 'NONE', #1835, 1000.000000000000000 ) ;
#417 = DIRECTION ( 'NONE',  ( 0.000000000000000000, -1.000000000000000000, 0.000000000000000000 ) ) ;
#418 = CIRCLE ( 'NONE', #935, 0.3500000000000000333 ) ;
#419 = CIRCLE ( 'NONE', #1066, 0.009999999999999998473 ) ;
#420 = LINE ( 'NONE', #1353, #2418 ) ;
#421 = VECTOR ( 'NONE', #1497, 1000.000000000000000 ) ;
#422 = ORIENTED_EDGE ( 'NONE', *, *, #1713, .T. ) ;
#423 = MANIFOLD_SOLID_BREP ( 'Fillet4', #701 ) ;
#424 = LINE ( 'NONE', #2687, #791 ) ;
#425 = ORIENTED_EDGE ( 'NONE', *, *, #1828, .F. ) ;
#426 = AXIS2_PLACEMENT_3D ( 'NONE', #1626, #1607, #2016 ) ;
#427 = CARTESIAN_POINT ( 'NONE',  ( 0.005000000000000007910, 0.5749999999999990674, -0.9249864863877742538 ) ) ;
#428 = ORIENTED_EDGE ( 'NONE', *, *, #468, .F. ) ;
#429 = MANIFOLD_SOLID_BREP ( 'Boss-Extrude2[3]', #1774 ) ;
#430 = LINE ( 'NONE', #2202, #1996 ) ;
#431 = DIRECTION ( 'NONE',  ( -0.000000000000000000, -0.000000000000000000, 1.000000000000000000 ) ) ;
#432 = CARTESIAN_POINT ( 'NONE',  ( 1.299999999999999822, 0.3499999999999999778, 1.300000000000000266 ) ) ;
#433 = EDGE_CURVE ( 'NONE', #1521, #942, #1974, .T. ) ;
#434 = DIRECTION ( 'NONE',  ( 0.000000000000000000, -0.000000000000000000, -1.000000000000000000 ) ) ;
#435 = DIRECTION ( 'NONE',  ( 3.872150616019660806E-16, 1.936075308009830304E-15, -1.000000000000000000 ) ) ;
#436 = EDGE_LOOP ( 'NONE', ( #1588, #621, #2281, #1082 ) ) ;
#437 = PLANE ( 'NONE',  #92 ) ;
#438 = EDGE_LOOP ( 'NONE', ( #2398, #545, #2295, #877 ) ) ;
#439 = DIRECTION ( 'NONE',  ( 0.000000000000000000, 0.000000000000000000, 1.000000000000000000 ) ) ;
#440 = CARTESIAN_POINT ( 'NONE',  ( -0.005000000000000004441, 1.249999999999999778, -0.9499868420141407421 ) ) ;
#441 = PLANE ( 'NONE',  #1352 ) ;
#442 = CARTESIAN_POINT ( 'NONE',  ( -1.250000000000000000, 2.022153022471871786, -0.8999999999999995781 ) ) ;
#443 = CARTESIAN_POINT ( 'NONE',  ( 0.004999999999999999237, 1.149999999999999689, -0.9999874999218739680 ) ) ;
#444 = ORIENTED_EDGE ( 'NONE', *, *, #321, .F. ) ;
#445 = CARTESIAN_POINT ( 'NONE',  ( -1.300000000000000488, 0.000000000000000000, -0.9900000000000002132 ) ) ;
#446 = VERTEX_POINT ( 'NONE', #2584 ) ;
#447 = CARTESIAN_POINT ( 'NONE',  ( -0.9499999999999998446, 2.022153022471871786, -0.3999999999999997446 ) ) ;
#448 = ORIENTED_EDGE ( 'NONE', *, *, #2821, .F. ) ;
#449 = ADVANCED_FACE ( 'NONE', ( #1742 ), #871, .T. ) ;
#450 = ORIENTED_EDGE ( 'NONE', *, *, #2842, .F. ) ;
#451 = DIRECTION ( 'NONE',  ( 0.000000000000000000, 0.000000000000000000, 1.000000000000000000 ) ) ;
#452 = EDGE_CURVE ( 'NONE', #2036, #250, #965, .T. ) ;
#453 = DIRECTION ( 'NONE',  ( 0.000000000000000000, -1.000000000000000000, 0.000000000000000000 ) ) ;
#454 = DIRECTION ( 'NONE',  ( 0.000000000000000000, 0.000000000000000000, -1.000000000000000000 ) ) ;
#455 = AXIS2_PLACEMENT_3D ( 'NONE', #1566, #2664, #2470 ) ;
#456 = CARTESIAN_POINT ( 'NONE',  ( 0.000000000000000000, 0.1650000000000000078, 0.000000000000000000 ) ) ;
#457 = AXIS2_PLACEMENT_3D ( 'NONE', #533, #1624, #2029 ) ;
#458 = AXIS2_PLACEMENT_3D ( 'NONE', #2806, #602, #812 ) ;
#459 = CARTESIAN_POINT ( 'NONE',  ( -0.2999999999999997113, 0.1400000000000000133, -1.000000000000000222 ) ) ;
#460 = ORIENTED_EDGE ( 'NONE', *, *, #807, .T. ) ;
#461 = CIRCLE ( 'NONE', #1861, 0.3500000000000000333 ) ;
#462 = CARTESIAN_POINT ( 'NONE',  ( 0.3000000000000000999, 0.1400000000000000133, -1.300000000000000266 ) ) ;
#463 = CARTESIAN_POINT ( 'NONE',  ( 0.005000000000000000104, 0.5114561714331053999, -0.9885311852839404612 ) ) ;
#464 = VECTOR ( 'NONE', #675, 1000.000000000000000 ) ;
#465 = VERTEX_POINT ( 'NONE', #2728 ) ;
#466 = CIRCLE ( 'NONE', #2101, 0.4000000000000003553 ) ;
#467 = CARTESIAN_POINT ( 'NONE',  ( -1.300000000000000488, 0.3499999999999999778, -0.9900000000000002132 ) ) ;
#468 = EDGE_CURVE ( 'NONE', #1711, #797, #1387, .T. ) ;
#469 = CARTESIAN_POINT ( 'NONE',  ( 0.000000000000000000, 0.1400000000000000133, 0.000000000000000000 ) ) ;
#470 = EDGE_CURVE ( 'NONE', #2493, #826, #2505, .T. ) ;
#471 = FACE_OUTER_BOUND ( 'NONE', #1331, .T. ) ;
#472 = EDGE_CURVE ( 'NONE', #2594, #1721, #482, .T. ) ;
#473 = LINE ( 'NONE', #246, #941 ) ;
#474 = CARTESIAN_POINT ( 'NONE',  ( -0.2600000000000005085, 0.000000000000000000, 5.125319360840575268E-17 ) ) ;
#475 = ORIENTED_EDGE ( 'NONE', *, *, #1111, .T. ) ;
#476 = CARTESIAN_POINT ( 'NONE',  ( -1.500000000000000222, -0.000000000000000000, -0.8999999999999996891 ) ) ;
#477 = PLANE ( 'NONE',  #222 ) ;
#478 = DIRECTION ( 'NONE',  ( 0.000000000000000000, 0.000000000000000000, -1.000000000000000000 ) ) ;
#479 = VERTEX_POINT ( 'NONE', #2291 ) ;
#480 = ORIENTED_EDGE ( 'NONE', *, *, #2684, .T. ) ;
#481 = CARTESIAN_POINT ( 'NONE',  ( -0.005000000000000006176, 0.5614561730476144152, -0.9385305112090231994 ) ) ;
#482 = LINE ( 'NONE', #1373, #1525 ) ;
#483 = CARTESIAN_POINT ( 'NONE',  ( -0.9500000000000000666, 0.1400000000000000133, 0.4000000000000001887 ) ) ;
#484 = FACE_OUTER_BOUND ( 'NONE', #1874, .T. ) ;
#485 = DIRECTION ( 'NONE',  ( -1.000000000000000000, -0.000000000000000000, -0.000000000000000000 ) ) ;
#486 = CARTESIAN_POINT ( 'NONE',  ( 1.250000000000000000, 0.1400000000000000133, -0.8999999999999999112 ) ) ;
#487 = CARTESIAN_POINT ( 'NONE',  ( 1.299999999999999822, 0.000000000000000000, -0.9900000000000002132 ) ) ;
#488 = CARTESIAN_POINT ( 'NONE',  ( 3.903127820947807581E-16, 0.000000000000000000, -0.8999999999999990230 ) ) ;
#489 = UNCERTAINTY_MEASURE_WITH_UNIT (LENGTH_MEASURE( 1.000000000000000082E-05 ), #1793, 'distance_accuracy_value', 'NONE');
#490 = ADVANCED_FACE ( 'NONE', ( #2275 ), #257, .T. ) ;
#491 = EDGE_CURVE ( 'NONE', #339, #2579, #277, .T. ) ;
#492 = ORIENTED_EDGE ( 'NONE', *, *, #1144, .T. ) ;
#493 = CARTESIAN_POINT ( 'NONE',  ( 1.499999999999999778, 0.1399999999999999301, 0.9000000000000003553 ) ) ;
#494 = EDGE_CURVE ( 'NONE', #2579, #465, #1574, .T. ) ;
#495 = ADVANCED_FACE ( 'NONE', ( #1837 ), #1591, .T. ) ;
#496 = ORIENTED_EDGE ( 'NONE', *, *, #565, .T. ) ;
#497 = EDGE_CURVE ( 'NONE', #1052, #2011, #2798, .T. ) ;
#498 = CARTESIAN_POINT ( 'NONE',  ( -1.300000000000000488, 0.1400000000000000133, 1.300000000000000266 ) ) ;
#499 = CARTESIAN_POINT ( 'NONE',  ( 0.2999999999999999334, 0.1650000000000000078, -0.1802775637731995895 ) ) ;
#500 = PLANE ( 'NONE',  #1225 ) ;
#501 = B_SPLINE_CURVE_WITH_KNOTS ( 'NONE', 3,
 ( #2386, #391, #1678, #1275, #2343, #1692, #626 ),
 .UNSPECIFIED., .F., .F.,
 ( 4, 3, 4 ),
 ( 0.0004821581085127584583, 0.0005408493324395636549, 0.0005939618016145386918 ),
 .UNSPECIFIED. ) ;
#502 = EDGE_LOOP ( 'NONE', ( #724, #906, #2805, #210, #835 ) ) ;
#503 = CARTESIAN_POINT ( 'NONE',  ( -0.2999999999999997669, -0.000000000000000000, -1.549999999999999600 ) ) ;
#504 = VECTOR ( 'NONE', #453, 1000.000000000000000 ) ;
#505 = ORIENTED_EDGE ( 'NONE', *, *, #620, .T. ) ;
#506 = DIRECTION ( 'NONE',  ( 0.000000000000000000, 0.000000000000000000, -1.000000000000000000 ) ) ;
#507 = VECTOR ( 'NONE', #1843, 1000.000000000000000 ) ;
#508 = DIRECTION ( 'NONE',  ( 0.000000000000000000, -1.000000000000000000, 0.000000000000000000 ) ) ;
#509 = VECTOR ( 'NONE', #29, 1000.000000000000000 ) ;
#510 = CARTESIAN_POINT ( 'NONE',  ( -0.2999999999999997113, 0.1400000000000000133, -1.000000000000000222 ) ) ;
#511 = AXIS2_PLACEMENT_3D ( 'NONE', #943, #1334, #27 ) ;
#512 = ORIENTED_EDGE ( 'NONE', *, *, #1825, .T. ) ;
#513 = AXIS2_PLACEMENT_3D ( 'NONE', #1013, #1415, #1173 ) ;
#514 = VECTOR ( 'NONE', #1785, 1000.000000000000000 ) ;
#515 = CARTESIAN_POINT ( 'NONE',  ( -0.005000000000000017451, 1.249999999999999778, -0.8249848483457137283 ) ) ;
#516 = VERTEX_POINT ( 'NONE', #2476 ) ;
#517 = VECTOR ( 'NONE', #286, 1000.000000000000000 ) ;
#518 = DIRECTION ( 'NONE',  ( -0.000000000000000000, -1.000000000000000000, -0.000000000000000000 ) ) ;
#519 = DIRECTION ( 'NONE',  ( 0.8574929257125442073, -0.000000000000000000, 0.5144957554275264577 ) ) ;
#520 = CARTESIAN_POINT ( 'NONE',  ( 0.000000000000000000, 0.2500000000000000000, 0.000000000000000000 ) ) ;
#521 = ORIENTED_EDGE ( 'NONE', *, *, #1324, .F. ) ;
#522 = DIRECTION ( 'NONE',  ( 0.000000000000000000, 0.000000000000000000, -1.000000000000000000 ) ) ;
#523 = EDGE_LOOP ( 'NONE', ( #644, #2201, #1317, #1881 ) ) ;
#524 = LINE ( 'NONE', #2252, #2180 ) ;
#525 = CARTESIAN_POINT ( 'NONE',  ( 0.9899999999999997691, 0.3499999999999999778, -1.300000000000000266 ) ) ;
#526 = DIRECTION ( 'NONE',  ( 0.000000000000000000, 0.000000000000000000, -1.000000000000000000 ) ) ;
#527 = ORIENTED_EDGE ( 'NONE', *, *, #2212, .T. ) ;
#528 = EDGE_CURVE ( 'NONE', #2605, #1669, #925, .T. ) ;
#529 = EDGE_LOOP ( 'NONE', ( #618, #2826, #2222, #262 ) ) ;
#530 = DIRECTION ( 'NONE',  ( 0.000000000000000000, 0.000000000000000000, -1.000000000000000000 ) ) ;
#531 = ORIENTED_EDGE ( 'NONE', *, *, #249, .F. ) ;
#532 = DIRECTION ( 'NONE',  ( 4.928191693115935700E-16, 0.000000000000000000, -1.000000000000000000 ) ) ;
#533 = CARTESIAN_POINT ( 'NONE',  ( 0.000000000000000000, 0.02499999999999998404, 0.000000000000000000 ) ) ;
#534 = DIRECTION ( 'NONE',  ( -0.000000000000000000, 1.000000000000000000, -0.000000000000000000 ) ) ;
#535 = ORIENTED_EDGE ( 'NONE', *, *, #1898, .T. ) ;
#536 = DIRECTION ( 'NONE',  ( 0.5144957554275263467, 0.000000000000000000, -0.8574929257125443183 ) ) ;
#537 = ORIENTED_EDGE ( 'NONE', *, *, #265, .F. ) ;
#538 = CARTESIAN_POINT ( 'NONE',  ( 0.2599999999999997868, 0.1400000000000000133, 1.000000000000000000 ) ) ;
#539 = PLANE ( 'NONE',  #610 ) ;
#540 = DIRECTION ( 'NONE',  ( 0.000000000000000000, 1.000000000000000000, 0.000000000000000000 ) ) ;
#541 = VERTEX_POINT ( 'NONE', #1782 ) ;
#542 = ORIENTED_EDGE ( 'NONE', *, *, #810, .T. ) ;
#543 = DIRECTION ( 'NONE',  ( 0.000000000000000000, 0.000000000000000000, -1.000000000000000000 ) ) ;
#544 = ADVANCED_FACE ( 'NONE', ( #47 ), #1180, .F. ) ;
#545 = ORIENTED_EDGE ( 'NONE', *, *, #1710, .T. ) ;
#546 = CARTESIAN_POINT ( 'NONE',  ( -0.2999999999999997669, 2.022153022471871786, -1.549999999999999600 ) ) ;
#547 = CARTESIAN_POINT ( 'NONE',  ( 0.000000000000000000, 0.04499999999999998446, 0.000000000000000000 ) ) ;
#548 = DIRECTION ( 'NONE',  ( 0.000000000000000000, -0.000000000000000000, -1.000000000000000000 ) ) ;
#549 = VERTEX_POINT ( 'NONE', #1605 ) ;
#550 = DIRECTION ( 'NONE',  ( 0.000000000000000000, 0.000000000000000000, 1.000000000000000000 ) ) ;
#551 = LINE ( 'NONE', #2156, #380 ) ;
#552 = LINE ( 'NONE', #2530, #2831 ) ;
#553 = COLOUR_RGB ( '',0.9019607843137255054, 0.5686274509803921351, 0.2196078431372548989 ) ;
#554 = DIRECTION ( 'NONE',  ( -0.7071067811865475727, 0.000000000000000000, 0.7071067811865475727 ) ) ;
#555 = LINE ( 'NONE', #1679, #1807 ) ;
#556 = ORIENTED_EDGE ( 'NONE', *, *, #2093, .T. ) ;
#557 = CONICAL_SURFACE ( 'NONE', #1948, 0.9250000000000000444, 0.7853981633974533860 ) ;
#558 = ORIENTED_EDGE ( 'NONE', *, *, #888, .F. ) ;
#559 = CIRCLE ( 'NONE', #793, 0.9250000000000000444 ) ;
#560 = DIRECTION ( 'NONE',  ( 0.000000000000000000, 1.000000000000000000, 0.000000000000000000 ) ) ;
#561 = CONICAL_SURFACE ( 'NONE', #1954, 0.9250000000000000444, 0.7853981633974533860 ) ;
#562 = ORIENTED_EDGE ( 'NONE', *, *, #111, .T. ) ;
#563 = EDGE_CURVE ( 'NONE', #2579, #390, #1821, .T. ) ;
#564 = LINE ( 'NONE', #1475, #2182 ) ;
#565 = EDGE_CURVE ( 'NONE', #232, #2245, #721, .T. ) ;
#566 = VECTOR ( 'NONE', #1439, 1000.000000000000000 ) ;
#567 = ORIENTED_EDGE ( 'NONE', *, *, #2218, .T. ) ;
#568 = EDGE_CURVE ( 'NONE', #2714, #2199, #419, .T. ) ;
#569 = FACE_OUTER_BOUND ( 'NONE', #2346, .T. ) ;
#570 = STYLED_ITEM ( 'NONE', ( #2365 ), #400 ) ;
#571 = DIRECTION ( 'NONE',  ( -0.000000000000000000, -1.000000000000000000, -0.000000000000000000 ) ) ;
#572 = CYLINDRICAL_SURFACE ( 'NONE', #1632, 0.1399999999999999301 ) ;
#573 = CARTESIAN_POINT ( 'NONE',  ( -1.250000000000000000, 0.000000000000000000, 0.9000000000000001332 ) ) ;
#574 = VERTEX_POINT ( 'NONE', #1792 ) ;
#575 = ORIENTED_EDGE ( 'NONE', *, *, #761, .T. ) ;
#576 = FACE_OUTER_BOUND ( 'NONE', #2771, .T. ) ;
#577 = ORIENTED_EDGE ( 'NONE', *, *, #713, .F. ) ;
#578 = DIRECTION ( 'NONE',  ( 1.000000000000000000, 0.000000000000000000, -0.000000000000000000 ) ) ;
#579 = CARTESIAN_POINT ( 'NONE',  ( -0.005000000000000092912, 0.7399999999999997691, -0.9999874999218739680 ) ) ;
#580 = ORIENTED_EDGE ( 'NONE', *, *, #1024, .T. ) ;
#581 = DIRECTION ( 'NONE',  ( -1.971276677246371272E-16, 0.000000000000000000, -1.000000000000000000 ) ) ;
#582 = EDGE_CURVE ( 'NONE', #790, #2611, #2487, .T. ) ;
#583 = ORIENTED_EDGE ( 'NONE', *, *, #472, .F. ) ;
#584 = DIRECTION ( 'NONE',  ( 0.000000000000000000, 0.000000000000000000, -1.000000000000000000 ) ) ;
#585 = ADVANCED_FACE ( 'NONE', ( #2680 ), #2247, .T. ) ;
#586 = SURFACE_SIDE_STYLE ('',( #821 ) ) ;
#587 = ORIENTED_EDGE ( 'NONE', *, *, #712, .T. ) ;
#588 = ORIENTED_EDGE ( 'NONE', *, *, #1608, .F. ) ;
#589 = CARTESIAN_POINT ( 'NONE',  ( 1.250000000000000000, 2.022153022471871786, 0.9000000000000003553 ) ) ;
#590 = EDGE_CURVE ( 'NONE', #2871, #1391, #363, .T. ) ;
#591 = ADVANCED_FACE ( 'NONE', ( #1421 ), #2399, .T. ) ;
#592 = DIRECTION ( 'NONE',  ( 0.000000000000000000, 1.000000000000000000, -0.000000000000000000 ) ) ;
#593 = EDGE_CURVE ( 'NONE', #2009, #161, #405, .T. ) ;
#594 = FILL_AREA_STYLE_COLOUR ( '', #1081 ) ;
#595 = DIRECTION ( 'NONE',  ( 0.000000000000000000, -1.000000000000000000, 0.000000000000000000 ) ) ;
#596 = ORIENTED_EDGE ( 'NONE', *, *, #2006, .F. ) ;
#597 = CARTESIAN_POINT ( 'NONE',  ( 0.004999999999999999237, 0.4999999999999997780, -0.9999874999218739680 ) ) ;
#598 = EDGE_CURVE ( 'NONE', #1145, #1156, #109, .T. ) ;
#599 = ORIENTED_EDGE ( 'NONE', *, *, #344, .T. ) ;
#600 = DIRECTION ( 'NONE',  ( 0.5144957554275267908, 0.000000000000000000, 0.8574929257125439852 ) ) ;
#601 = ORIENTED_EDGE ( 'NONE', *, *, #1859, .T. ) ;
#602 = DIRECTION ( 'NONE',  ( 0.000000000000000000, -1.000000000000000000, 0.000000000000000000 ) ) ;
#603 = VECTOR ( 'NONE', #950, 1000.000000000000000 ) ;
#604 = ORIENTED_EDGE ( 'NONE', *, *, #1060, .F. ) ;
#605 = VECTOR ( 'NONE', #645, 1000.000000000000000 ) ;
#606 = AXIS2_PLACEMENT_3D ( 'NONE', #447, #1332, #2471 ) ;
#607 = LINE ( 'NONE', #2134, #135 ) ;
#608 = VECTOR ( 'NONE', #1890, 1000.000000000000000 ) ;
#609 = SURFACE_STYLE_USAGE ( .BOTH. , #2215 ) ;
#610 = AXIS2_PLACEMENT_3D ( 'NONE', #1663, #116, #2297 ) ;
#611 = CARTESIAN_POINT ( 'NONE',  ( -0.005000000000000107657, 1.249999999999999778, -5.421010862427638689E-19 ) ) ;
#612 = LINE ( 'NONE', #1232, #329 ) ;
#613 = VECTOR ( 'NONE', #1629, 1000.000000000000114 ) ;
#614 = DIRECTION ( 'NONE',  ( 0.000000000000000000, 0.000000000000000000, -1.000000000000000000 ) ) ;
#615 = VECTOR ( 'NONE', #1182, 1000.000000000000000 ) ;
#616 = EDGE_LOOP ( 'NONE', ( #1511, #2269, #601, #2171 ) ) ;
#617 = CARTESIAN_POINT ( 'NONE',  ( 0.000000000000000000, 0.000000000000000000, 0.000000000000000000 ) ) ;
#618 = ORIENTED_EDGE ( 'NONE', *, *, #328, .F. ) ;
#619 = DIRECTION ( 'NONE',  ( 0.000000000000000000, 0.000000000000000000, -1.000000000000000000 ) ) ;
#620 = EDGE_CURVE ( 'NONE', #2207, #1651, #2376, .T. ) ;
#621 = ORIENTED_EDGE ( 'NONE', *, *, #972, .T. ) ;
#622 = CARTESIAN_POINT ( 'NONE',  ( -1.300000000000000488, 0.1400000000000000133, -0.8999999999999995781 ) ) ;
#623 = DIRECTION ( 'NONE',  ( 0.000000000000000000, 0.000000000000000000, 1.000000000000000000 ) ) ;
#624 = EDGE_CURVE ( 'NONE', #942, #1190, #1849, .T. ) ;
#625 = CARTESIAN_POINT ( 'NONE',  ( 0.3000000000000002109, 0.000000000000000000, -1.549999999999999600 ) ) ;
#626 = CARTESIAN_POINT ( 'NONE',  ( 0.005000000000000004441, 1.249999999999999778, -0.9499868420141407421 ) ) ;
#627 = FILL_AREA_STYLE_COLOUR ( '', #1443 ) ;
#628 = ADVANCED_FACE ( 'NONE', ( #2388 ), #324, .T. ) ;
#629 = ORIENTED_EDGE ( 'NONE', *, *, #2656, .T. ) ;
#630 = FACE_OUTER_BOUND ( 'NONE', #864, .T. ) ;
#631 = EDGE_LOOP ( 'NONE', ( #656, #1929, #780, #2856 ) ) ;
#632 = CARTESIAN_POINT ( 'NONE',  ( -0.2600000000000001754, 0.1400000000000000133, 1.550000000000000266 ) ) ;
#633 = ORIENTED_EDGE ( 'NONE', *, *, #896, .T. ) ;
#634 = ADVANCED_FACE ( 'NONE', ( #630 ), #1277, .F. ) ;
#635 = FACE_OUTER_BOUND ( 'NONE', #1179, .T. ) ;
#636 = DIRECTION ( 'NONE',  ( -1.971276677246371272E-16, 0.000000000000000000, -1.000000000000000000 ) ) ;
#637 = CARTESIAN_POINT ( 'NONE',  ( 1.499999999999999778, 0.000000000000000000, -0.8999999999999996891 ) ) ;
#638 = DIRECTION ( 'NONE',  ( -1.000000000000000000, 0.000000000000000000, -2.710505431213761578E-16 ) ) ;
#639 = LINE ( 'NONE', #2672, #2095 ) ;
#640 = ORIENTED_EDGE ( 'NONE', *, *, #1297, .T. ) ;
#641 = DIRECTION ( 'NONE',  ( 1.971276677246371272E-16, 0.000000000000000000, 1.000000000000000000 ) ) ;
#642 = EDGE_LOOP ( 'NONE', ( #460, #895, #1005, #422 ) ) ;
#643 = DIRECTION ( 'NONE',  ( 0.7071067811865474617, 0.000000000000000000, -0.7071067811865474617 ) ) ;
#644 = ORIENTED_EDGE ( 'NONE', *, *, #1402, .T. ) ;
#645 = DIRECTION ( 'NONE',  ( 1.000000000000000000, 0.000000000000000000, 0.000000000000000000 ) ) ;
#646 = ADVANCED_FACE ( 'NONE', ( #2159 ), #1006, .T. ) ;
#647 = VECTOR ( 'NONE', #2319, 1000.000000000000000 ) ;
#648 = AXIS2_PLACEMENT_3D ( 'NONE', #2622, #1383, #253 ) ;
#649 = AXIS2_PLACEMENT_3D ( 'NONE', #825, #1033, #1708 ) ;
#650 = STYLED_ITEM ( 'NONE', ( #861 ), #1558 ) ;
#651 = CARTESIAN_POINT ( 'NONE',  ( 0.000000000000000000, 0.4999999999999997780, 0.000000000000000000 ) ) ;
#652 = AXIS2_PLACEMENT_3D ( 'NONE', #2736, #1414, #314 ) ;
#653 = LINE ( 'NONE', #223, #1910 ) ;
#654 = ORIENTED_EDGE ( 'NONE', *, *, #1358, .F. ) ;
#655 = CARTESIAN_POINT ( 'NONE',  ( 0.2599999999999997868, 0.000000000000000000, 1.000000000000000000 ) ) ;
#656 = ORIENTED_EDGE ( 'NONE', *, *, #1523, .F. ) ;
#657 = AXIS2_PLACEMENT_3D ( 'NONE', #1691, #1274, #1469 ) ;
#658 = CARTESIAN_POINT ( 'NONE',  ( -0.2600000000000001754, 2.022153022471871786, 1.550000000000000266 ) ) ;
#659 = VERTEX_POINT ( 'NONE', #2170 ) ;
#660 = CARTESIAN_POINT ( 'NONE',  ( -0.005000000000000001839, 0.5229123404084139448, -0.9770748681882399644 ) ) ;
#661 =( LENGTH_UNIT ( ) NAMED_UNIT ( * ) SI_UNIT ( .MILLI., .METRE. ) );
#662 = DIRECTION ( 'NONE',  ( 1.000000000000000000, 0.000000000000000000, 4.928191693115935700E-16 ) ) ;
#663 = CARTESIAN_POINT ( 'NONE',  ( 0.2999999999999998224, -0.1150000000000000050, -0.8241932620511526197 ) ) ;
#664 = DIRECTION ( 'NONE',  ( 2.710505431213761578E-16, 0.000000000000000000, -1.000000000000000000 ) ) ;
#665 = ADVANCED_FACE ( 'NONE', ( #158 ), #1484, .F. ) ;
#666 = VERTEX_POINT ( 'NONE', #852 ) ;
#667 = LINE ( 'NONE', #1096, #2596 ) ;
#668 = ORIENTED_EDGE ( 'NONE', *, *, #2324, .T. ) ;
#669 = EDGE_CURVE ( 'NONE', #797, #1145, #2606, .T. ) ;
#670 = CARTESIAN_POINT ( 'NONE',  ( -1.250000000000000000, 0.1400000000000000133, -0.8999999999999995781 ) ) ;
#671 = ORIENTED_EDGE ( 'NONE', *, *, #1832, .F. ) ;
#672 = ORIENTED_EDGE ( 'NONE', *, *, #2195, .F. ) ;
#673 = CARTESIAN_POINT ( 'NONE',  ( 0.000000000000000000, 0.03499999999999998251, 0.000000000000000000 ) ) ;
#674 = DIRECTION ( 'NONE',  ( 0.000000000000000000, 0.000000000000000000, 1.000000000000000000 ) ) ;
#675 = DIRECTION ( 'NONE',  ( 1.000000000000000000, 0.000000000000000000, -8.673617379884028570E-16 ) ) ;
#676 = FACE_OUTER_BOUND ( 'NONE', #502, .T. ) ;
#677 = DIRECTION ( 'NONE',  ( 1.000000000000000000, 0.000000000000000000, 0.000000000000000000 ) ) ;
#678 = ORIENTED_EDGE ( 'NONE', *, *, #2444, .T. ) ;
#679 = CARTESIAN_POINT ( 'NONE',  ( 1.959434878635764799E-17, 0.02499999999999998404, 0.1599999999999999756 ) ) ;
#680 = ORIENTED_EDGE ( 'NONE', *, *, #869, .T. ) ;
#681 = EDGE_CURVE ( 'NONE', #1339, #1462, #1208, .T. ) ;
#682 = CARTESIAN_POINT ( 'NONE',  ( 0.005000000000000001839, 0.5229123404084139448, -0.9770748681882399644 ) ) ;
#683 = ORIENTED_EDGE ( 'NONE', *, *, #781, .T. ) ;
#684 = ORIENTED_EDGE ( 'NONE', *, *, #1824, .T. ) ;
#685 = FACE_OUTER_BOUND ( 'NONE', #297, .T. ) ;
#686 = CARTESIAN_POINT ( 'NONE',  ( 0.000000000000000000, 0.000000000000000000, 0.9000000000000003553 ) ) ;
#687 = MECHANICAL_DESIGN_GEOMETRIC_PRESENTATION_REPRESENTATION (  '', ( #1074 ), #1388 ) ;
#688 = LINE ( 'NONE', #2306, #739 ) ;
#689 = AXIS2_PLACEMENT_3D ( 'NONE', #2619, #1871, #1955 ) ;
#690 = FACE_BOUND ( 'NONE', #1604, .T. ) ;
#691 = VECTOR ( 'NONE', #174, 1000.000000000000000 ) ;
#692 = AXIS2_PLACEMENT_3D ( 'NONE', #1474, #384, #619 ) ;
#693 = CARTESIAN_POINT ( 'NONE',  ( 0.9899999999999997691, 0.3499999999999999778, -1.300000000000000266 ) ) ;
#694 = ORIENTED_EDGE ( 'NONE', *, *, #195, .F. ) ;
#695 = VECTOR ( 'NONE', #289, 1000.000000000000000 ) ;
#696 = DIRECTION ( 'NONE',  ( 0.000000000000000000, 1.000000000000000000, 0.000000000000000000 ) ) ;
#697 = CARTESIAN_POINT ( 'NONE',  ( 1.250000000000000000, 2.022153022471871786, -0.8999999999999999112 ) ) ;
#698 = FACE_OUTER_BOUND ( 'NONE', #2560, .T. ) ;
#699 = COLOUR_RGB ( '',1.000000000000000000, 1.000000000000000000, 1.000000000000000000 ) ;
#700 = ORIENTED_EDGE ( 'NONE', *, *, #2302, .T. ) ;
#701 = CLOSED_SHELL ( 'NONE', ( #1936, #2017, #1346, #1397, #591, #646, #1320, #1704, #377, #995, #108, #1406, #1786, #2404, #1656, #2571, #1619, #1468 ) ) ;
#702 = CARTESIAN_POINT ( 'NONE',  ( -0.005000000000000004441, 0.5479123417570426202, -0.9520745316921489509 ) ) ;
#703 = PRESENTATION_LAYER_ASSIGNMENT (  '', '', ( #570 ) ) ;
#704 = CARTESIAN_POINT ( 'NONE',  ( 0.000000000000000000, 1.059999999999999831, -5.929230630780092513E-17 ) ) ;
#705 = DIRECTION ( 'NONE',  ( -4.928191693115935700E-16, 0.000000000000000000, 1.000000000000000000 ) ) ;
#706 = DIRECTION ( 'NONE',  ( 0.000000000000000000, 1.000000000000000000, 0.000000000000000000 ) ) ;
#707 = CARTESIAN_POINT ( 'NONE',  ( 0.000000000000000000, 1.059999999999999831, -5.929230630780092513E-17 ) ) ;
#708 = EDGE_CURVE ( 'NONE', #212, #446, #2087, .T. ) ;
#709 = ADVANCED_FACE ( 'NONE', ( #989 ), #1065, .F. ) ;
#710 = ORIENTED_EDGE ( 'NONE', *, *, #2143, .T. ) ;
#711 = CARTESIAN_POINT ( 'NONE',  ( 1.250000000000000000, 0.000000000000000000, 0.9000000000000003553 ) ) ;
#712 = EDGE_CURVE ( 'NONE', #747, #2416, #2538, .T. ) ;
#713 = EDGE_CURVE ( 'NONE', #11, #856, #1654, .T. ) ;
#714 = CARTESIAN_POINT ( 'NONE',  ( -1.250000000000000000, 2.022153022471871786, 0.9000000000000001332 ) ) ;
#715 = CARTESIAN_POINT ( 'NONE',  ( 0.000000000000000000, -0.8813708498984769157, 0.4000000000000003553 ) ) ;
#716 = ADVANCED_FACE ( 'NONE', ( #2774 ), #823, .T. ) ;
#717 = ADVANCED_FACE ( 'NONE', ( #1761 ), #557, .T. ) ;
#718 = ORIENTED_EDGE ( 'NONE', *, *, #1531, .F. ) ;
#719 = VERTEX_POINT ( 'NONE', #876 ) ;
#720 = CARTESIAN_POINT ( 'NONE',  ( -0.005000000000000092912, 0.4999999999999997780, -0.9999874999218739680 ) ) ;
#721 = LINE ( 'NONE', #2669, #504 ) ;
#722 = PLANE ( 'NONE',  #2803 ) ;
#723 = CARTESIAN_POINT ( 'NONE',  ( -1.249999999999999778, 0.1399999999999999301, 0.9000000000000001332 ) ) ;
#724 = ORIENTED_EDGE ( 'NONE', *, *, #2408, .F. ) ;
#725 = CARTESIAN_POINT ( 'NONE',  ( 0.000000000000000000, 0.3500000000000000333, -1.000000000000000222 ) ) ;
#726 = CARTESIAN_POINT ( 'NONE',  ( 4.898587196589417389E-17, 0.2500000000000000000, -0.4000000000000003553 ) ) ;
#727 = LINE ( 'NONE', #2783, #744 ) ;
#728 = UNCERTAINTY_MEASURE_WITH_UNIT (LENGTH_MEASURE( 1.000000000000000082E-05 ), #1063, 'distance_accuracy_value', 'NONE');
#729 = VERTEX_POINT ( 'NONE', #679 ) ;
#730 = ORIENTED_EDGE ( 'NONE', *, *, #1243, .F. ) ;
#731 = CARTESIAN_POINT ( 'NONE',  ( -1.500000000000000222, 2.022153022471871786, 0.9000000000000003553 ) ) ;
#732 = ORIENTED_EDGE ( 'NONE', *, *, #2866, .T. ) ;
#733 = DIRECTION ( 'NONE',  ( 0.000000000000000000, -0.000000000000000000, -1.000000000000000000 ) ) ;
#734 = CARTESIAN_POINT ( 'NONE',  ( 0.000000000000000000, 1.059999999999999831, -5.929230630780092513E-17 ) ) ;
#735 = CYLINDRICAL_SURFACE ( 'NONE', #426, 0.3499999999999999778 ) ;
#736 = EDGE_LOOP ( 'NONE', ( #944, #284, #1526, #1836 ) ) ;
#737 = LINE ( 'NONE', #1812, #613 ) ;
#738 = EDGE_CURVE ( 'NONE', #977, #2815, #1330, .T. ) ;
#739 = VECTOR ( 'NONE', #2525, 1000.000000000000000 ) ;
#740 = ORIENTED_EDGE ( 'NONE', *, *, #568, .F. ) ;
#741 = CARTESIAN_POINT ( 'NONE',  ( -0.2999999999999997113, 0.02499999999999998404, -0.8241932620511526197 ) ) ;
#742 = CIRCLE ( 'NONE', #1030, 0.8250000000000000666 ) ;
#743 = DIRECTION ( 'NONE',  ( 1.084202172485504434E-16, -0.000000000000000000, 1.000000000000000000 ) ) ;
#744 = VECTOR ( 'NONE', #763, 1000.000000000000000 ) ;
#745 = CARTESIAN_POINT ( 'NONE',  ( -0.2600000000000000644, 0.1399999999999999301, 1.550000000000000266 ) ) ;
#746 = VECTOR ( 'NONE', #188, 1000.000000000000000 ) ;
#747 = VERTEX_POINT ( 'NONE', #1553 ) ;
#748 = VECTOR ( 'NONE', #2532, 1000.000000000000000 ) ;
#749 = ORIENTED_EDGE ( 'NONE', *, *, #2353, .F. ) ;
#750 = VECTOR ( 'NONE', #1659, 1000.000000000000000 ) ;
#751 = PLANE ( 'NONE',  #322 ) ;
#752 = VECTOR ( 'NONE', #1964, 1000.000000000000000 ) ;
#753 = DIRECTION ( 'NONE',  ( -1.000000000000000000, 0.000000000000000000, 0.000000000000000000 ) ) ;
#754 = VECTOR ( 'NONE', #1519, 1000.000000000000000 ) ;
#755 = CYLINDRICAL_SURFACE ( 'NONE', #1952, 0.1399999999999999301 ) ;
#756 = CARTESIAN_POINT ( 'NONE',  ( -0.005000000000000092912, 1.149999999999999689, -0.9999874999218739680 ) ) ;
#757 = ORIENTED_EDGE ( 'NONE', *, *, #708, .T. ) ;
#758 = CARTESIAN_POINT ( 'NONE',  ( -0.9500000000000000666, 0.000000000000000000, 0.4000000000000001887 ) ) ;
#759 = ORIENTED_EDGE ( 'NONE', *, *, #598, .T. ) ;
#760 = CARTESIAN_POINT ( 'NONE',  ( 1.714505518806294391E-17, 0.03499999999999998251, 0.1399999999999999856 ) ) ;
#761 = EDGE_CURVE ( 'NONE', #2257, #169, #2740, .T. ) ;
#762 = CYLINDRICAL_SURFACE ( 'NONE', #180, 0.1400000000000000411 ) ;
#763 = DIRECTION ( 'NONE',  ( -2.710505431213761578E-16, 0.000000000000000000, 1.000000000000000000 ) ) ;
#764 = ORIENTED_EDGE ( 'NONE', *, *, #1982, .F. ) ;
#765 = ORIENTED_EDGE ( 'NONE', *, *, #2051, .F. ) ;
#766 = CARTESIAN_POINT ( 'NONE',  ( -0.2999999999999998224, 0.1650000000000000078, -0.1802775637731998670 ) ) ;
#767 = CARTESIAN_POINT ( 'NONE',  ( 0.2599999999999997868, 0.3499999999999999778, 1.300000000000000266 ) ) ;
#768 = DIRECTION ( 'NONE',  ( -4.928191693115935700E-16, 0.000000000000000000, 1.000000000000000000 ) ) ;
#769 = CARTESIAN_POINT ( 'NONE',  ( 4.898587196589417389E-17, 0.2500000000000000000, -0.4000000000000003553 ) ) ;
#770 = VERTEX_POINT ( 'NONE', #201 ) ;
#771 = DIRECTION ( 'NONE',  ( 0.000000000000000000, -1.000000000000000000, -2.371692252312040949E-16 ) ) ;
#772 = CARTESIAN_POINT ( 'NONE',  ( -1.250000000000000000, 0.000000000000000000, 0.9000000000000001332 ) ) ;
#773 = DIRECTION ( 'NONE',  ( 0.000000000000000000, 0.000000000000000000, 1.000000000000000000 ) ) ;
#774 = CARTESIAN_POINT ( 'NONE',  ( 1.250000000000000000, 0.1399999999999999301, -0.8999999999999999112 ) ) ;
#775 = CARTESIAN_POINT ( 'NONE',  ( -0.9500000000000000666, 0.000000000000000000, 0.4000000000000001887 ) ) ;
#776 = EDGE_LOOP ( 'NONE', ( #1780, #1498, #765, #2575 ) ) ;
#777 = ORIENTED_EDGE ( 'NONE', *, *, #1896, .T. ) ;
#778 = FACE_OUTER_BOUND ( 'NONE', #2845, .T. ) ;
#779 = EDGE_CURVE ( 'NONE', #1491, #1183, #1355, .T. ) ;
#780 = ORIENTED_EDGE ( 'NONE', *, *, #568, .T. ) ;
#781 = EDGE_CURVE ( 'NONE', #666, #1035, #424, .T. ) ;
#782 = CARTESIAN_POINT ( 'NONE',  ( 0.000000000000000000, 0.000000000000000000, 0.000000000000000000 ) ) ;
#783 = SURFACE_SIDE_STYLE ('',( #309 ) ) ;
#784 = VERTEX_POINT ( 'NONE', #1583 ) ;
#785 = PLANE ( 'NONE',  #843 ) ;
#786 = B_SPLINE_CURVE_WITH_KNOTS ( 'NONE', 3,
 ( #2027, #481, #702, #1372, #660, #2014, #720 ),
 .UNSPECIFIED., .F., .F.,
 ( 4, 3, 4 ),
 ( 0.0004456711725327256509, 0.0005031331835646195684, 0.0005517379063892386814 ),
 .UNSPECIFIED. ) ;
#787 = CARTESIAN_POINT ( 'NONE',  ( 0.9500000000000000666, 0.000000000000000000, -0.3999999999999997446 ) ) ;
#788 = CARTESIAN_POINT ( 'NONE',  ( 1.499999999999999778, 0.000000000000000000, 0.9000000000000003553 ) ) ;
#789 = CARTESIAN_POINT ( 'NONE',  ( 0.000000000000000000, 0.2500000000000000000, 0.000000000000000000 ) ) ;
#790 = VERTEX_POINT ( 'NONE', #1777 ) ;
#791 = VECTOR ( 'NONE', #2198, 1000.000000000000000 ) ;
#792 = ORIENTED_EDGE ( 'NONE', *, *, #2043, .F. ) ;
#793 = AXIS2_PLACEMENT_3D ( 'NONE', #196, #2749, #49 ) ;
#794 = CARTESIAN_POINT ( 'NONE',  ( 0.9899999999999997691, 0.000000000000000000, -1.300000000000000266 ) ) ;
#795 = VECTOR ( 'NONE', #1068, 1000.000000000000000 ) ;
#796 = AXIS2_PLACEMENT_3D ( 'NONE', #302, #1664, #290 ) ;
#797 = VERTEX_POINT ( 'NONE', #476 ) ;
#798 = CIRCLE ( 'NONE', #2651, 0.009999999999999998473 ) ;
#799 = AXIS2_PLACEMENT_3D ( 'NONE', #294, #2700, #2449 ) ;
#800 = EDGE_CURVE ( 'NONE', #159, #2760, #2674, .T. ) ;
#801 = CARTESIAN_POINT ( 'NONE',  ( 0.000000000000000000, 0.3499999999999999778, 0.4000000000000003553 ) ) ;
#802 = AXIS2_PLACEMENT_3D ( 'NONE', #2754, #1646, #1875 ) ;
#803 = AXIS2_PLACEMENT_3D ( 'NONE', #1810, #1657, #548 ) ;
#804 = ORIENTED_EDGE ( 'NONE', *, *, #2738, .F. ) ;
#805 = DIRECTION ( 'NONE',  ( 0.000000000000000000, -5.324207097027028900E-15, 1.000000000000000000 ) ) ;
#806 = CARTESIAN_POINT ( 'NONE',  ( 0.9500000000000000666, 0.000000000000000000, -0.3999999999999997446 ) ) ;
#807 = EDGE_CURVE ( 'NONE', #113, #2036, #1069, .T. ) ;
#808 = FACE_OUTER_BOUND ( 'NONE', #436, .T. ) ;
#809 = VERTEX_POINT ( 'NONE', #462 ) ;
#810 = EDGE_CURVE ( 'NONE', #2318, #446, #2877, .T. ) ;
#811 = ORIENTED_EDGE ( 'NONE', *, *, #2781, .F. ) ;
#812 = DIRECTION ( 'NONE',  ( 0.000000000000000000, 0.000000000000000000, -1.000000000000000000 ) ) ;
#813 = EDGE_CURVE ( 'NONE', #2094, #1339, #1788, .T. ) ;
#814 = ORIENTED_EDGE ( 'NONE', *, *, #870, .T. ) ;
#815 = DIRECTION ( 'NONE',  ( -0.000000000000000000, -1.000000000000000000, -0.000000000000000000 ) ) ;
#816 = DIRECTION ( 'NONE',  ( -0.000000000000000000, -1.000000000000000000, -0.000000000000000000 ) ) ;
#817 = ORIENTED_EDGE ( 'NONE', *, *, #2410, .F. ) ;
#818 = DIRECTION ( 'NONE',  ( -1.000000000000000000, 0.000000000000000000, 0.000000000000000000 ) ) ;
#819 = CARTESIAN_POINT ( 'NONE',  ( -0.9499999999999999556, 0.1399999999999999301, -0.3999999999999998557 ) ) ;
#820 = FACE_OUTER_BOUND ( 'NONE', #145, .T. ) ;
#821 = SURFACE_STYLE_FILL_AREA ( #144 ) ;
#822 = ORIENTED_EDGE ( 'NONE', *, *, #2350, .T. ) ;
#823 = PLANE ( 'NONE',  #2641 ) ;
#824 = VERTEX_POINT ( 'NONE', #1797 ) ;
#825 = CARTESIAN_POINT ( 'NONE',  ( -0.2999999999999997113, 2.022153022471871786, -1.000000000000000222 ) ) ;
#826 = VERTEX_POINT ( 'NONE', #907 ) ;
#827 = CARTESIAN_POINT ( 'NONE',  ( 1.499999999999999778, 2.022153022471871786, -0.8999999999999996891 ) ) ;
#828 = FACE_OUTER_BOUND ( 'NONE', #2880, .T. ) ;
#829 = CARTESIAN_POINT ( 'NONE',  ( 0.3000000000000002109, 0.000000000000000000, -1.549999999999999600 ) ) ;
#830 = CARTESIAN_POINT ( 'NONE',  ( -0.9900000000000006573, 0.000000000000000000, -1.300000000000000266 ) ) ;
#831 = LINE ( 'NONE', #1908, #1492 ) ;
#832 = ADVANCED_FACE ( 'NONE', ( #1128 ), #1990, .T. ) ;
#833 = ORIENTED_EDGE ( 'NONE', *, *, #321, .T. ) ;
#834 = DIRECTION ( 'NONE',  ( 1.000000000000000000, -0.000000000000000000, -0.000000000000000000 ) ) ;
#835 = ORIENTED_EDGE ( 'NONE', *, *, #2325, .F. ) ;
#836 = DIRECTION ( 'NONE',  ( 0.000000000000000000, 0.000000000000000000, 1.000000000000000000 ) ) ;
#837 = VECTOR ( 'NONE', #2208, 1000.000000000000114 ) ;
#838 = ORIENTED_EDGE ( 'NONE', *, *, #2256, .F. ) ;
#839 = AXIS2_PLACEMENT_3D ( 'NONE', #658, #1545, #2455 ) ;
#840 = LINE ( 'NONE', #1600, #691 ) ;
#841 = VECTOR ( 'NONE', #2250, 1000.000000000000000 ) ;
#842 = PRESENTATION_STYLE_ASSIGNMENT (( #609 ) ) ;
#843 = AXIS2_PLACEMENT_3D ( 'NONE', #1673, #2586, #1477 ) ;
#844 = CARTESIAN_POINT ( 'NONE',  ( 0.000000000000000000, 1.059999999999999831, -5.929230630780092513E-17 ) ) ;
#845 = EDGE_CURVE ( 'NONE', #383, #996, #667, .T. ) ;
#846 = PLANE ( 'NONE',  #2007 ) ;
#847 = CIRCLE ( 'NONE', #2464, 0.4000000000000003553 ) ;
#848 = DIRECTION ( 'NONE',  ( -1.000000000000000000, -0.000000000000000000, -0.000000000000000000 ) ) ;
#849 = CARTESIAN_POINT ( 'NONE',  ( -0.2600000000000001754, 0.1400000000000000133, 1.550000000000000266 ) ) ;
#850 = CONICAL_SURFACE ( 'NONE', #1227, 1.000000000000000000, 0.4636476090008069817 ) ;
#851 = ORIENTED_EDGE ( 'NONE', *, *, #494, .F. ) ;
#852 = CARTESIAN_POINT ( 'NONE',  ( 0.2999999999999999334, 0.1399999999999999301, -1.035806737948847367 ) ) ;
#853 = EDGE_CURVE ( 'NONE', #155, #2514, #185, .T. ) ;
#854 = ORIENTED_EDGE ( 'NONE', *, *, #2135, .T. ) ;
#855 = CARTESIAN_POINT ( 'NONE',  ( 1.499999999999999778, 0.1400000000000000133, 0.9000000000000003553 ) ) ;
#856 = VERTEX_POINT ( 'NONE', #1543 ) ;
#857 = DIRECTION ( 'NONE',  ( -0.000000000000000000, -1.000000000000000000, -0.000000000000000000 ) ) ;
#858 = CARTESIAN_POINT ( 'NONE',  ( 0.000000000000000000, 0.1650000000000000078, 0.000000000000000000 ) ) ;
#859 = LINE ( 'NONE', #1108, #754 ) ;
#860 = CARTESIAN_POINT ( 'NONE',  ( 0.000000000000000000, 0.3499999999999999778, 0.000000000000000000 ) ) ;
#861 = PRESENTATION_STYLE_ASSIGNMENT (( #379 ) ) ;
#862 = ORIENTED_EDGE ( 'NONE', *, *, #2516, .F. ) ;
#863 = DIRECTION ( 'NONE',  ( 1.000000000000000000, -0.000000000000000000, -9.856383386231871153E-17 ) ) ;
#864 = EDGE_LOOP ( 'NONE', ( #2230, #1412, #1752, #629 ) ) ;
#865 = CARTESIAN_POINT ( 'NONE',  ( 0.000000000000000000, 0.000000000000000000, 0.000000000000000000 ) ) ;
#866 = EDGE_CURVE ( 'NONE', #1250, #2284, #2242, .T. ) ;
#867 = ORIENTED_EDGE ( 'NONE', *, *, #1950, .T. ) ;
#868 = LINE ( 'NONE', #2691, #2141 ) ;
#869 = EDGE_CURVE ( 'NONE', #1916, #250, #1479, .T. ) ;
#870 = EDGE_CURVE ( 'NONE', #1250, #316, #742, .T. ) ;
#871 = PLANE ( 'NONE',  #1308 ) ;
#872 = FILL_AREA_STYLE_COLOUR ( '', #699 ) ;
#873 = CARTESIAN_POINT ( 'NONE',  ( -1.250000000000000000, 0.1400000000000000133, 0.9000000000000001332 ) ) ;
#874 = FACE_OUTER_BOUND ( 'NONE', #1609, .T. ) ;
#875 = ORIENTED_EDGE ( 'NONE', *, *, #2114, .T. ) ;
#876 = CARTESIAN_POINT ( 'NONE',  ( 0.005000000000000007910, 0.5749999999999990674, -0.9249864863877742538 ) ) ;
#877 = ORIENTED_EDGE ( 'NONE', *, *, #2410, .T. ) ;
#878 = CARTESIAN_POINT ( 'NONE',  ( -0.2999999999999998224, 0.02499999999999998404, -0.1802775637731998670 ) ) ;
#879 = ORIENTED_EDGE ( 'NONE', *, *, #1873, .T. ) ;
#880 = FACE_OUTER_BOUND ( 'NONE', #1682, .T. ) ;
#881 =( NAMED_UNIT ( * ) SI_UNIT ( $, .STERADIAN. ) SOLID_ANGLE_UNIT ( ) );
#882 = AXIS2_PLACEMENT_3D ( 'NONE', #84, #1862, #773 ) ;
#883 = EDGE_CURVE ( 'NONE', #666, #2533, #2789, .T. ) ;
#884 = VECTOR ( 'NONE', #2267, 1000.000000000000000 ) ;
#885 = FILL_AREA_STYLE ('',( #872 ) ) ;
#886 = PRODUCT_DEFINITION_FORMATION_WITH_SPECIFIED_SOURCE ( 'ANY', '', #2632, .NOT_KNOWN. ) ;
#887 = DIRECTION ( 'NONE',  ( -1.000000000000000000, -0.000000000000000000, -0.000000000000000000 ) ) ;
#888 = EDGE_CURVE ( 'NONE', #1617, #1221, #2022, .T. ) ;
#889 = CIRCLE ( 'NONE', #2231, 1.000000000000000222 ) ;
#890 = CARTESIAN_POINT ( 'NONE',  ( -1.500000000000000222, 0.1399999999999999301, -0.8999999999999996891 ) ) ;
#891 = VECTOR ( 'NONE', #2355, 1000.000000000000000 ) ;
#892 = VERTEX_POINT ( 'NONE', #2481 ) ;
#893 = EDGE_CURVE ( 'NONE', #993, #1054, #1213, .T. ) ;
#894 = DIRECTION ( 'NONE',  ( -0.7071067811865474617, -0.000000000000000000, 0.7071067811865474617 ) ) ;
#895 = ORIENTED_EDGE ( 'NONE', *, *, #452, .T. ) ;
#896 = EDGE_CURVE ( 'NONE', #2094, #2293, #978, .T. ) ;
#897 = VECTOR ( 'NONE', #1660, 1000.000000000000000 ) ;
#898 = DIRECTION ( 'NONE',  ( -1.224646799147352714E-16, 0.000000000000000000, -1.000000000000000000 ) ) ;
#899 = ORIENTED_EDGE ( 'NONE', *, *, #598, .F. ) ;
#900 = ADVANCED_FACE ( 'NONE', ( #997 ), #1216, .F. ) ;
#901 = DIRECTION ( 'NONE',  ( 3.872150616019660806E-16, 0.000000000000000000, -1.000000000000000000 ) ) ;
#902 = CARTESIAN_POINT ( 'NONE',  ( 0.000000000000000000, 0.3499999999999999778, 0.4000000000000003553 ) ) ;
#903 = DIRECTION ( 'NONE',  ( -0.000000000000000000, -1.000000000000000000, -0.000000000000000000 ) ) ;
#904 = EDGE_CURVE ( 'NONE', #2871, #574, #2502, .T. ) ;
#905 = DIRECTION ( 'NONE',  ( 0.000000000000000000, -1.000000000000000000, -0.000000000000000000 ) ) ;
#906 = ORIENTED_EDGE ( 'NONE', *, *, #2019, .T. ) ;
#907 = CARTESIAN_POINT ( 'NONE',  ( -0.2600000000000002864, 0.000000000000000000, 1.000000000000000000 ) ) ;
#908 = ORIENTED_EDGE ( 'NONE', *, *, #1918, .T. ) ;
#909 = PLANE ( 'NONE',  #606 ) ;
#910 = ORIENTED_EDGE ( 'NONE', *, *, #1019, .F. ) ;
#911 = ORIENTED_EDGE ( 'NONE', *, *, #2233, .T. ) ;
#912 = DIRECTION ( 'NONE',  ( -0.000000000000000000, -1.000000000000000000, -0.000000000000000000 ) ) ;
#913 = CARTESIAN_POINT ( 'NONE',  ( 1.299999999999999822, 0.3499999999999999778, 0.9000000000000003553 ) ) ;
#914 = FACE_OUTER_BOUND ( 'NONE', #1132, .T. ) ;
#915 = DIRECTION ( 'NONE',  ( -0.000000000000000000, -1.000000000000000000, -0.000000000000000000 ) ) ;
#916 = CARTESIAN_POINT ( 'NONE',  ( 0.000000000000000000, 0.1650000000000000078, 0.000000000000000000 ) ) ;
#917 = ORIENTED_EDGE ( 'NONE', *, *, #2717, .T. ) ;
#918 = DIRECTION ( 'NONE',  ( 0.000000000000000000, 0.000000000000000000, 1.000000000000000000 ) ) ;
#919 = DIRECTION ( 'NONE',  ( 0.000000000000000000, -1.000000000000000000, 0.000000000000000000 ) ) ;
#920 = LINE ( 'NONE', #24, #2832 ) ;
#921 = ORIENTED_EDGE ( 'NONE', *, *, #1592, .T. ) ;
#922 = ORIENTED_EDGE ( 'NONE', *, *, #2152, .F. ) ;
#923 = DIRECTION ( 'NONE',  ( -0.000000000000000000, 1.000000000000000000, -0.000000000000000000 ) ) ;
#924 = B_SPLINE_CURVE_WITH_KNOTS ( 'NONE', 3,
 ( #1764, #463, #682, #12, #1154, #2034, #427 ),
 .UNSPECIFIED., .F., .F.,
 ( 4, 3, 4 ),
 ( 0.0004545284607366810621, 0.0005031331835615923675, 0.0005605951945938321456 ),
 .UNSPECIFIED. ) ;
#925 = LINE ( 'NONE', #2463, #181 ) ;
#926 = ADVANCED_FACE ( 'NONE', ( #1815 ), #1662, .T. ) ;
#927 = LINE ( 'NONE', #483, #2413 ) ;
#928 = VECTOR ( 'NONE', #251, 1000.000000000000000 ) ;
#929 = PLANE ( 'NONE',  #803 ) ;
#930 = CIRCLE ( 'NONE', #2600, 0.4000000000000003553 ) ;
#931 = EDGE_CURVE ( 'NONE', #1916, #2469, #552, .T. ) ;
#932 = VECTOR ( 'NONE', #1404, 1000.000000000000114 ) ;
#933 = CARTESIAN_POINT ( 'NONE',  ( -0.2600000000000002864, 0.1399999999999999301, 1.000000000000000000 ) ) ;
#934 = ORIENTED_EDGE ( 'NONE', *, *, #1621, .F. ) ;
#935 = AXIS2_PLACEMENT_3D ( 'NONE', #916, #1109, #1747 ) ;
#936 = DIRECTION ( 'NONE',  ( 0.000000000000000000, 0.000000000000000000, -1.000000000000000000 ) ) ;
#937 = FACE_OUTER_BOUND ( 'NONE', #1601, .T. ) ;
#938 = CARTESIAN_POINT ( 'NONE',  ( 0.2599999999999997868, 0.000000000000000000, 1.000000000000000000 ) ) ;
#939 = COLOUR_RGB ( '',0.9019607843137255054, 0.5686274509803921351, 0.2196078431372548989 ) ;
#940 = ORIENTED_EDGE ( 'NONE', *, *, #2534, .T. ) ;
#941 = VECTOR ( 'NONE', #947, 1000.000000000000000 ) ;
#942 = VERTEX_POINT ( 'NONE', #741 ) ;
#943 = CARTESIAN_POINT ( 'NONE',  ( -1.500000000000000222, 2.022153022471871786, -0.8999999999999996891 ) ) ;
#944 = ORIENTED_EDGE ( 'NONE', *, *, #2044, .F. ) ;
#945 = DIRECTION ( 'NONE',  ( 0.000000000000000000, -1.000000000000000000, -0.000000000000000000 ) ) ;
#946 = PLANE ( 'NONE',  #2879 ) ;
#947 = DIRECTION ( 'NONE',  ( -9.856383386231871153E-17, 0.000000000000000000, -1.000000000000000000 ) ) ;
#948 = LINE ( 'NONE', #2705, #1865 ) ;
#949 = ORIENTED_EDGE ( 'NONE', *, *, #1878, .F. ) ;
#950 = DIRECTION ( 'NONE',  ( -0.000000000000000000, -0.000000000000000000, 1.000000000000000000 ) ) ;
#951 = DIRECTION ( 'NONE',  ( 0.000000000000000000, -1.000000000000000000, 0.000000000000000000 ) ) ;
#952 = PLANE ( 'NONE',  #1769 ) ;
#953 = ORIENTED_EDGE ( 'NONE', *, *, #386, .T. ) ;
#954 = ORIENTED_EDGE ( 'NONE', *, *, #2214, .F. ) ;
#955 = CARTESIAN_POINT ( 'NONE',  ( 4.898587196589417389E-17, -0.8813708498984769157, -0.4000000000000003553 ) ) ;
#956 = EDGE_CURVE ( 'NONE', #2133, #770, #524, .T. ) ;
#957 = ORIENTED_EDGE ( 'NONE', *, *, #1451, .T. ) ;
#958 = DIRECTION ( 'NONE',  ( 0.000000000000000000, 0.000000000000000000, -1.000000000000000000 ) ) ;
#959 = LINE ( 'NONE', #2702, #2040 ) ;
#960 = PLANE ( 'NONE',  #1686 ) ;
#961 = ORIENTED_EDGE ( 'NONE', *, *, #1001, .T. ) ;
#962 = CARTESIAN_POINT ( 'NONE',  ( -0.005000000000000004441, 1.249999999999999778, -0.9499868420141407421 ) ) ;
#963 = ORIENTED_EDGE ( 'NONE', *, *, #2568, .T. ) ;
#964 = LINE ( 'NONE', #1186, #1483 ) ;
#965 = B_SPLINE_CURVE_WITH_KNOTS ( 'NONE', 3,
 ( #440, #217, #2405, #1756, #2635, #1622, #1405 ),
 .UNSPECIFIED., .F., .F.,
 ( 4, 3, 4 ),
 ( 0.0004877368632651636789, 0.0005408493324400873246, 0.0005995405563668357090 ),
 .UNSPECIFIED. ) ;
#966 = DIRECTION ( 'NONE',  ( 0.000000000000000000, -1.000000000000000000, 0.000000000000000000 ) ) ;
#967 = DIRECTION ( 'NONE',  ( 0.000000000000000000, 1.000000000000000000, 0.000000000000000000 ) ) ;
#968 = ORIENTED_EDGE ( 'NONE', *, *, #1892, .F. ) ;
#969 = LINE ( 'NONE', #955, #416 ) ;
#970 = DIRECTION ( 'NONE',  ( 2.710505431213761578E-16, 0.000000000000000000, -1.000000000000000000 ) ) ;
#971 = CARTESIAN_POINT ( 'NONE',  ( 0.000000000000000000, 0.2500000000000000000, 0.000000000000000000 ) ) ;
#972 = EDGE_CURVE ( 'NONE', #1354, #2447, #2033, .T. ) ;
#973 = ORIENTED_EDGE ( 'NONE', *, *, #681, .F. ) ;
#974 = DIRECTION ( 'NONE',  ( 0.000000000000000000, -1.000000000000000000, 0.000000000000000000 ) ) ;
#975 = VECTOR ( 'NONE', #93, 1000.000000000000000 ) ;
#976 = ADVANCED_FACE ( 'NONE', ( #1381 ), #2285, .F. ) ;
#977 = VERTEX_POINT ( 'NONE', #711 ) ;
#978 = LINE ( 'NONE', #486, #507 ) ;
#979 = CIRCLE ( 'NONE', #1440, 0.009999999999999998473 ) ;
#980 = LINE ( 'NONE', #2708, #2697 ) ;
#981 = FACE_OUTER_BOUND ( 'NONE', #1776, .T. ) ;
#982 = VECTOR ( 'NONE', #2397, 1000.000000000000114 ) ;
#983 = ORIENTED_EDGE ( 'NONE', *, *, #590, .T. ) ;
#984 = ORIENTED_EDGE ( 'NONE', *, *, #2255, .T. ) ;
#985 = AXIS2_PLACEMENT_3D ( 'NONE', #2406, #662, #218 ) ;
#986 = LINE ( 'NONE', #766, #746 ) ;
#987 = ORIENTED_EDGE ( 'NONE', *, *, #348, .F. ) ;
#988 = VECTOR ( 'NONE', #2779, 1000.000000000000000 ) ;
#989 = FACE_OUTER_BOUND ( 'NONE', #2160, .T. ) ;
#990 = AXIS2_PLACEMENT_3D ( 'NONE', #1784, #1758, #1311 ) ;
#991 =( NAMED_UNIT ( * ) SI_UNIT ( $, .STERADIAN. ) SOLID_ANGLE_UNIT ( ) );
#992 = SURFACE_STYLE_USAGE ( .BOTH. , #152 ) ;
#993 = VERTEX_POINT ( 'NONE', #1426 ) ;
#994 = DIRECTION ( 'NONE',  ( -0.000000000000000000, -1.000000000000000000, -0.000000000000000000 ) ) ;
#995 = ADVANCED_FACE ( 'NONE', ( #2310, #313 ), #2735, .T. ) ;
#996 = VERTEX_POINT ( 'NONE', #1598 ) ;
#997 = FACE_OUTER_BOUND ( 'NONE', #2072, .T. ) ;
#998 = DIRECTION ( 'NONE',  ( 1.000000000000000000, 0.000000000000000000, -0.000000000000000000 ) ) ;
#999 = EDGE_CURVE ( 'NONE', #2839, #1818, #263, .T. ) ;
#1000 = CARTESIAN_POINT ( 'NONE',  ( 0.2999999999999998224, 0.01250000000000000590, -0.8820184295822546261 ) ) ;
#1001 = EDGE_CURVE ( 'NONE', #224, #892, #1396, .T. ) ;
#1002 = ORIENTED_EDGE ( 'NONE', *, *, #1111, .F. ) ;
#1003 = EDGE_LOOP ( 'NONE', ( #1430, #633, #911, #973 ) ) ;
#1004 = CARTESIAN_POINT ( 'NONE',  ( 0.2999999999999999334, 0.02499999999999998404, -0.8241932620511526197 ) ) ;
#1005 = ORIENTED_EDGE ( 'NONE', *, *, #869, .F. ) ;
#1006 = PLANE ( 'NONE',  #2368 ) ;
#1007 = CARTESIAN_POINT ( 'NONE',  ( 1.499999999999999778, 0.1399999999999999301, 0.9000000000000004663 ) ) ;
#1008 = CARTESIAN_POINT ( 'NONE',  ( 1.250000000000000000, 0.000000000000000000, 0.9000000000000002442 ) ) ;
#1009 = ORIENTED_EDGE ( 'NONE', *, *, #999, .F. ) ;
#1010 = DIRECTION ( 'NONE',  ( -4.928191693115935700E-16, 0.000000000000000000, 1.000000000000000000 ) ) ;
#1011 = FACE_OUTER_BOUND ( 'NONE', #2363, .T. ) ;
#1012 = CARTESIAN_POINT ( 'NONE',  ( 0.2999999999999999334, -0.1150000000000000050, -0.8241932620511526197 ) ) ;
#1013 = CARTESIAN_POINT ( 'NONE',  ( 0.000000000000000000, -1.983452377915607023, -7.811055488061111817E-16 ) ) ;
#1014 = ORIENTED_EDGE ( 'NONE', *, *, #956, .T. ) ;
#1015 = ORIENTED_EDGE ( 'NONE', *, *, #1803, .T. ) ;
#1016 = LINE ( 'NONE', #1895, #1265 ) ;
#1017 = ORIENTED_EDGE ( 'NONE', *, *, #2808, .F. ) ;
#1018 = CARTESIAN_POINT ( 'NONE',  ( -0.005000000000000004441, 0.6920876582429570378, -0.9520745316921489509 ) ) ;
#1019 = EDGE_CURVE ( 'NONE', #14, #2594, #2055, .T. ) ;
#1020 = ADVANCED_FACE ( 'NONE', ( #1827 ), #2721, .T. ) ;
#1021 = ORIENTED_EDGE ( 'NONE', *, *, #1088, .F. ) ;
#1022 = DIRECTION ( 'NONE',  ( 1.000000000000000000, -0.000000000000000000, -9.856383386231871153E-17 ) ) ;
#1023 = EDGE_CURVE ( 'NONE', #1035, #212, #964, .T. ) ;
#1024 = EDGE_CURVE ( 'NONE', #106, #2318, #2224, .T. ) ;
#1025 = DIRECTION ( 'NONE',  ( 0.000000000000000000, -0.000000000000000000, -1.000000000000000000 ) ) ;
#1026 = ADVANCED_FACE ( 'NONE', ( #880 ), #215, .T. ) ;
#1027 = FACE_OUTER_BOUND ( 'NONE', #1280, .T. ) ;
#1028 =( NAMED_UNIT ( * ) PLANE_ANGLE_UNIT ( ) SI_UNIT ( $, .RADIAN. ) );
#1029 = ORIENTED_EDGE ( 'NONE', *, *, #2534, .F. ) ;
#1030 = AXIS2_PLACEMENT_3D ( 'NONE', #1969, #2853, #1141 ) ;
#1031 = ORIENTED_EDGE ( 'NONE', *, *, #2426, .F. ) ;
#1032 = AXIS2_PLACEMENT_3D ( 'NONE', #1919, #815, #388 ) ;
#1033 = DIRECTION ( 'NONE',  ( -1.000000000000000000, 0.000000000000000000, 9.856383386231871153E-17 ) ) ;
#1034 = AXIS2_PLACEMENT_3D ( 'NONE', #1603, #2657, #901 ) ;
#1035 = VERTEX_POINT ( 'NONE', #2485 ) ;
#1036 = DIRECTION ( 'NONE',  ( -2.710505431213761578E-16, 0.000000000000000000, 1.000000000000000000 ) ) ;
#1037 = CIRCLE ( 'NONE', #2236, 0.1400000000000000411 ) ;
#1038 = CIRCLE ( 'NONE', #1403, 0.1400000000000000411 ) ;
#1039 = ORIENTED_EDGE ( 'NONE', *, *, #563, .F. ) ;
#1040 = CARTESIAN_POINT ( 'NONE',  ( 0.000000000000000000, 0.1400000000000000133, -1.035806737948847367 ) ) ;
#1041 = ORIENTED_EDGE ( 'NONE', *, *, #2434, .T. ) ;
#1042 = DIRECTION ( 'NONE',  ( 1.000000000000000000, 0.000000000000000000, -0.000000000000000000 ) ) ;
#1043 = ORIENTED_EDGE ( 'NONE', *, *, #165, .F. ) ;
#1044 = ORIENTED_EDGE ( 'NONE', *, *, #1744, .F. ) ;
#1045 = FACE_OUTER_BOUND ( 'NONE', #1482, .T. ) ;
#1046 = VERTEX_POINT ( 'NONE', #2712 ) ;
#1047 = CARTESIAN_POINT ( 'NONE',  ( 0.2999999999999998779, 0.1525000000000000522, -0.9779815704177455826 ) ) ;
#1048 = SURFACE_STYLE_FILL_AREA ( #371 ) ;
#1049 = CARTESIAN_POINT ( 'NONE',  ( 0.2599999999999997868, 0.1399999999999999301, 1.000000000000000000 ) ) ;
#1050 = CARTESIAN_POINT ( 'NONE',  ( -0.004999999999999999237, 1.309999999999999831, -1.000000000000000222 ) ) ;
#1051 = LINE ( 'NONE', #156, #1124 ) ;
#1052 = VERTEX_POINT ( 'NONE', #2038 ) ;
#1053 = CARTESIAN_POINT ( 'NONE',  ( 0.3000000000000002109, 0.1400000000000000133, -1.549999999999999600 ) ) ;
#1054 = VERTEX_POINT ( 'NONE', #205 ) ;
#1055 = CARTESIAN_POINT ( 'NONE',  ( -0.2999999999999997113, 0.02499999999999998404, -0.9201564028866436873 ) ) ;
#1056 = ORIENTED_EDGE ( 'NONE', *, *, #1668, .F. ) ;
#1057 = CARTESIAN_POINT ( 'NONE',  ( 0.000000000000000000, 0.7399999999999997691, 1.000000000000000000 ) ) ;
#1058 = DIRECTION ( 'NONE',  ( 1.322645476773955134E-16, 0.000000000000000000, -1.000000000000000000 ) ) ;
#1059 = LINE ( 'NONE', #1937, #2838 ) ;
#1060 = EDGE_CURVE ( 'NONE', #14, #1183, #1589, .T. ) ;
#1061 = CARTESIAN_POINT ( 'NONE',  ( -0.005000000000000007910, 0.5749999999999990674, -0.9249864863877742538 ) ) ;
#1062 = CARTESIAN_POINT ( 'NONE',  ( -0.9499999999999998446, -0.000000000000000000, -0.3999999999999997446 ) ) ;
#1063 =( LENGTH_UNIT ( ) NAMED_UNIT ( * ) SI_UNIT ( .MILLI., .METRE. ) );
#1064 = VERTEX_POINT ( 'NONE', #2698 ) ;
#1065 = PLANE ( 'NONE',  #689 ) ;
#1066 = AXIS2_PLACEMENT_3D ( 'NONE', #1362, #1348, #2235 ) ;
#1067 = ORIENTED_EDGE ( 'NONE', *, *, #2654, .F. ) ;
#1068 = DIRECTION ( 'NONE',  ( 0.000000000000000000, -1.000000000000000000, 0.000000000000000000 ) ) ;
#1069 = CIRCLE ( 'NONE', #2552, 0.9499999999999998446 ) ;
#1070 = ORIENTED_EDGE ( 'NONE', *, *, #2746, .F. ) ;
#1071 = CIRCLE ( 'NONE', #1677, 0.3500000000000000333 ) ;
#1072 = CARTESIAN_POINT ( 'NONE',  ( -0.2999999999999997113, 0.1650000000000000078, -1.000000000000000222 ) ) ;
#1073 = AXIS2_PLACEMENT_3D ( 'NONE', #1172, #301, #2056 ) ;
#1074 = STYLED_ITEM ( 'NONE', ( #2859 ), #429 ) ;
#1075 =( NAMED_UNIT ( * ) SI_UNIT ( $, .STERADIAN. ) SOLID_ANGLE_UNIT ( ) );
#1076 = CIRCLE ( 'NONE', #2699, 0.3500000000000000333 ) ;
#1077 = CARTESIAN_POINT ( 'NONE',  ( 0.005000000000000004441, 1.249999999999999778, -0.9499868420141407421 ) ) ;
#1078 = AXIS2_PLACEMENT_3D ( 'NONE', #651, #1123, #2005 ) ;
#1079 = ADVANCED_FACE ( 'NONE', ( #685 ), #1101, .T. ) ;
#1080 = CARTESIAN_POINT ( 'NONE',  ( 1.250000000000000000, 0.1400000000000000133, 0.9000000000000003553 ) ) ;
#1081 = COLOUR_RGB ( '',0.9019607843137255054, 0.5686274509803921351, 0.2196078431372548989 ) ;
#1082 = ORIENTED_EDGE ( 'NONE', *, *, #712, .F. ) ;
#1083 = DIRECTION ( 'NONE',  ( -0.000000000000000000, -1.000000000000000000, -0.000000000000000000 ) ) ;
#1084 = VERTEX_POINT ( 'NONE', #2 ) ;
#1085 = EDGE_CURVE ( 'NONE', #89, #2293, #1361, .T. ) ;
#1086 = DIRECTION ( 'NONE',  ( -0.000000000000000000, -1.000000000000000000, 0.000000000000000000 ) ) ;
#1087 = PRODUCT_DEFINITION_SHAPE ( 'NONE', 'NONE',  #2857 ) ;
#1088 = EDGE_CURVE ( 'NONE', #1391, #2199, #979, .T. ) ;
#1089 = ORIENTED_EDGE ( 'NONE', *, *, #896, .F. ) ;
#1090 = DIRECTION ( 'NONE',  ( -0.5144957554275263467, 0.000000000000000000, 0.8574929257125443183 ) ) ;
#1091 = CARTESIAN_POINT ( 'NONE',  ( -0.2999999999999998224, 0.02499999999999998404, -0.1802775637731998670 ) ) ;
#1092 = FILL_AREA_STYLE_COLOUR ( '', #939 ) ;
#1093 = DIRECTION ( 'NONE',  ( -2.710505431213761578E-16, 0.000000000000000000, 1.000000000000000000 ) ) ;
#1094 = CARTESIAN_POINT ( 'NONE',  ( 0.000000000000000000, 0.3500000000000000333, -2.276824562219557832E-16 ) ) ;
#1095 = ORIENTED_EDGE ( 'NONE', *, *, #153, .F. ) ;
#1096 = CARTESIAN_POINT ( 'NONE',  ( 0.000000000000000000, 0.02499999999999998404, 0.3500000000000000333 ) ) ;
#1097 = ORIENTED_EDGE ( 'NONE', *, *, #2233, .F. ) ;
#1098 = DIRECTION ( 'NONE',  ( 0.8574929257125440962, 0.000000000000000000, -0.5144957554275269018 ) ) ;
#1099 = VERTEX_POINT ( 'NONE', #1819 ) ;
#1100 = EDGE_CURVE ( 'NONE', #2799, #2675, #2555, .T. ) ;
#1101 = PLANE ( 'NONE',  #511 ) ;
#1102 = EDGE_CURVE ( 'NONE', #574, #2199, #178, .T. ) ;
#1103 = EDGE_CURVE ( 'NONE', #1721, #541, #2475, .T. ) ;
#1104 = FILL_AREA_STYLE_COLOUR ( '', #2328 ) ;
#1105 = CARTESIAN_POINT ( 'NONE',  ( -1.300000000000000488, 0.000000000000000000, 1.300000000000000266 ) ) ;
#1106 = EDGE_CURVE ( 'NONE', #157, #2133, #786, .T. ) ;
#1107 = EDGE_CURVE ( 'NONE', #2611, #784, #2259, .T. ) ;
#1108 = CARTESIAN_POINT ( 'NONE',  ( 0.000000000000000000, 0.2500000000000000000, 0.4000000000000003553 ) ) ;
#1109 = DIRECTION ( 'NONE',  ( 0.000000000000000000, -1.000000000000000000, 0.000000000000000000 ) ) ;
#1110 = EDGE_CURVE ( 'NONE', #395, #2605, #1791, .T. ) ;
#1111 = EDGE_CURVE ( 'NONE', #856, #1409, #256, .T. ) ;
#1112 = ORIENTED_EDGE ( 'NONE', *, *, #956, .F. ) ;
#1113 = CARTESIAN_POINT ( 'NONE',  ( -0.2999999999999997113, 0.2799999999999999711, -1.035806737948847367 ) ) ;
#1114 = PLANE ( 'NONE',  #1722 ) ;
#1115 = ORIENTED_EDGE ( 'NONE', *, *, #2302, .F. ) ;
#1116 = CYLINDRICAL_SURFACE ( 'NONE', #1853, 0.2500000000000000000 ) ;
#1117 = ADVANCED_FACE ( 'NONE', ( #2433 ), #1116, .T. ) ;
#1118 = VECTOR ( 'NONE', #768, 1000.000000000000000 ) ;
#1119 = AXIS2_PLACEMENT_3D ( 'NONE', #2296, #1613, #288 ) ;
#1120 = VECTOR ( 'NONE', #392, 1000.000000000000000 ) ;
#1121 = LINE ( 'NONE', #637, #752 ) ;
#1122 = TOROIDAL_SURFACE ( 'NONE', #1857, 0.1599999999999999756, 0.01000000000000000021 ) ;
#1123 = DIRECTION ( 'NONE',  ( -0.000000000000000000, -1.000000000000000000, -0.000000000000000000 ) ) ;
#1124 = VECTOR ( 'NONE', #1499, 1000.000000000000000 ) ;
#1125 = CARTESIAN_POINT ( 'NONE',  ( 0.2999999999999999334, 0.1650000000000000078, -0.9201564028866436873 ) ) ;
#1126 = VECTOR ( 'NONE', #17, 1000.000000000000000 ) ;
#1127 = ORIENTED_EDGE ( 'NONE', *, *, #1103, .T. ) ;
#1128 = FACE_OUTER_BOUND ( 'NONE', #2300, .T. ) ;
#1129 = VERTEX_POINT ( 'NONE', #1345 ) ;
#1130 = AXIS2_PLACEMENT_3D ( 'NONE', #663, #2205, #2424 ) ;
#1131 = LINE ( 'NONE', #2650, #2091 ) ;
#1132 = EDGE_LOOP ( 'NONE', ( #115, #2710, #1848, #583, #910, #1658, #87, #1672 ) ) ;
#1133 = ORIENTED_EDGE ( 'NONE', *, *, #433, .F. ) ;
#1134 = DIRECTION ( 'NONE',  ( -0.000000000000000000, -1.000000000000000000, -0.000000000000000000 ) ) ;
#1135 = DIRECTION ( 'NONE',  ( 0.000000000000000000, 0.000000000000000000, 1.000000000000000000 ) ) ;
#1136 = DIRECTION ( 'NONE',  ( -0.000000000000000000, 1.000000000000000000, 2.371692252312040949E-16 ) ) ;
#1137 = EDGE_CURVE ( 'NONE', #2458, #186, #2679, .T. ) ;
#1138 = DIRECTION ( 'NONE',  ( 8.673617379884028570E-16, 0.000000000000000000, 1.000000000000000000 ) ) ;
#1139 = CARTESIAN_POINT ( 'NONE',  ( -1.250000000000000000, -0.000000000000000000, -0.8999999999999995781 ) ) ;
#1140 = VERTEX_POINT ( 'NONE', #2461 ) ;
#1141 = DIRECTION ( 'NONE',  ( 0.000000000000000000, 0.000000000000000000, 1.000000000000000000 ) ) ;
#1142 = CARTESIAN_POINT ( 'NONE',  ( 1.250000000000000000, 0.000000000000000000, -0.8999999999999999112 ) ) ;
#1143 = LINE ( 'NONE', #715, #2322 ) ;
#1144 = EDGE_CURVE ( 'NONE', #13, #1711, #1016, .T. ) ;
#1145 = VERTEX_POINT ( 'NONE', #320 ) ;
#1146 = CARTESIAN_POINT ( 'NONE',  ( 0.000000000000000000, 0.1400000000000000133, 0.000000000000000000 ) ) ;
#1147 = ADVANCED_FACE ( 'NONE', ( #778 ), #561, .T. ) ;
#1148 = CARTESIAN_POINT ( 'NONE',  ( -1.500000000000000222, 0.000000000000000000, 0.9000000000000003553 ) ) ;
#1149 = DIRECTION ( 'NONE',  ( -0.000000000000000000, -1.000000000000000000, -0.000000000000000000 ) ) ;
#1150 = DIRECTION ( 'NONE',  ( -0.000000000000000000, 1.000000000000000000, -0.000000000000000000 ) ) ;
#1151 = ADVANCED_FACE ( 'NONE', ( #1191 ), #2105, .T. ) ;
#1152 = ORIENTED_EDGE ( 'NONE', *, *, #761, .F. ) ;
#1153 = DIRECTION ( 'NONE',  ( -1.000000000000000000, 0.000000000000000000, -0.000000000000000000 ) ) ;
#1154 = CARTESIAN_POINT ( 'NONE',  ( 0.005000000000000004441, 0.5479123417570425092, -0.9520745316921489509 ) ) ;
#1155 = PLANE ( 'NONE',  #38 ) ;
#1156 = VERTEX_POINT ( 'NONE', #2272 ) ;
#1157 = DIRECTION ( 'NONE',  ( 0.000000000000000000, -1.000000000000000000, 0.000000000000000000 ) ) ;
#1158 = DIRECTION ( 'NONE',  ( 0.000000000000000000, -1.000000000000000000, 0.000000000000000000 ) ) ;
#1159 = PRESENTATION_LAYER_ASSIGNMENT (  '', '', ( #2103 ) ) ;
#1160 = CARTESIAN_POINT ( 'NONE',  ( -0.9500000000000000666, 0.1400000000000000133, 0.4000000000000001887 ) ) ;
#1161 = VECTOR ( 'NONE', #1524, 1000.000000000000000 ) ;
#1162 = CARTESIAN_POINT ( 'NONE',  ( 1.250000000000000000, 0.000000000000000000, 0.9000000000000003553 ) ) ;
#1163 = VECTOR ( 'NONE', #2089, 1000.000000000000000 ) ;
#1164 = AXIS2_PLACEMENT_3D ( 'NONE', #1264, #2187, #836 ) ;
#1165 = CARTESIAN_POINT ( 'NONE',  ( 0.000000000000000000, 0.7399999999999997691, 0.000000000000000000 ) ) ;
#1166 =( GEOMETRIC_REPRESENTATION_CONTEXT ( 3 ) GLOBAL_UNCERTAINTY_ASSIGNED_CONTEXT ( ( #728 ) ) GLOBAL_UNIT_ASSIGNED_CONTEXT ( ( #1063, #1028, #1951 ) ) REPRESENTATION_CONTEXT ( 'NONE', 'WORKASPACE' ) );
#1167 = ORIENTED_EDGE ( 'NONE', *, *, #1192, .T. ) ;
#1168 = AXIS2_PLACEMENT_3D ( 'NONE', #860, #2642, #2850 ) ;
#1169 = AXIS2_PLACEMENT_3D ( 'NONE', #1642, #2185, #532 ) ;
#1170 = EDGE_CURVE ( 'NONE', #71, #2817, #2536, .T. ) ;
#1171 = DIRECTION ( 'NONE',  ( -0.000000000000000000, -1.000000000000000000, -0.000000000000000000 ) ) ;
#1172 = CARTESIAN_POINT ( 'NONE',  ( 1.250000000000000000, 0.1400000000000000133, -0.8999999999999999112 ) ) ;
#1173 = DIRECTION ( 'NONE',  ( 0.000000000000000000, 0.000000000000000000, 1.000000000000000000 ) ) ;
#1174 = AXIS2_PLACEMENT_3D ( 'NONE', #1165, #994, #522 ) ;
#1175 = ORIENTED_EDGE ( 'NONE', *, *, #1402, .F. ) ;
#1176 = CLOSED_SHELL ( 'NONE', ( #1507, #2537, #1151, #2645, #1363, #926, #716, #1829 ) ) ;
#1177 = ORIENTED_EDGE ( 'NONE', *, *, #2047, .F. ) ;
#1178 = CARTESIAN_POINT ( 'NONE',  ( -1.300000000000000488, 0.000000000000000000, -0.9900000000000002132 ) ) ;
#1179 = EDGE_LOOP ( 'NONE', ( #291, #2211 ) ) ;
#1180 = PLANE ( 'NONE',  #1762 ) ;
#1181 = DIRECTION ( 'NONE',  ( 0.000000000000000000, -1.000000000000000000, -2.371692252312040949E-16 ) ) ;
#1182 = DIRECTION ( 'NONE',  ( 0.000000000000000000, -1.000000000000000000, 0.000000000000000000 ) ) ;
#1183 = VERTEX_POINT ( 'NONE', #1178 ) ;
#1184 = CARTESIAN_POINT ( 'NONE',  ( 0.000000000000000000, 0.2500000000000000000, 0.000000000000000000 ) ) ;
#1185 = ORIENTED_EDGE ( 'NONE', *, *, #528, .T. ) ;
#1186 = CARTESIAN_POINT ( 'NONE',  ( -0.2999999999999997669, 0.1399999999999999301, -1.549999999999999600 ) ) ;
#1187 = PLANE ( 'NONE',  #1680 ) ;
#1188 = CARTESIAN_POINT ( 'NONE',  ( 0.000000000000000000, 0.3499999999999999778, 0.000000000000000000 ) ) ;
#1189 = ORIENTED_EDGE ( 'NONE', *, *, #2821, .T. ) ;
#1190 = VERTEX_POINT ( 'NONE', #1004 ) ;
#1191 = FACE_OUTER_BOUND ( 'NONE', #1542, .T. ) ;
#1192 = EDGE_CURVE ( 'NONE', #1425, #479, #293, .T. ) ;
#1193 = ORIENTED_EDGE ( 'NONE', *, *, #1410, .T. ) ;
#1194 = DIRECTION ( 'NONE',  ( 1.000000000000000000, 0.000000000000000000, 0.000000000000000000 ) ) ;
#1195 = EDGE_CURVE ( 'NONE', #719, #2572, #2073, .T. ) ;
#1196 =( NAMED_UNIT ( * ) PLANE_ANGLE_UNIT ( ) SI_UNIT ( $, .RADIAN. ) );
#1197 = CARTESIAN_POINT ( 'NONE',  ( 0.000000000000000000, 0.000000000000000000, 0.000000000000000000 ) ) ;
#1198 = ORIENTED_EDGE ( 'NONE', *, *, #2713, .F. ) ;
#1199 = CARTESIAN_POINT ( 'NONE',  ( 0.3000000000000001554, 0.000000000000000000, -1.300000000000000266 ) ) ;
#1200 = ORIENTED_EDGE ( 'NONE', *, *, #42, .F. ) ;
#1201 = DIRECTION ( 'NONE',  ( -0.000000000000000000, 1.000000000000000000, -0.000000000000000000 ) ) ;
#1202 = LINE ( 'NONE', #2801, #2374 ) ;
#1203 = CARTESIAN_POINT ( 'NONE',  ( 0.000000000000000000, 1.059999999999999831, -5.929230630780092513E-17 ) ) ;
#1204 = VERTEX_POINT ( 'NONE', #2549 ) ;
#1205 = ORIENTED_EDGE ( 'NONE', *, *, #781, .F. ) ;
#1206 = CARTESIAN_POINT ( 'NONE',  ( 0.000000000000000000, 0.000000000000000000, 0.000000000000000000 ) ) ;
#1207 = ORIENTED_EDGE ( 'NONE', *, *, #2426, .T. ) ;
#1208 = LINE ( 'NONE', #1288, #2088 ) ;
#1209 = EDGE_CURVE ( 'NONE', #1559, #383, #1071, .T. ) ;
#1210 = LINE ( 'NONE', #1643, #1532 ) ;
#1211 = EDGE_LOOP ( 'NONE', ( #949, #2360, #2314, #1260 ) ) ;
#1212 = CARTESIAN_POINT ( 'NONE',  ( 0.000000000000000000, 0.6650000000000005906, 0.000000000000000000 ) ) ;
#1213 = CIRCLE ( 'NONE', #1528, 0.2500000000000000000 ) ;
#1214 = VECTOR ( 'NONE', #857, 1000.000000000000000 ) ;
#1215 = ORIENTED_EDGE ( 'NONE', *, *, #2624, .T. ) ;
#1216 = CYLINDRICAL_SURFACE ( 'NONE', #882, 0.8250000000000000666 ) ;
#1217 = VECTOR ( 'NONE', #1157, 1000.000000000000000 ) ;
#1218 = LINE ( 'NONE', #2545, #2750 ) ;
#1219 = CARTESIAN_POINT ( 'NONE',  ( 0.000000000000000000, 0.1400000000000000133, 0.000000000000000000 ) ) ;
#1220 = VECTOR ( 'NONE', #848, 1000.000000000000000 ) ;
#1221 = VERTEX_POINT ( 'NONE', #794 ) ;
#1222 = VERTEX_POINT ( 'NONE', #1237 ) ;
#1223 =( GEOMETRIC_REPRESENTATION_CONTEXT ( 3 ) GLOBAL_UNCERTAINTY_ASSIGNED_CONTEXT ( ( #489 ) ) GLOBAL_UNIT_ASSIGNED_CONTEXT ( ( #1793, #2682, #2216 ) ) REPRESENTATION_CONTEXT ( 'NONE', 'WORKASPACE' ) );
#1224 = FACE_OUTER_BOUND ( 'NONE', #1333, .T. ) ;
#1225 = AXIS2_PLACEMENT_3D ( 'NONE', #1197, #2078, #1595 ) ;
#1226 = DIRECTION ( 'NONE',  ( -0.000000000000000000, -1.000000000000000000, -0.000000000000000000 ) ) ;
#1227 = AXIS2_PLACEMENT_3D ( 'NONE', #2810, #816, #1698 ) ;
#1228 = CARTESIAN_POINT ( 'NONE',  ( 1.299999999999999822, 0.000000000000000000, 0.9000000000000003553 ) ) ;
#1229 =( NAMED_UNIT ( * ) PLANE_ANGLE_UNIT ( ) SI_UNIT ( $, .RADIAN. ) );
#1230 = ORIENTED_EDGE ( 'NONE', *, *, #42, .T. ) ;
#1231 = CARTESIAN_POINT ( 'NONE',  ( -0.2999999999999997113, -0.000000000000000000, -1.000000000000000222 ) ) ;
#1232 = CARTESIAN_POINT ( 'NONE',  ( -0.9499999999999998446, 0.1399999999999999301, -0.3999999999999997446 ) ) ;
#1233 = FACE_OUTER_BOUND ( 'NONE', #2104, .T. ) ;
#1234 = CARTESIAN_POINT ( 'NONE',  ( 0.000000000000000000, 0.000000000000000000, 0.000000000000000000 ) ) ;
#1235 = EDGE_LOOP ( 'NONE', ( #1582, #580, #542, #1429, #2244, #531, #2299, #173, #1133, #921 ) ) ;
#1236 = ORIENTED_EDGE ( 'NONE', *, *, #470, .T. ) ;
#1237 = CARTESIAN_POINT ( 'NONE',  ( 0.9499999999999998446, 0.000000000000000000, 0.4000000000000001887 ) ) ;
#1238 = ADVANCED_FACE ( 'NONE', ( #576 ), #2336, .F. ) ;
#1239 = ADVANCED_FACE ( 'NONE', ( #337 ), #77, .T. ) ;
#1240 = ORIENTED_EDGE ( 'NONE', *, *, #236, .T. ) ;
#1241 = EDGE_CURVE ( 'NONE', #1183, #255, #1431, .T. ) ;
#1242 = LINE ( 'NONE', #353, #1118 ) ;
#1243 = EDGE_CURVE ( 'NONE', #1620, #2742, #969, .T. ) ;
#1244 = EDGE_CURVE ( 'NONE', #549, #1711, #2301, .T. ) ;
#1245 = EDGE_LOOP ( 'NONE', ( #2841, #817, #527 ) ) ;
#1246 = CYLINDRICAL_SURFACE ( 'NONE', #2280, 0.4000000000000003553 ) ;
#1247 = DIRECTION ( 'NONE',  ( 0.5144957554275263467, 0.000000000000000000, -0.8574929257125443183 ) ) ;
#1248 = CARTESIAN_POINT ( 'NONE',  ( 0.2999999999999999334, 0.1400000000000000133, -0.9398435971133565214 ) ) ;
#1249 = ORIENTED_EDGE ( 'NONE', *, *, #2462, .F. ) ;
#1250 = VERTEX_POINT ( 'NONE', #515 ) ;
#1251 = DIRECTION ( 'NONE',  ( -1.000000000000000000, 0.000000000000000000, -4.336808689942013299E-16 ) ) ;
#1252 = UNCERTAINTY_MEASURE_WITH_UNIT (LENGTH_MEASURE( 1.000000000000000082E-05 ), #1476, 'distance_accuracy_value', 'NONE');
#1253 = VERTEX_POINT ( 'NONE', #2743 ) ;
#1254 = DIRECTION ( 'NONE',  ( 0.000000000000000000, -1.000000000000000000, 0.000000000000000000 ) ) ;
#1255 = FILL_AREA_STYLE ('',( #2154 ) ) ;
#1256 = ORIENTED_EDGE ( 'NONE', *, *, #1802, .T. ) ;
#1257 = LINE ( 'NONE', #389, #2378 ) ;
#1258 = CARTESIAN_POINT ( 'NONE',  ( 0.000000000000000000, 0.7399999999999997691, 0.000000000000000000 ) ) ;
#1259 = DIRECTION ( 'NONE',  ( 1.000000000000000000, 0.000000000000000000, 0.000000000000000000 ) ) ;
#1260 = ORIENTED_EDGE ( 'NONE', *, *, #2174, .F. ) ;
#1261 = AXIS2_PLACEMENT_3D ( 'NONE', #760, #1877, #102 ) ;
#1262 = EDGE_LOOP ( 'NONE', ( #204, #1796, #2309, #556 ) ) ;
#1263 = VECTOR ( 'NONE', #2403, 1000.000000000000000 ) ;
#1264 = CARTESIAN_POINT ( 'NONE',  ( 0.000000000000000000, 0.02499999999999998404, 0.000000000000000000 ) ) ;
#1265 = VECTOR ( 'NONE', #1618, 1000.000000000000000 ) ;
#1266 = ADVANCED_FACE ( 'NONE', ( #1224 ), #751, .T. ) ;
#1267 = ORIENTED_EDGE ( 'NONE', *, *, #1921, .F. ) ;
#1268 = AXIS2_PLACEMENT_3D ( 'NONE', #2157, #1470, #614 ) ;
#1269 = LINE ( 'NONE', #162, #414 ) ;
#1270 = AXIS2_PLACEMENT_3D ( 'NONE', #154, #2614, #1467 ) ;
#1271 = DIRECTION ( 'NONE',  ( 0.000000000000000000, 0.000000000000000000, 1.000000000000000000 ) ) ;
#1272 = AXIS2_PLACEMENT_3D ( 'NONE', #1258, #571, #1924 ) ;
#1273 = DIRECTION ( 'NONE',  ( 0.000000000000000000, -1.000000000000000000, 0.000000000000000000 ) ) ;
#1274 = DIRECTION ( 'NONE',  ( -0.000000000000000000, 1.000000000000000000, -0.000000000000000000 ) ) ;
#1275 = CARTESIAN_POINT ( 'NONE',  ( 0.005000000000000001839, 1.202494891775211405, -0.9737397170909745103 ) ) ;
#1276 = ORIENTED_EDGE ( 'NONE', *, *, #248, .F. ) ;
#1277 = PLANE ( 'NONE',  #1674 ) ;
#1278 = EDGE_LOOP ( 'NONE', ( #2535, #1014, #1530, #2168 ) ) ;
#1279 = DIRECTION ( 'NONE',  ( -1.000000000000000000, 0.000000000000000000, -2.710505431213761578E-16 ) ) ;
#1280 = EDGE_LOOP ( 'NONE', ( #67, #833, #1665, #254 ) ) ;
#1281 = ADVANCED_FACE ( 'NONE', ( #1419 ), #305, .T. ) ;
#1282 = CARTESIAN_POINT ( 'NONE',  ( 0.2599999999999998423, 2.022153022471871786, 1.550000000000000266 ) ) ;
#1283 = FILL_AREA_STYLE ('',( #2001 ) ) ;
#1284 = DIRECTION ( 'NONE',  ( 0.000000000000000000, -1.000000000000000000, 0.000000000000000000 ) ) ;
#1285 = CARTESIAN_POINT ( 'NONE',  ( 1.250000000000000000, 0.1399999999999999301, -0.8999999999999999112 ) ) ;
#1286 = PLANE ( 'NONE',  #2234 ) ;
#1287 = ORIENTED_EDGE ( 'NONE', *, *, #1325, .F. ) ;
#1288 = CARTESIAN_POINT ( 'NONE',  ( 1.299999999999999822, 0.3499999999999999778, -0.9000000000000000222 ) ) ;
#1289 = ORIENTED_EDGE ( 'NONE', *, *, #2746, .T. ) ;
#1290 = LINE ( 'NONE', #1695, #2276 ) ;
#1291 = ORIENTED_EDGE ( 'NONE', *, *, #150, .T. ) ;
#1292 = CARTESIAN_POINT ( 'NONE',  ( 0.005000000000000000104, 0.7285438285668942582, -0.9885311852839404612 ) ) ;
#1293 =( NAMED_UNIT ( * ) PLANE_ANGLE_UNIT ( ) SI_UNIT ( $, .RADIAN. ) );
#1294 = SURFACE_SIDE_STYLE ('',( #2423 ) ) ;
#1295 = EDGE_CURVE ( 'NONE', #130, #106, #986, .T. ) ;
#1296 = DIRECTION ( 'NONE',  ( 0.000000000000000000, -0.000000000000000000, 1.000000000000000000 ) ) ;
#1297 = EDGE_CURVE ( 'NONE', #395, #977, #1971, .T. ) ;
#1298 = CARTESIAN_POINT ( 'NONE',  ( 0.000000000000000000, 0.1400000000000000133, 0.000000000000000000 ) ) ;
#1299 = ORIENTED_EDGE ( 'NONE', *, *, #2047, .T. ) ;
#1300 = CARTESIAN_POINT ( 'NONE',  ( 0.9499999999999998446, 0.1400000000000000133, 0.4000000000000001887 ) ) ;
#1301 = MECHANICAL_DESIGN_GEOMETRIC_PRESENTATION_REPRESENTATION (  '', ( #2103 ), #1801 ) ;
#1302 = ORIENTED_EDGE ( 'NONE', *, *, #810, .F. ) ;
#1303 = DIRECTION ( 'NONE',  ( 1.971276677246371272E-16, 0.000000000000000000, 1.000000000000000000 ) ) ;
#1304 = VECTOR ( 'NONE', #600, 1000.000000000000114 ) ;
#1305 = VECTOR ( 'NONE', #1134, 1000.000000000000000 ) ;
#1306 = DIRECTION ( 'NONE',  ( -0.000000000000000000, -1.000000000000000000, -0.000000000000000000 ) ) ;
#1307 = VECTOR ( 'NONE', #508, 1000.000000000000000 ) ;
#1308 = AXIS2_PLACEMENT_3D ( 'NONE', #1945, #2874, #636 ) ;
#1309 = VECTOR ( 'NONE', #2528, 999.9999999999998863 ) ;
#1310 = CARTESIAN_POINT ( 'NONE',  ( 0.000000000000000000, -1.983452377915607023, -7.811055488061111817E-16 ) ) ;
#1311 = DIRECTION ( 'NONE',  ( 0.000000000000000000, 0.000000000000000000, -1.000000000000000000 ) ) ;
#1312 = CLOSED_SHELL ( 'NONE', ( #900, #1147, #191, #409, #2861, #717, #2607, #1594, #628, #1020, #2221, #281, #6 ) ) ;
#1313 = PLANE ( 'NONE',  #2796 ) ;
#1314 =( GEOMETRIC_REPRESENTATION_CONTEXT ( 3 ) GLOBAL_UNCERTAINTY_ASSIGNED_CONTEXT ( ( #1252 ) ) GLOBAL_UNIT_ASSIGNED_CONTEXT ( ( #1476, #2556, #1455 ) ) REPRESENTATION_CONTEXT ( 'NONE', 'WORKASPACE' ) );
#1315 = VERTEX_POINT ( 'NONE', #362 ) ;
#1316 = CARTESIAN_POINT ( 'NONE',  ( 1.250000000000000000, 0.000000000000000000, 0.9000000000000003553 ) ) ;
#1317 = ORIENTED_EDGE ( 'NONE', *, *, #2177, .F. ) ;
#1318 = CARTESIAN_POINT ( 'NONE',  ( -0.2999999999999997113, 0.1650000000000000078, -1.000000000000000222 ) ) ;
#1319 = ORIENTED_EDGE ( 'NONE', *, *, #2218, .F. ) ;
#1320 = ADVANCED_FACE ( 'NONE', ( #2593 ), #2855, .T. ) ;
#1321 = DIRECTION ( 'NONE',  ( 0.000000000000000000, 1.000000000000000000, 0.000000000000000000 ) ) ;
#1322 = EDGE_CURVE ( 'NONE', #2416, #339, #2610, .T. ) ;
#1323 =( NAMED_UNIT ( * ) PLANE_ANGLE_UNIT ( ) SI_UNIT ( $, .RADIAN. ) );
#1324 = EDGE_CURVE ( 'NONE', #1140, #184, #1767, .T. ) ;
#1325 = EDGE_CURVE ( 'NONE', #465, #1736, #1957, .T. ) ;
#1326 = EDGE_CURVE ( 'NONE', #1814, #516, #1914, .T. ) ;
#1327 = DIRECTION ( 'NONE',  ( 0.000000000000000000, 1.000000000000000000, 0.000000000000000000 ) ) ;
#1328 = DIRECTION ( 'NONE',  ( 0.000000000000000000, -1.000000000000000000, 0.000000000000000000 ) ) ;
#1329 = ORIENTED_EDGE ( 'NONE', *, *, #1744, .T. ) ;
#1330 = LINE ( 'NONE', #1316, #837 ) ;
#1331 = EDGE_LOOP ( 'NONE', ( #1760, #1557, #272, #908 ) ) ;
#1332 = DIRECTION ( 'NONE',  ( 1.000000000000000000, 0.000000000000000000, 2.710505431213761578E-16 ) ) ;
#1333 = EDGE_LOOP ( 'NONE', ( #1724, #1942, #2527, #505, #867, #76 ) ) ;
#1334 = DIRECTION ( 'NONE',  ( 4.336808689942014285E-16, 0.000000000000000000, -1.000000000000000000 ) ) ;
#1335 = SURFACE_SIDE_STYLE ('',( #4 ) ) ;
#1336 = LINE ( 'NONE', #1105, #2604 ) ;
#1337 = DIRECTION ( 'NONE',  ( 0.8574929257125440962, 0.000000000000000000, -0.5144957554275269018 ) ) ;
#1338 = CARTESIAN_POINT ( 'NONE',  ( 0.000000000000000000, 0.1400000000000000133, 0.000000000000000000 ) ) ;
#1339 = VERTEX_POINT ( 'NONE', #2390 ) ;
#1340 = DIRECTION ( 'NONE',  ( 0.000000000000000000, 1.000000000000000000, 0.000000000000000000 ) ) ;
#1341 = EDGE_LOOP ( 'NONE', ( #403, #2541, #1612, #1681, #749, #862 ) ) ;
#1342 = LINE ( 'NONE', #714, #1307 ) ;
#1343 = EDGE_LOOP ( 'NONE', ( #1666, #1015, #1031, #1009 ) ) ;
#1344 = ORIENTED_EDGE ( 'NONE', *, *, #1195, .F. ) ;
#1345 = CARTESIAN_POINT ( 'NONE',  ( -0.2999999999999997669, 0.1400000000000000133, -1.300000000000000266 ) ) ;
#1346 = ADVANCED_FACE ( 'NONE', ( #2150 ), #160, .T. ) ;
#1347 = VECTOR ( 'NONE', #705, 1000.000000000000000 ) ;
#1348 = DIRECTION ( 'NONE',  ( -1.000000000000000000, -0.000000000000000000, -0.000000000000000000 ) ) ;
#1349 = VECTOR ( 'NONE', #203, 1000.000000000000000 ) ;
#1350 = VECTOR ( 'NONE', #346, 1000.000000000000000 ) ;
#1351 = CARTESIAN_POINT ( 'NONE',  ( 0.004999999999999999237, 1.309999999999999831, -1.000000000000000222 ) ) ;
#1352 = AXIS2_PLACEMENT_3D ( 'NONE', #1783, #2437, #454 ) ;
#1353 = CARTESIAN_POINT ( 'NONE',  ( -0.005000000000000186587, 0.000000000000000000, -0.9999874999218739680 ) ) ;
#1354 = VERTEX_POINT ( 'NONE', #2843 ) ;
#1355 = LINE ( 'NONE', #445, #2320 ) ;
#1356 = AXIS2_PLACEMENT_3D ( 'NONE', #2639, #638, #1093 ) ;
#1357 = CARTESIAN_POINT ( 'NONE',  ( 1.299999999999999822, 0.000000000000000000, -0.8999999999999999112 ) ) ;
#1358 = EDGE_CURVE ( 'NONE', #1221, #2106, #1290, .T. ) ;
#1359 = ORIENTED_EDGE ( 'NONE', *, *, #1322, .T. ) ;
#1360 = EDGE_LOOP ( 'NONE', ( #954, #961, #2480, #2025 ) ) ;
#1361 = LINE ( 'NONE', #1984, #2323 ) ;
#1362 = CARTESIAN_POINT ( 'NONE',  ( 0.000000000000000000, 0.03499999999999998251, -0.1599999999999999756 ) ) ;
#1363 = ADVANCED_FACE ( 'NONE', ( #1931 ), #1739, .T. ) ;
#1364 = LINE ( 'NONE', #2279, #615 ) ;
#1365 = LINE ( 'NONE', #1551, #2558 ) ;
#1366 = EDGE_LOOP ( 'NONE', ( #1256, #1394, #1289, #512, #879 ) ) ;
#1367 = DIRECTION ( 'NONE',  ( 1.000000000000000000, 0.000000000000000000, 8.673617379884042375E-16 ) ) ;
#1368 = DIRECTION ( 'NONE',  ( 0.000000000000000000, 0.000000000000000000, 1.000000000000000000 ) ) ;
#1369 = PLANE ( 'NONE',  #2274 ) ;
#1370 = ORIENTED_EDGE ( 'NONE', *, *, #1110, .T. ) ;
#1371 = ORIENTED_EDGE ( 'NONE', *, *, #1241, .F. ) ;
#1372 = CARTESIAN_POINT ( 'NONE',  ( -0.005000000000000002706, 0.5343685066538031991, -0.9656185483626571475 ) ) ;
#1373 = CARTESIAN_POINT ( 'NONE',  ( -1.300000000000000488, 0.3499999999999999778, 1.300000000000000266 ) ) ;
#1374 = DIRECTION ( 'NONE',  ( -0.5144957554275264577, 0.000000000000000000, 0.8574929257125442073 ) ) ;
#1375 = ADVANCED_FACE ( 'NONE', ( #2621 ), #396, .F. ) ;
#1376 = LINE ( 'NONE', #2249, #98 ) ;
#1377 = DIRECTION ( 'NONE',  ( -0.8574929257125443183, 0.000000000000000000, -0.5144957554275263467 ) ) ;
#1378 = EDGE_CURVE ( 'NONE', #1669, #977, #2401, .T. ) ;
#1379 = ADVANCED_FACE ( 'NONE', ( #1045 ), #407, .F. ) ;
#1380 = ORIENTED_EDGE ( 'NONE', *, *, #2681, .F. ) ;
#1381 = FACE_OUTER_BOUND ( 'NONE', #2391, .T. ) ;
#1382 = CARTESIAN_POINT ( 'NONE',  ( 0.005000000000000107657, 1.249999999999999778, -5.421010862427638689E-19 ) ) ;
#1383 = DIRECTION ( 'NONE',  ( 0.000000000000000000, -1.000000000000000000, 0.000000000000000000 ) ) ;
#1384 = EDGE_LOOP ( 'NONE', ( #1436, #2804, #596, #671 ) ) ;
#1385 = ORIENTED_EDGE ( 'NONE', *, *, #779, .T. ) ;
#1386 = EDGE_LOOP ( 'NONE', ( #1570, #1902, #2608, #2074 ) ) ;
#1387 = LINE ( 'NONE', #1148, #2317 ) ;
#1388 =( GEOMETRIC_REPRESENTATION_CONTEXT ( 3 ) GLOBAL_UNCERTAINTY_ASSIGNED_CONTEXT ( ( #2071 ) ) GLOBAL_UNIT_ASSIGNED_CONTEXT ( ( #2436, #1323, #881 ) ) REPRESENTATION_CONTEXT ( 'NONE', 'WORKASPACE' ) );
#1389 = CARTESIAN_POINT ( 'NONE',  ( 0.3000000000000002109, 0.1400000000000000133, -1.549999999999999600 ) ) ;
#1390 = CARTESIAN_POINT ( 'NONE',  ( 1.499999999999999778, 0.1399999999999999301, -0.8999999999999996891 ) ) ;
#1391 = VERTEX_POINT ( 'NONE', #2131 ) ;
#1392 = AXIS2_PLACEMENT_3D ( 'NONE', #865, #351, #2172 ) ;
#1393 = CARTESIAN_POINT ( 'NONE',  ( -0.2999999999999997113, 0.3499999999999999778, -1.300000000000000266 ) ) ;
#1394 = ORIENTED_EDGE ( 'NONE', *, *, #70, .T. ) ;
#1395 = VECTOR ( 'NONE', #2564, 1000.000000000000000 ) ;
#1396 = LINE ( 'NONE', #1633, #1850 ) ;
#1397 = ADVANCED_FACE ( 'NONE', ( #131 ), #2581, .T. ) ;
#1398 = CARTESIAN_POINT ( 'NONE',  ( 0.000000000000000000, 0.3499999999999999778, 0.000000000000000000 ) ) ;
#1399 = DIRECTION ( 'NONE',  ( 0.000000000000000000, 0.000000000000000000, 1.000000000000000000 ) ) ;
#1400 = VECTOR ( 'NONE', #581, 1000.000000000000000 ) ;
#1401 = ORIENTED_EDGE ( 'NONE', *, *, #866, .T. ) ;
#1402 = EDGE_CURVE ( 'NONE', #186, #1064, #1628, .T. ) ;
#1403 = AXIS2_PLACEMENT_3D ( 'NONE', #1900, #2339, #1935 ) ;
#1404 = DIRECTION ( 'NONE',  ( -0.5144957554275267908, 0.000000000000000000, -0.8574929257125439852 ) ) ;
#1405 = CARTESIAN_POINT ( 'NONE',  ( -0.005000000000000092912, 1.149999999999999689, -0.9999874999218739680 ) ) ;
#1406 = ADVANCED_FACE ( 'NONE', ( #1488 ), #2379, .T. ) ;
#1407 = CARTESIAN_POINT ( 'NONE',  ( 0.2999999999999999334, 0.1650000000000000078, -1.000000000000000222 ) ) ;
#1408 = CARTESIAN_POINT ( 'NONE',  ( 0.000000000000000000, 0.3499999999999999778, 0.000000000000000000 ) ) ;
#1409 = VERTEX_POINT ( 'NONE', #2417 ) ;
#1410 = EDGE_CURVE ( 'NONE', #1814, #719, #924, .T. ) ;
#1411 = LINE ( 'NONE', #2492, #183 ) ;
#1412 = ORIENTED_EDGE ( 'NONE', *, *, #2776, .F. ) ;
#1413 = DIRECTION ( 'NONE',  ( -0.000000000000000000, -1.000000000000000000, -0.000000000000000000 ) ) ;
#1414 = DIRECTION ( 'NONE',  ( 1.000000000000000000, -0.000000000000000000, 2.710505431213761578E-16 ) ) ;
#1415 = DIRECTION ( 'NONE',  ( -0.000000000000000000, 1.000000000000000000, 2.371692252312040949E-16 ) ) ;
#1416 = ORIENTED_EDGE ( 'NONE', *, *, #1616, .F. ) ;
#1417 = ADVANCED_FACE ( 'NONE', ( #2243 ), #1527, .T. ) ;
#1418 = ORIENTED_EDGE ( 'NONE', *, *, #1244, .F. ) ;
#1419 = FACE_OUTER_BOUND ( 'NONE', #1597, .T. ) ;
#1420 = ORIENTED_EDGE ( 'NONE', *, *, #61, .T. ) ;
#1421 = FACE_OUTER_BOUND ( 'NONE', #1693, .T. ) ;
#1422 = LINE ( 'NONE', #1407, #319 ) ;
#1423 = ORIENTED_EDGE ( 'NONE', *, *, #308, .F. ) ;
#1424 = CARTESIAN_POINT ( 'NONE',  ( 0.9500000000000000666, 0.1400000000000000133, -0.3999999999999997446 ) ) ;
#1425 = VERTEX_POINT ( 'NONE', #1318 ) ;
#1426 = CARTESIAN_POINT ( 'NONE',  ( 0.000000000000000000, 0.3500000000000000333, 0.2499999999999997780 ) ) ;
#1427 = CARTESIAN_POINT ( 'NONE',  ( -0.2999999999999997113, 0.000000000000000000, -0.9398435971133565214 ) ) ;
#1428 = CARTESIAN_POINT ( 'NONE',  ( 0.2999999999999999334, 0.1400000000000000133, -1.000000000000000222 ) ) ;
#1429 = ORIENTED_EDGE ( 'NONE', *, *, #708, .F. ) ;
#1430 = ORIENTED_EDGE ( 'NONE', *, *, #813, .F. ) ;
#1431 = LINE ( 'NONE', #2726, #2144 ) ;
#1432 = ORIENTED_EDGE ( 'NONE', *, *, #1719, .F. ) ;
#1433 = CARTESIAN_POINT ( 'NONE',  ( 0.9500000000000000666, 0.1399999999999999301, -0.3999999999999997446 ) ) ;
#1434 = CARTESIAN_POINT ( 'NONE',  ( -1.300000000000000488, 0.3499999999999999778, -0.8999999999999995781 ) ) ;
#1435 = DIRECTION ( 'NONE',  ( -0.000000000000000000, 1.000000000000000000, -0.000000000000000000 ) ) ;
#1436 = ORIENTED_EDGE ( 'NONE', *, *, #2129, .F. ) ;
#1437 = FACE_OUTER_BOUND ( 'NONE', #275, .T. ) ;
#1438 = CIRCLE ( 'NONE', #457, 0.1599999999999999756 ) ;
#1439 = DIRECTION ( 'NONE',  ( -0.000000000000000000, 1.000000000000000000, 2.371692252312040949E-16 ) ) ;
#1440 = AXIS2_PLACEMENT_3D ( 'NONE', #1768, #2873, #439 ) ;
#1441 = EDGE_CURVE ( 'NONE', #2498, #2245, #228, .T. ) ;
#1442 = DIRECTION ( 'NONE',  ( -1.000000000000000000, 0.000000000000000000, -8.673617379884041389E-16 ) ) ;
#1443 = COLOUR_RGB ( '',0.7921568627450980005, 0.8196078431372548767, 0.9333333333333333481 ) ;
#1444 = CARTESIAN_POINT ( 'NONE',  ( -0.9900000000000006573, 0.3499999999999999778, -1.300000000000000266 ) ) ;
#1445 = VECTOR ( 'NONE', #1442, 1000.000000000000000 ) ;
#1446 = AXIS2_PLACEMENT_3D ( 'NONE', #704, #1194, #674 ) ;
#1447 = ORIENTED_EDGE ( 'NONE', *, *, #452, .F. ) ;
#1448 = VERTEX_POINT ( 'NONE', #2023 ) ;
#1449 = VECTOR ( 'NONE', #311, 1000.000000000000000 ) ;
#1450 = CARTESIAN_POINT ( 'NONE',  ( 0.000000000000000000, 0.02499999999999998404, 0.000000000000000000 ) ) ;
#1451 = EDGE_CURVE ( 'NONE', #2207, #1222, #2253, .T. ) ;
#1452 = AXIS2_PLACEMENT_3D ( 'NONE', #1050, #2601, #1938 ) ;
#1453 = PRESENTATION_LAYER_ASSIGNMENT (  '', '', ( #332 ) ) ;
#1454 = PLANE ( 'NONE',  #2366 ) ;
#1455 =( NAMED_UNIT ( * ) SI_UNIT ( $, .STERADIAN. ) SOLID_ANGLE_UNIT ( ) );
#1456 = ORIENTED_EDGE ( 'NONE', *, *, #1749, .T. ) ;
#1457 = LINE ( 'NONE', #1049, #1400 ) ;
#1458 = LINE ( 'NONE', #101, #897 ) ;
#1459 = DIRECTION ( 'NONE',  ( 0.000000000000000000, 0.000000000000000000, -1.000000000000000000 ) ) ;
#1460 = CYLINDRICAL_SURFACE ( 'NONE', #1487, 1.000000000000000000 ) ;
#1461 = ORIENTED_EDGE ( 'NONE', *, *, #2781, .T. ) ;
#1462 = VERTEX_POINT ( 'NONE', #1357 ) ;
#1463 = DIRECTION ( 'NONE',  ( -1.000000000000000000, -0.000000000000000000, -0.000000000000000000 ) ) ;
#1464 = ORIENTED_EDGE ( 'NONE', *, *, #1297, .F. ) ;
#1465 = CARTESIAN_POINT ( 'NONE',  ( -0.005000000000000007910, 0.6650000000000005906, -0.9249864863877742538 ) ) ;
#1466 = ORIENTED_EDGE ( 'NONE', *, *, #590, .F. ) ;
#1467 = DIRECTION ( 'NONE',  ( 1.000000000000000000, 0.000000000000000000, -8.673617379884026597E-16 ) ) ;
#1468 = ADVANCED_FACE ( 'NONE', ( #2226 ), #1122, .T. ) ;
#1469 = DIRECTION ( 'NONE',  ( 0.000000000000000000, 0.000000000000000000, 1.000000000000000000 ) ) ;
#1470 = DIRECTION ( 'NONE',  ( -0.000000000000000000, 1.000000000000000000, -0.000000000000000000 ) ) ;
#1471 =( NAMED_UNIT ( * ) SI_UNIT ( $, .STERADIAN. ) SOLID_ANGLE_UNIT ( ) );
#1472 = ORIENTED_EDGE ( 'NONE', *, *, #1687, .T. ) ;
#1473 = ORIENTED_EDGE ( 'NONE', *, *, #2006, .T. ) ;
#1474 = CARTESIAN_POINT ( 'NONE',  ( 0.000000000000000000, 0.6650000000000005906, 0.000000000000000000 ) ) ;
#1475 = CARTESIAN_POINT ( 'NONE',  ( 0.2999999999999999334, 0.3499999999999999778, -1.300000000000000266 ) ) ;
#1476 =( LENGTH_UNIT ( ) NAMED_UNIT ( * ) SI_UNIT ( .MILLI., .METRE. ) );
#1477 = DIRECTION ( 'NONE',  ( 0.000000000000000000, 0.000000000000000000, 1.000000000000000000 ) ) ;
#1478 = ORIENTED_EDGE ( 'NONE', *, *, #249, .T. ) ;
#1479 = CIRCLE ( 'NONE', #133, 1.000000000000000000 ) ;
#1480 = CARTESIAN_POINT ( 'NONE',  ( -1.500000000000000222, 0.000000000000000000, 0.9000000000000003553 ) ) ;
#1481 = SHAPE_DEFINITION_REPRESENTATION ( #1087, #1558 ) ;
#1482 = EDGE_LOOP ( 'NONE', ( #1787, #2854, #1884, #1249 ) ) ;
#1483 = VECTOR ( 'NONE', #2068, 1000.000000000000000 ) ;
#1484 = PLANE ( 'NONE',  #1904 ) ;
#1485 = EDGE_CURVE ( 'NONE', #11, #2498, #2689, .T. ) ;
#1486 = VERTEX_POINT ( 'NONE', #2666 ) ;
#1487 = AXIS2_PLACEMENT_3D ( 'NONE', #1234, #2344, #526 ) ;
#1488 = FACE_OUTER_BOUND ( 'NONE', #1750, .T. ) ;
#1489 = VECTOR ( 'NONE', #244, 1000.000000000000000 ) ;
#1490 = ADVANCED_FACE ( 'NONE', ( #1585 ), #477, .F. ) ;
#1491 = VERTEX_POINT ( 'NONE', #2431 ) ;
#1492 = VECTOR ( 'NONE', #2616, 999.9999999999998863 ) ;
#1493 = CARTESIAN_POINT ( 'NONE',  ( 0.2999999999999999334, 0.1650000000000000078, -0.1802775637731995895 ) ) ;
#1494 = CIRCLE ( 'NONE', #985, 0.1400000000000000411 ) ;
#1495 = SURFACE_STYLE_USAGE ( .BOTH. , #1335 ) ;
#1496 = CIRCLE ( 'NONE', #1078, 1.000000000000000000 ) ;
#1497 = DIRECTION ( 'NONE',  ( 1.084202172485504434E-16, 0.000000000000000000, -1.000000000000000000 ) ) ;
#1498 = ORIENTED_EDGE ( 'NONE', *, *, #2649, .F. ) ;
#1499 = DIRECTION ( 'NONE',  ( -1.000000000000000000, 0.000000000000000000, 0.000000000000000000 ) ) ;
#1500 = ORIENTED_EDGE ( 'NONE', *, *, #2116, .T. ) ;
#1501 = DIRECTION ( 'NONE',  ( 0.000000000000000000, 0.000000000000000000, -1.000000000000000000 ) ) ;
#1502 = ORIENTED_EDGE ( 'NONE', *, *, #2623, .F. ) ;
#1503 = DIRECTION ( 'NONE',  ( -2.710505431213761578E-16, 0.000000000000000000, 1.000000000000000000 ) ) ;
#1504 = ORIENTED_EDGE ( 'NONE', *, *, #1892, .T. ) ;
#1505 = ADVANCED_FACE ( 'NONE', ( #2210 ), #909, .T. ) ;
#1506 = CARTESIAN_POINT ( 'NONE',  ( 0.9500000000000000666, 2.022153022471871786, -0.3999999999999997446 ) ) ;
#1507 = ADVANCED_FACE ( 'NONE', ( #937 ), #437, .T. ) ;
#1508 = ADVANCED_FACE ( 'NONE', ( #1567 ), #1114, .F. ) ;
#1509 = PLANE ( 'NONE',  #187 ) ;
#1510 = LINE ( 'NONE', #2837, #1220 ) ;
#1511 = ORIENTED_EDGE ( 'NONE', *, *, #1529, .F. ) ;
#1512 = CARTESIAN_POINT ( 'NONE',  ( 0.2999999999999999334, 0.1650000000000000078, -1.000000000000000222 ) ) ;
#1513 = EDGE_LOOP ( 'NONE', ( #854, #2313, #1478, #357 ) ) ;
#1514 = DIRECTION ( 'NONE',  ( -1.000000000000000000, 0.000000000000000000, 0.000000000000000000 ) ) ;
#1515 = ORIENTED_EDGE ( 'NONE', *, *, #713, .T. ) ;
#1516 = DIRECTION ( 'NONE',  ( 1.971276677246371272E-16, 0.000000000000000000, 1.000000000000000000 ) ) ;
#1517 = SURFACE_SIDE_STYLE ('',( #2422 ) ) ;
#1518 = LINE ( 'NONE', #2004, #2609 ) ;
#1519 = DIRECTION ( 'NONE',  ( -0.000000000000000000, 1.000000000000000000, -0.000000000000000000 ) ) ;
#1520 = DIRECTION ( 'NONE',  ( 0.000000000000000000, 1.000000000000000000, 0.000000000000000000 ) ) ;
#1521 = VERTEX_POINT ( 'NONE', #878 ) ;
#1522 = EDGE_CURVE ( 'NONE', #2137, #395, #1131, .T. ) ;
#1523 = EDGE_CURVE ( 'NONE', #729, #574, #798, .T. ) ;
#1524 = DIRECTION ( 'NONE',  ( 0.000000000000000000, -1.000000000000000000, -2.371692252312040949E-16 ) ) ;
#1525 = VECTOR ( 'NONE', #518, 1000.000000000000000 ) ;
#1526 = ORIENTED_EDGE ( 'NONE', *, *, #1824, .F. ) ;
#1527 = PLANE ( 'NONE',  #839 ) ;
#1528 = AXIS2_PLACEMENT_3D ( 'NONE', #2265, #1201, #936 ) ;
#1529 = EDGE_CURVE ( 'NONE', #383, #1521, #461, .T. ) ;
#1530 = ORIENTED_EDGE ( 'NONE', *, *, #1802, .F. ) ;
#1531 = EDGE_CURVE ( 'NONE', #2112, #13, #1342, .T. ) ;
#1532 = VECTOR ( 'NONE', #2507, 1000.000000000000000 ) ;
#1533 = EDGE_CURVE ( 'NONE', #169, #2257, #2602, .T. ) ;
#1534 = AXIS2_PLACEMENT_3D ( 'NONE', #2060, #543, #60 ) ;
#1535 = LINE ( 'NONE', #2847, #2503 ) ;
#1536 = VECTOR ( 'NONE', #2018, 1000.000000000000114 ) ;
#1537 =( NAMED_UNIT ( * ) PLANE_ANGLE_UNIT ( ) SI_UNIT ( $, .RADIAN. ) );
#1538 = VECTOR ( 'NONE', #356, 1000.000000000000000 ) ;
#1539 = CARTESIAN_POINT ( 'NONE',  ( 1.499999999999999778, 0.000000000000000000, -0.8999999999999996891 ) ) ;
#1540 = PLANE ( 'NONE',  #1356 ) ;
#1541 = CLOSED_SHELL ( 'NONE', ( #490, #585, #2864, #1117, #2136, #1925, #709, #2844 ) ) ;
#1542 = EDGE_LOOP ( 'NONE', ( #1922, #496, #2795, #2079 ) ) ;
#1543 = CARTESIAN_POINT ( 'NONE',  ( 0.9500000000000000666, 0.1399999999999999301, -0.3999999999999996336 ) ) ;
#1544 = ORIENTED_EDGE ( 'NONE', *, *, #1019, .T. ) ;
#1545 = DIRECTION ( 'NONE',  ( -1.000000000000000000, 0.000000000000000000, 1.971276677246371272E-16 ) ) ;
#1546 = EDGE_LOOP ( 'NONE', ( #2102, #45, #1041, #310, #2414 ) ) ;
#1547 = CARTESIAN_POINT ( 'NONE',  ( -1.500000000000000222, 0.1400000000000000133, -0.8999999999999996891 ) ) ;
#1548 = PRESENTATION_STYLE_ASSIGNMENT (( #1495 ) ) ;
#1549 = PRESENTATION_STYLE_ASSIGNMENT (( #1986 ) ) ;
#1550 = LINE ( 'NONE', #7, #1962 ) ;
#1551 = CARTESIAN_POINT ( 'NONE',  ( 0.2599999999999998423, 0.1399999999999999301, 1.550000000000000266 ) ) ;
#1552 = EDGE_LOOP ( 'NONE', ( #2158, #1344, #41, #1826, #2753, #1790, #934, #200, #2118 ) ) ;
#1553 = CARTESIAN_POINT ( 'NONE',  ( 0.2599999999999997868, 0.1400000000000000133, 1.300000000000000266 ) ) ;
#1554 = EDGE_LOOP ( 'NONE', ( #2067, #1070, #2816, #814 ) ) ;
#1555 = EDGE_CURVE ( 'NONE', #790, #1204, #2482, .T. ) ;
#1556 = DIRECTION ( 'NONE',  ( 0.000000000000000000, -1.000000000000000000, 0.000000000000000000 ) ) ;
#1557 = ORIENTED_EDGE ( 'NONE', *, *, #1451, .F. ) ;
#1558 = ADVANCED_BREP_SHAPE_REPRESENTATION ( 'CONMHF1-SMD-T', ( #400, #429, #410, #2337, #387, #2316, #423, #2884 ), #1909 ) ;
#1559 = VERTEX_POINT ( 'NONE', #1649 ) ;
#1560 = CARTESIAN_POINT ( 'NONE',  ( 0.000000000000000000, -1.983452377915607023, -7.811055488061111817E-16 ) ) ;
#1561 = CARTESIAN_POINT ( 'NONE',  ( 0.000000000000000000, -0.8813708498984769157, 0.000000000000000000 ) ) ;
#1562 = SURFACE_STYLE_USAGE ( .BOTH. , #1294 ) ;
#1563 = CARTESIAN_POINT ( 'NONE',  ( -0.2999999999999998224, 0.1650000000000000078, -0.1802775637731998670 ) ) ;
#1564 = LINE ( 'NONE', #474, #841 ) ;
#1565 = ORIENTED_EDGE ( 'NONE', *, *, #2350, .F. ) ;
#1566 = CARTESIAN_POINT ( 'NONE',  ( -1.500000000000000222, 2.022153022471871786, 0.9000000000000003553 ) ) ;
#1567 = FACE_OUTER_BOUND ( 'NONE', #1740, .T. ) ;
#1568 = EDGE_LOOP ( 'NONE', ( #1504, #292, #355, #361 ) ) ;
#1569 = EDGE_CURVE ( 'NONE', #232, #11, #2311, .T. ) ;
#1570 = ORIENTED_EDGE ( 'NONE', *, *, #2562, .T. ) ;
#1571 = DIRECTION ( 'NONE',  ( 1.000000000000000000, 0.000000000000000000, 0.000000000000000000 ) ) ;
#1572 = AXIS2_PLACEMENT_3D ( 'NONE', #617, #1226, #1501 ) ;
#1573 = VECTOR ( 'NONE', #65, 1000.000000000000000 ) ;
#1574 = LINE ( 'NONE', #913, #32 ) ;
#1575 = VECTOR ( 'NONE', #1781, 1000.000000000000000 ) ;
#1576 = CARTESIAN_POINT ( 'NONE',  ( -1.500000000000000222, 0.1399999999999999301, -0.8999999999999996891 ) ) ;
#1577 = CONICAL_SURFACE ( 'NONE', #325, 1.000000000000000000, 0.7853981633974533860 ) ;
#1578 = CARTESIAN_POINT ( 'NONE',  ( 1.299999999999999822, 0.000000000000000000, 1.300000000000000266 ) ) ;
#1579 = PRESENTATION_LAYER_ASSIGNMENT (  '', '', ( #96 ) ) ;
#1580 = DIRECTION ( 'NONE',  ( -1.084202172485504434E-16, -0.000000000000000000, -1.000000000000000000 ) ) ;
#1581 = CIRCLE ( 'NONE', #2382, 0.1599999999999999756 ) ;
#1582 = ORIENTED_EDGE ( 'NONE', *, *, #1295, .T. ) ;
#1583 = CARTESIAN_POINT ( 'NONE',  ( -1.250000000000000000, 0.1400000000000000133, -0.8999999999999995781 ) ) ;
#1584 = COLOUR_RGB ( '',0.9019607843137255054, 0.5686274509803921351, 0.2196078431372548989 ) ;
#1585 = FACE_OUTER_BOUND ( 'NONE', #1262, .T. ) ;
#1586 = DIRECTION ( 'NONE',  ( -0.000000000000000000, -1.000000000000000000, -0.000000000000000000 ) ) ;
#1587 = ORIENTED_EDGE ( 'NONE', *, *, #2649, .T. ) ;
#1588 = ORIENTED_EDGE ( 'NONE', *, *, #1749, .F. ) ;
#1589 = LINE ( 'NONE', #467, #1305 ) ;
#1590 = ADVANCED_FACE ( 'NONE', ( #2286 ), #1844, .F. ) ;
#1591 = PLANE ( 'NONE',  #799 ) ;
#1592 = EDGE_CURVE ( 'NONE', #1521, #130, #980, .T. ) ;
#1593 = LINE ( 'NONE', #2729, #1573 ) ;
#1594 = ADVANCED_FACE ( 'NONE', ( #1233 ), #1577, .T. ) ;
#1595 = DIRECTION ( 'NONE',  ( 0.000000000000000000, 0.000000000000000000, -1.000000000000000000 ) ) ;
#1596 = CARTESIAN_POINT ( 'NONE',  ( 1.250000000000000000, 0.1400000000000000133, -0.8999999999999999112 ) ) ;
#1597 = EDGE_LOOP ( 'NONE', ( #2663, #2021, #759, #1461, #1473, #492 ) ) ;
#1598 = CARTESIAN_POINT ( 'NONE',  ( 0.000000000000000000, 0.1650000000000000078, 0.3500000000000000333 ) ) ;
#1599 = DIRECTION ( 'NONE',  ( 0.000000000000000000, 1.000000000000000000, 0.000000000000000000 ) ) ;
#1600 = CARTESIAN_POINT ( 'NONE',  ( 1.299999999999999822, 0.3499999999999999778, -0.9900000000000002132 ) ) ;
#1601 = EDGE_LOOP ( 'NONE', ( #2785, #640, #2117, #304 ) ) ;
#1602 = VERTEX_POINT ( 'NONE', #1427 ) ;
#1603 = CARTESIAN_POINT ( 'NONE',  ( 0.2999999999999998779, 0.1400000000000000133, -0.9398435971133565214 ) ) ;
#1604 = EDGE_LOOP ( 'NONE', ( #1152, #2429 ) ) ;
#1605 = CARTESIAN_POINT ( 'NONE',  ( -1.500000000000000222, 0.1399999999999999301, 0.9000000000000003553 ) ) ;
#1606 = DIRECTION ( 'NONE',  ( 0.000000000000000000, 0.000000000000000000, 1.000000000000000000 ) ) ;
#1607 = DIRECTION ( 'NONE',  ( -0.000000000000000000, -1.000000000000000000, -0.000000000000000000 ) ) ;
#1608 = EDGE_CURVE ( 'NONE', #1190, #1559, #1218, .T. ) ;
#1609 = EDGE_LOOP ( 'NONE', ( #270, #2241, #2147, #2773, #678, #2590 ) ) ;
#1610 = CARTESIAN_POINT ( 'NONE',  ( -0.2999999999999997669, 0.000000000000000000, -1.300000000000000266 ) ) ;
#1611 = ADVANCED_FACE ( 'NONE', ( #2113 ), #539, .T. ) ;
#1612 = ORIENTED_EDGE ( 'NONE', *, *, #2430, .F. ) ;
#1613 = DIRECTION ( 'NONE',  ( 0.000000000000000000, -1.000000000000000000, 0.000000000000000000 ) ) ;
#1614 = CARTESIAN_POINT ( 'NONE',  ( 0.000000000000000000, 0.03499999999999998251, 0.000000000000000000 ) ) ;
#1615 = DIRECTION ( 'NONE',  ( -0.5144957554275264577, 0.000000000000000000, -0.8574929257125440962 ) ) ;
#1616 = EDGE_CURVE ( 'NONE', #993, #659, #1830, .T. ) ;
#1617 = VERTEX_POINT ( 'NONE', #487 ) ;
#1618 = DIRECTION ( 'NONE',  ( -1.000000000000000000, 0.000000000000000000, 8.673617379884027583E-16 ) ) ;
#1619 = ADVANCED_FACE ( 'NONE', ( #2495 ), #2326, .F. ) ;
#1620 = VERTEX_POINT ( 'NONE', #726 ) ;
#1621 = EDGE_CURVE ( 'NONE', #113, #824, #2330, .T. ) ;
#1622 = CARTESIAN_POINT ( 'NONE',  ( -0.005000000000000000104, 1.167498298437621651, -0.9912382413366470635 ) ) ;
#1623 = AXIS2_PLACEMENT_3D ( 'NONE', #1561, #235, #1135 ) ;
#1624 = DIRECTION ( 'NONE',  ( -0.000000000000000000, 1.000000000000000000, -0.000000000000000000 ) ) ;
#1625 = AXIS2_PLACEMENT_3D ( 'NONE', #2544, #2758, #300 ) ;
#1626 = CARTESIAN_POINT ( 'NONE',  ( 0.000000000000000000, 0.1650000000000000078, 0.000000000000000000 ) ) ;
#1627 = ORIENTED_EDGE ( 'NONE', *, *, #904, .T. ) ;
#1628 = CIRCLE ( 'NONE', #458, 0.3499999999999999778 ) ;
#1629 = DIRECTION ( 'NONE',  ( -0.7071067811865474617, -0.000000000000000000, -0.7071067811865474617 ) ) ;
#1630 = ADVANCED_FACE ( 'NONE', ( #2099 ), #1187, .F. ) ;
#1631 = ORIENTED_EDGE ( 'NONE', *, *, #2260, .F. ) ;
#1632 = AXIS2_PLACEMENT_3D ( 'NONE', #1248, #1042, #584 ) ;
#1633 = CARTESIAN_POINT ( 'NONE',  ( -1.250000000000000000, 0.1400000000000000133, 0.9000000000000001332 ) ) ;
#1634 = CARTESIAN_POINT ( 'NONE',  ( 0.9500000000000000666, 0.1400000000000000133, -0.3999999999999997446 ) ) ;
#1635 = DIRECTION ( 'NONE',  ( 1.000000000000000000, 0.000000000000000000, 0.000000000000000000 ) ) ;
#1636 = CIRCLE ( 'NONE', #1913, 0.2500000000000000000 ) ;
#1637 = ORIENTED_EDGE ( 'NONE', *, *, #800, .F. ) ;
#1638 = VECTOR ( 'NONE', #1247, 1000.000000000000000 ) ;
#1639 = ORIENTED_EDGE ( 'NONE', *, *, #2195, .T. ) ;
#1640 = DIRECTION ( 'NONE',  ( 0.000000000000000000, 1.000000000000000000, 0.000000000000000000 ) ) ;
#1641 = VERTEX_POINT ( 'NONE', #85 ) ;
#1642 = CARTESIAN_POINT ( 'NONE',  ( 0.3000000000000002109, 2.022153022471871786, -1.549999999999999600 ) ) ;
#1643 = CARTESIAN_POINT ( 'NONE',  ( 0.2999999999999999334, 0.1650000000000000078, -1.000000000000000222 ) ) ;
#1644 = CARTESIAN_POINT ( 'NONE',  ( -1.300000000000000488, 0.000000000000000000, -0.8999999999999995781 ) ) ;
#1645 = ORIENTED_EDGE ( 'NONE', *, *, #2438, .T. ) ;
#1646 = DIRECTION ( 'NONE',  ( 0.000000000000000000, -1.000000000000000000, 0.000000000000000000 ) ) ;
#1647 = ORIENTED_EDGE ( 'NONE', *, *, #2661, .F. ) ;
#1648 = DIRECTION ( 'NONE',  ( -0.000000000000000000, -1.000000000000000000, 0.000000000000000000 ) ) ;
#1649 = CARTESIAN_POINT ( 'NONE',  ( 0.2999999999999999334, 0.02499999999999998404, -0.1802775637731995895 ) ) ;
#1650 = CARTESIAN_POINT ( 'NONE',  ( -0.2600000000000002864, 0.000000000000000000, 1.000000000000000000 ) ) ;
#1651 = VERTEX_POINT ( 'NONE', #1634 ) ;
#1652 = ORIENTED_EDGE ( 'NONE', *, *, #2129, .T. ) ;
#1653 = DIRECTION ( 'NONE',  ( 8.673617379884041389E-16, 0.000000000000000000, -1.000000000000000000 ) ) ;
#1654 = LINE ( 'NONE', #1433, #647 ) ;
#1655 = DIRECTION ( 'NONE',  ( 0.000000000000000000, 0.000000000000000000, 1.000000000000000000 ) ) ;
#1656 = ADVANCED_FACE ( 'NONE', ( #2266 ), #762, .F. ) ;
#1657 = DIRECTION ( 'NONE',  ( 0.000000000000000000, -1.000000000000000000, 0.000000000000000000 ) ) ;
#1658 = ORIENTED_EDGE ( 'NONE', *, *, #1060, .T. ) ;
#1659 = DIRECTION ( 'NONE',  ( 0.000000000000000000, -1.000000000000000000, 0.000000000000000000 ) ) ;
#1660 = DIRECTION ( 'NONE',  ( -0.000000000000000000, 1.000000000000000000, -0.000000000000000000 ) ) ;
#1661 = ADVANCED_FACE ( 'NONE', ( #2517 ), #73, .F. ) ;
#1662 = PLANE ( 'NONE',  #1625 ) ;
#1663 = CARTESIAN_POINT ( 'NONE',  ( -0.9500000000000000666, 2.022153022471871786, 0.4000000000000001887 ) ) ;
#1664 = DIRECTION ( 'NONE',  ( -0.000000000000000000, 1.000000000000000000, -0.000000000000000000 ) ) ;
#1665 = ORIENTED_EDGE ( 'NONE', *, *, #372, .F. ) ;
#1666 = ORIENTED_EDGE ( 'NONE', *, *, #2473, .F. ) ;
#1667 = DIRECTION ( 'NONE',  ( 1.000000000000000000, 0.000000000000000000, -0.000000000000000000 ) ) ;
#1668 = EDGE_CURVE ( 'NONE', #1129, #809, #1202, .T. ) ;
#1669 = VERTEX_POINT ( 'NONE', #788 ) ;
#1670 = DIRECTION ( 'NONE',  ( 1.000000000000000000, 0.000000000000000000, -0.000000000000000000 ) ) ;
#1671 = VECTOR ( 'NONE', #958, 1000.000000000000000 ) ;
#1672 = ORIENTED_EDGE ( 'NONE', *, *, #2462, .T. ) ;
#1673 = CARTESIAN_POINT ( 'NONE',  ( 1.299999999999999822, 0.3499999999999999778, 1.300000000000000266 ) ) ;
#1674 = AXIS2_PLACEMENT_3D ( 'NONE', #1512, #2747, #753 ) ;
#1675 = AXIS2_PLACEMENT_3D ( 'NONE', #827, #578, #2383 ) ;
#1676 = CARTESIAN_POINT ( 'NONE',  ( 0.000000000000000000, 0.000000000000000000, 0.000000000000000000 ) ) ;
#1677 = AXIS2_PLACEMENT_3D ( 'NONE', #1450, #1684, #2570 ) ;
#1678 = CARTESIAN_POINT ( 'NONE',  ( 0.005000000000000000971, 1.184996595727812352, -0.9824889804565858364 ) ) ;
#1679 = CARTESIAN_POINT ( 'NONE',  ( 0.2999999999999999334, 0.1650000000000000078, -1.000000000000000222 ) ) ;
#1680 = AXIS2_PLACEMENT_3D ( 'NONE', #525, #554, #2069 ) ;
#1681 = ORIENTED_EDGE ( 'NONE', *, *, #2776, .T. ) ;
#1682 = EDGE_LOOP ( 'NONE', ( #2109, #2720, #2547, #1240 ) ) ;
#1683 = VECTOR ( 'NONE', #2820, 1000.000000000000000 ) ;
#1684 = DIRECTION ( 'NONE',  ( 0.000000000000000000, -1.000000000000000000, 0.000000000000000000 ) ) ;
#1685 = ORIENTED_EDGE ( 'NONE', *, *, #779, .F. ) ;
#1686 = AXIS2_PLACEMENT_3D ( 'NONE', #1839, #1138, #2030 ) ;
#1687 = EDGE_CURVE ( 'NONE', #747, #350, #1051, .T. ) ;
#1688 = PLANE ( 'NONE',  #2791 ) ;
#1689 = ORIENTED_EDGE ( 'NONE', *, *, #2408, .T. ) ;
#1690 = CARTESIAN_POINT ( 'NONE',  ( -0.005000000000000092912, 0.4999999999999997780, -0.9999874999218739680 ) ) ;
#1691 = CARTESIAN_POINT ( 'NONE',  ( 0.000000000000000000, 0.2500000000000000000, 0.000000000000000000 ) ) ;
#1692 = CARTESIAN_POINT ( 'NONE',  ( 0.005000000000000003574, 1.234164964995097646, -0.9579044691797773403 ) ) ;
#1693 = EDGE_LOOP ( 'NONE', ( #1205, #129, #984, #1689, #1972, #588, #2548, #26, #299, #2577 ) ) ;
#1694 = ORIENTED_EDGE ( 'NONE', *, *, #494, .T. ) ;
#1695 = CARTESIAN_POINT ( 'NONE',  ( -0.9900000000000006573, 0.000000000000000000, -1.300000000000000266 ) ) ;
#1696 = ORIENTED_EDGE ( 'NONE', *, *, #2169, .F. ) ;
#1697 = FACE_OUTER_BOUND ( 'NONE', #1546, .T. ) ;
#1698 = DIRECTION ( 'NONE',  ( 0.000000000000000000, 0.000000000000000000, -1.000000000000000000 ) ) ;
#1699 = VERTEX_POINT ( 'NONE', #2782 ) ;
#1700 = FACE_OUTER_BOUND ( 'NONE', #1989, .T. ) ;
#1701 = EDGE_CURVE ( 'NONE', #1140, #2523, #831, .T. ) ;
#1702 = ORIENTED_EDGE ( 'NONE', *, *, #593, .F. ) ;
#1703 = CARTESIAN_POINT ( 'NONE',  ( -0.2600000000000002864, 2.022153022471871786, 1.000000000000000000 ) ) ;
#1704 = ADVANCED_FACE ( 'NONE', ( #820 ), #1286, .F. ) ;
#1705 = ORIENTED_EDGE ( 'NONE', *, *, #1522, .F. ) ;
#1706 = CARTESIAN_POINT ( 'NONE',  ( 0.000000000000000000, 0.000000000000000000, 0.000000000000000000 ) ) ;
#1707 = ORIENTED_EDGE ( 'NONE', *, *, #2380, .T. ) ;
#1708 = DIRECTION ( 'NONE',  ( 9.856383386231871153E-17, 0.000000000000000000, 1.000000000000000000 ) ) ;
#1709 = ADVANCED_FACE ( 'NONE', ( #808 ), #2167, .F. ) ;
#1710 = EDGE_CURVE ( 'NONE', #1054, #993, #44, .T. ) ;
#1711 = VERTEX_POINT ( 'NONE', #1480 ) ;
#1712 = LINE ( 'NONE', #2595, #368 ) ;
#1713 = EDGE_CURVE ( 'NONE', #1916, #113, #501, .T. ) ;
#1714 = FILL_AREA_STYLE_COLOUR ( '', #2334 ) ;
#1715 = DIRECTION ( 'NONE',  ( 0.000000000000000000, 0.000000000000000000, 1.000000000000000000 ) ) ;
#1716 = EDGE_LOOP ( 'NONE', ( #2225, #118, #917, #2486, #2441, #567 ) ) ;
#1717 = AXIS2_PLACEMENT_3D ( 'NONE', #1146, #1998, #2668 ) ;
#1718 = DIRECTION ( 'NONE',  ( 0.000000000000000000, -1.000000000000000000, -0.000000000000000000 ) ) ;
#1719 = EDGE_CURVE ( 'NONE', #2124, #2760, #167, .T. ) ;
#1720 = MECHANICAL_DESIGN_GEOMETRIC_PRESENTATION_REPRESENTATION (  '', ( #2554 ), #221 ) ;
#1721 = VERTEX_POINT ( 'NONE', #2181 ) ;
#1722 = AXIS2_PLACEMENT_3D ( 'NONE', #37, #1816, #643 ) ;
#1723 = DIRECTION ( 'NONE',  ( 0.000000000000000000, 0.000000000000000000, -1.000000000000000000 ) ) ;
#1724 = ORIENTED_EDGE ( 'NONE', *, *, #2654, .T. ) ;
#1725 = CIRCLE ( 'NONE', #2648, 0.8250000000000000666 ) ;
#1726 = DIRECTION ( 'NONE',  ( 1.000000000000000000, 0.000000000000000000, 0.000000000000000000 ) ) ;
#1727 = CIRCLE ( 'NONE', #2188, 0.8250000000000000666 ) ;
#1728 = ORIENTED_EDGE ( 'NONE', *, *, #1965, .T. ) ;
#1729 = MECHANICAL_DESIGN_GEOMETRIC_PRESENTATION_REPRESENTATION (  '', ( #96 ), #1223 ) ;
#1730 = DIRECTION ( 'NONE',  ( 0.000000000000000000, 0.000000000000000000, -1.000000000000000000 ) ) ;
#1731 = VECTOR ( 'NONE', #1794, 1000.000000000000000 ) ;
#1732 =( LENGTH_UNIT ( ) NAMED_UNIT ( * ) SI_UNIT ( .MILLI., .METRE. ) );
#1733 = LINE ( 'NONE', #2367, #1683 ) ;
#1734 = CARTESIAN_POINT ( 'NONE',  ( -0.9500000000000000666, 0.1399999999999999301, 0.4000000000000000777 ) ) ;
#1735 = LINE ( 'NONE', #402, #982 ) ;
#1736 = VERTEX_POINT ( 'NONE', #1949 ) ;
#1737 = CARTESIAN_POINT ( 'NONE',  ( -0.2999999999999997669, -0.000000000000000000, -1.549999999999999600 ) ) ;
#1738 = ORIENTED_EDGE ( 'NONE', *, *, #1825, .F. ) ;
#1739 = PLANE ( 'NONE',  #269 ) ;
#1740 = EDGE_LOOP ( 'NONE', ( #1385, #604, #2761, #1189 ) ) ;
#1741 = FACE_OUTER_BOUND ( 'NONE', #2551, .T. ) ;
#1742 = FACE_OUTER_BOUND ( 'NONE', #359, .T. ) ;
#1743 = CARTESIAN_POINT ( 'NONE',  ( -0.2600000000000002864, 0.000000000000000000, 1.000000000000000000 ) ) ;
#1744 = EDGE_CURVE ( 'NONE', #1933, #2557, #1510, .T. ) ;
#1745 = EDGE_CURVE ( 'NONE', #784, #1099, #1735, .T. ) ;
#1746 = FACE_OUTER_BOUND ( 'NONE', #2828, .T. ) ;
#1747 = DIRECTION ( 'NONE',  ( 0.000000000000000000, 0.000000000000000000, -1.000000000000000000 ) ) ;
#1748 = EDGE_CURVE ( 'NONE', #212, #2009, #2127, .T. ) ;
#1749 = EDGE_CURVE ( 'NONE', #1354, #747, #182, .T. ) ;
#1750 = EDGE_LOOP ( 'NONE', ( #121, #1291, #62, #2288 ) ) ;
#1751 = DIRECTION ( 'NONE',  ( 0.000000000000000000, 2.710505431213760296E-15, 1.000000000000000000 ) ) ;
#1752 = ORIENTED_EDGE ( 'NONE', *, *, #1192, .F. ) ;
#1753 = CARTESIAN_POINT ( 'NONE',  ( 0.004999999999999999237, 1.309999999999999831, -0.9999874999218739680 ) ) ;
#1754 = ORIENTED_EDGE ( 'NONE', *, *, #738, .F. ) ;
#1755 = CARTESIAN_POINT ( 'NONE',  ( 0.005000000000000006176, 0.6785438269523851318, -0.9385305112090231994 ) ) ;
#1756 = CARTESIAN_POINT ( 'NONE',  ( -0.005000000000000001839, 1.202494891775211627, -0.9737397170909745103 ) ) ;
#1757 = SURFACE_STYLE_FILL_AREA ( #2860 ) ;
#1758 = DIRECTION ( 'NONE',  ( -0.000000000000000000, 1.000000000000000000, -0.000000000000000000 ) ) ;
#1759 = FACE_OUTER_BOUND ( 'NONE', #2271, .T. ) ;
#1760 = ORIENTED_EDGE ( 'NONE', *, *, #348, .T. ) ;
#1761 = FACE_OUTER_BOUND ( 'NONE', #2643, .T. ) ;
#1762 = AXIS2_PLACEMENT_3D ( 'NONE', #469, #945, #2062 ) ;
#1763 = ORIENTED_EDGE ( 'NONE', *, *, #386, .F. ) ;
#1764 = CARTESIAN_POINT ( 'NONE',  ( 0.004999999999999999237, 0.4999999999999997780, -0.9999874999218739680 ) ) ;
#1765 = VECTOR ( 'NONE', #641, 1000.000000000000000 ) ;
#1766 = ORIENTED_EDGE ( 'NONE', *, *, #2430, .T. ) ;
#1767 = CIRCLE ( 'NONE', #692, 0.9250000000000000444 ) ;
#1768 = CARTESIAN_POINT ( 'NONE',  ( 0.000000000000000000, 0.03499999999999998251, -0.1399999999999999856 ) ) ;
#1769 = AXIS2_PLACEMENT_3D ( 'NONE', #510, #2298, #2737 ) ;
#1770 = AXIS2_PLACEMENT_3D ( 'NONE', #1338, #905, #199 ) ;
#1771 = AXIS2_PLACEMENT_3D ( 'NONE', #2138, #2165, #140 ) ;
#1772 = DIRECTION ( 'NONE',  ( 0.000000000000000000, -1.000000000000000000, 0.000000000000000000 ) ) ;
#1773 = LINE ( 'NONE', #220, #2192 ) ;
#1774 = CLOSED_SHELL ( 'NONE', ( #832, #283, #1611, #1505, #197, #1079, #1281, #544 ) ) ;
#1775 = FACE_BOUND ( 'NONE', #1800, .T. ) ;
#1776 = EDGE_LOOP ( 'NONE', ( #243, #2333, #1778, #2734, #710, #1842 ) ) ;
#1777 = CARTESIAN_POINT ( 'NONE',  ( -1.300000000000000488, 0.1400000000000000133, 0.9000000000000001332 ) ) ;
#1778 = ORIENTED_EDGE ( 'NONE', *, *, #2694, .F. ) ;
#1779 = CARTESIAN_POINT ( 'NONE',  ( 0.000000000000000000, 0.02499999999999998404, 0.000000000000000000 ) ) ;
#1780 = ORIENTED_EDGE ( 'NONE', *, *, #888, .T. ) ;
#1781 = DIRECTION ( 'NONE',  ( 1.000000000000000000, 0.000000000000000000, 4.336808689942013792E-16 ) ) ;
#1782 = CARTESIAN_POINT ( 'NONE',  ( -0.2600000000000002309, 0.000000000000000000, 1.300000000000000266 ) ) ;
#1783 = CARTESIAN_POINT ( 'NONE',  ( -1.300000000000000488, 0.3499999999999999778, 1.300000000000000266 ) ) ;
#1784 = CARTESIAN_POINT ( 'NONE',  ( 0.000000000000000000, 0.03499999999999998251, 0.000000000000000000 ) ) ;
#1785 = DIRECTION ( 'NONE',  ( 0.000000000000000000, -1.000000000000000000, 0.000000000000000000 ) ) ;
#1786 = ADVANCED_FACE ( 'NONE', ( #1027 ), #572, .T. ) ;
#1787 = ORIENTED_EDGE ( 'NONE', *, *, #2681, .T. ) ;
#1788 = LINE ( 'NONE', #10, #2273 ) ;
#1789 = ORIENTED_EDGE ( 'NONE', *, *, #404, .T. ) ;
#1790 = ORIENTED_EDGE ( 'NONE', *, *, #278, .T. ) ;
#1791 = LINE ( 'NONE', #493, #225 ) ;
#1792 = CARTESIAN_POINT ( 'NONE',  ( 1.836970198721029441E-17, 0.03499999999999998251, 0.1499999999999999944 ) ) ;
#1793 =( LENGTH_UNIT ( ) NAMED_UNIT ( * ) SI_UNIT ( .MILLI., .METRE. ) );
#1794 = DIRECTION ( 'NONE',  ( -1.000000000000000000, -0.000000000000000000, 0.000000000000000000 ) ) ;
#1795 = PLANE ( 'NONE',  #1770 ) ;
#1796 = ORIENTED_EDGE ( 'NONE', *, *, #111, .F. ) ;
#1797 = CARTESIAN_POINT ( 'NONE',  ( 0.005000000000000018319, 1.249999999999999778, -0.8249848483457137283 ) ) ;
#1798 = DIRECTION ( 'NONE',  ( 0.000000000000000000, 0.000000000000000000, -1.000000000000000000 ) ) ;
#1799 = CARTESIAN_POINT ( 'NONE',  ( -0.2999999999999997113, 0.01250000000000000590, -0.8820184295822546261 ) ) ;
#1800 = EDGE_LOOP ( 'NONE', ( #2148, #2745 ) ) ;
#1801 =( GEOMETRIC_REPRESENTATION_CONTEXT ( 3 ) GLOBAL_UNCERTAINTY_ASSIGNED_CONTEXT ( ( #338 ) ) GLOBAL_UNIT_ASSIGNED_CONTEXT ( ( #1732, #1537, #2830 ) ) REPRESENTATION_CONTEXT ( 'NONE', 'WORKASPACE' ) );
#1802 = EDGE_CURVE ( 'NONE', #516, #770, #889, .T. ) ;
#1803 = EDGE_CURVE ( 'NONE', #2580, #2788, #2145, .T. ) ;
#1804 = CARTESIAN_POINT ( 'NONE',  ( -1.300000000000000488, 0.000000000000000000, 1.300000000000000266 ) ) ;
#1805 = VECTOR ( 'NONE', #1864, 1000.000000000000000 ) ;
#1806 = DIRECTION ( 'NONE',  ( 0.000000000000000000, 0.000000000000000000, -1.000000000000000000 ) ) ;
#1807 = VECTOR ( 'NONE', #2759, 1000.000000000000000 ) ;
#1808 = CARTESIAN_POINT ( 'NONE',  ( -0.2999999999999997113, 0.2799999999999999711, -1.035806737948847367 ) ) ;
#1809 = AXIS2_PLACEMENT_3D ( 'NONE', #2358, #1926, #2603 ) ;
#1810 = CARTESIAN_POINT ( 'NONE',  ( 0.000000000000000000, 0.3499999999999999778, 0.000000000000000000 ) ) ;
#1811 = CIRCLE ( 'NONE', #2003, 0.2500000000000000000 ) ;
#1812 = CARTESIAN_POINT ( 'NONE',  ( 0.9899999999999997691, 0.3499999999999999778, -1.300000000000000266 ) ) ;
#1813 = VECTOR ( 'NONE', #282, 1000.000000000000000 ) ;
#1814 = VERTEX_POINT ( 'NONE', #597 ) ;
#1815 = FACE_OUTER_BOUND ( 'NONE', #2354, .T. ) ;
#1816 = DIRECTION ( 'NONE',  ( 0.7071067811865475727, -0.000000000000000000, 0.7071067811865475727 ) ) ;
#1817 = DIRECTION ( 'NONE',  ( -0.000000000000000000, -1.000000000000000000, -0.000000000000000000 ) ) ;
#1818 = VERTEX_POINT ( 'NONE', #126 ) ;
#1819 = CARTESIAN_POINT ( 'NONE',  ( -0.9499999999999998446, 0.1400000000000000133, -0.3999999999999997446 ) ) ;
#1820 = ORIENTED_EDGE ( 'NONE', *, *, #2076, .T. ) ;
#1821 = LINE ( 'NONE', #686, #274 ) ;
#1822 = CARTESIAN_POINT ( 'NONE',  ( 0.005000000000000018319, -1.983452377915607023, -0.8249848483457145054 ) ) ;
#1823 = CARTESIAN_POINT ( 'NONE',  ( -0.9499999999999998446, 0.1400000000000000133, -0.3999999999999997446 ) ) ;
#1824 = EDGE_CURVE ( 'NONE', #2788, #155, #2371, .T. ) ;
#1825 = EDGE_CURVE ( 'NONE', #2867, #318, #1727, .T. ) ;
#1826 = ORIENTED_EDGE ( 'NONE', *, *, #1326, .T. ) ;
#1827 = FACE_OUTER_BOUND ( 'NONE', #1366, .T. ) ;
#1828 = EDGE_CURVE ( 'NONE', #1222, #89, #209, .T. ) ;
#1829 = ADVANCED_FACE ( 'NONE', ( #2467 ), #1795, .F. ) ;
#1830 = LINE ( 'NONE', #2722, #695 ) ;
#1831 = LINE ( 'NONE', #2083, #271 ) ;
#1832 = EDGE_CURVE ( 'NONE', #171, #2026, #2863, .T. ) ;
#1833 = ORIENTED_EDGE ( 'NONE', *, *, #2473, .T. ) ;
#1834 = VERTEX_POINT ( 'NONE', #1125 ) ;
#1835 = DIRECTION ( 'NONE',  ( 0.000000000000000000, 1.000000000000000000, 0.000000000000000000 ) ) ;
#1836 = ORIENTED_EDGE ( 'NONE', *, *, #1803, .F. ) ;
#1837 = FACE_OUTER_BOUND ( 'NONE', #2013, .T. ) ;
#1838 = DIRECTION ( 'NONE',  ( 0.5144957554275264577, 0.000000000000000000, 0.8574929257125440962 ) ) ;
#1839 = CARTESIAN_POINT ( 'NONE',  ( -1.250000000000000000, 2.022153022471871786, 0.9000000000000001332 ) ) ;
#1840 = EDGE_LOOP ( 'NONE', ( #1302, #2673, #2500, #672 ) ) ;
#1841 = CARTESIAN_POINT ( 'NONE',  ( 0.3000000000000002109, 2.022153022471871786, -1.549999999999999600 ) ) ;
#1842 = ORIENTED_EDGE ( 'NONE', *, *, #2020, .F. ) ;
#1843 = DIRECTION ( 'NONE',  ( -0.000000000000000000, -1.000000000000000000, -0.000000000000000000 ) ) ;
#1844 = PLANE ( 'NONE',  #652 ) ;
#1845 = CARTESIAN_POINT ( 'NONE',  ( 0.000000000000000000, 1.249999999999999778, -1.423015351387220872E-17 ) ) ;
#1846 = ORIENTED_EDGE ( 'NONE', *, *, #43, .F. ) ;
#1847 = CARTESIAN_POINT ( 'NONE',  ( 0.2999999999999999334, 0.1650000000000000078, -1.000000000000000222 ) ) ;
#1848 = ORIENTED_EDGE ( 'NONE', *, *, #2260, .T. ) ;
#1849 = LINE ( 'NONE', #2107, #317 ) ;
#1850 = VECTOR ( 'NONE', #1171, 1000.000000000000000 ) ;
#1851 = PLANE ( 'NONE',  #1905 ) ;
#1852 = VECTOR ( 'NONE', #268, 1000.000000000000000 ) ;
#1853 = AXIS2_PLACEMENT_3D ( 'NONE', #1560, #2448, #451 ) ;
#1854 = FACE_OUTER_BOUND ( 'NONE', #1552, .T. ) ;
#1855 = PRESENTATION_LAYER_ASSIGNMENT (  '', '', ( #650 ) ) ;
#1856 = VERTEX_POINT ( 'NONE', #459 ) ;
#1857 = AXIS2_PLACEMENT_3D ( 'NONE', #23, #919, #1798 ) ;
#1858 = DIRECTION ( 'NONE',  ( 0.000000000000000000, 0.000000000000000000, -1.000000000000000000 ) ) ;
#1859 = EDGE_CURVE ( 'NONE', #996, #130, #418, .T. ) ;
#1860 = ORIENTED_EDGE ( 'NONE', *, *, #2380, .F. ) ;
#1861 = AXIS2_PLACEMENT_3D ( 'NONE', #1779, #1556, #2445 ) ;
#1862 = DIRECTION ( 'NONE',  ( -0.000000000000000000, 1.000000000000000000, 2.371692252312040949E-16 ) ) ;
#1863 = DIRECTION ( 'NONE',  ( -0.000000000000000000, 1.000000000000000000, -0.000000000000000000 ) ) ;
#1864 = DIRECTION ( 'NONE',  ( -1.000000000000000000, -0.000000000000000000, 0.000000000000000000 ) ) ;
#1865 = VECTOR ( 'NONE', #52, 1000.000000000000000 ) ;
#1866 = ORIENTED_EDGE ( 'NONE', *, *, #2731, .F. ) ;
#1867 = CIRCLE ( 'NONE', #990, 0.1499999999999999944 ) ;
#1868 = ORIENTED_EDGE ( 'NONE', *, *, #2516, .T. ) ;
#1869 = DIRECTION ( 'NONE',  ( -1.000000000000000000, 0.000000000000000000, -0.000000000000000000 ) ) ;
#1870 = EDGE_LOOP ( 'NONE', ( #599, #2059 ) ) ;
#1871 = DIRECTION ( 'NONE',  ( 0.000000000000000000, 1.000000000000000000, 0.000000000000000000 ) ) ;
#1872 = FACE_OUTER_BOUND ( 'NONE', #1840, .T. ) ;
#1873 = EDGE_CURVE ( 'NONE', #318, #516, #639, .T. ) ;
#1874 = EDGE_LOOP ( 'NONE', ( #1207, #684, #1887, #1789 ) ) ;
#1875 = DIRECTION ( 'NONE',  ( 0.000000000000000000, 0.000000000000000000, -1.000000000000000000 ) ) ;
#1876 = LINE ( 'NONE', #830, #2513 ) ;
#1877 = DIRECTION ( 'NONE',  ( 1.000000000000000000, 0.000000000000000000, -1.224646799147353207E-16 ) ) ;
#1878 = EDGE_CURVE ( 'NONE', #2839, #1699, #1365, .T. ) ;
#1879 = DIRECTION ( 'NONE',  ( 0.000000000000000000, 0.000000000000000000, -1.000000000000000000 ) ) ;
#1880 = CARTESIAN_POINT ( 'NONE',  ( 0.9499999999999998446, 0.000000000000000000, 0.4000000000000001887 ) ) ;
#1881 = ORIENTED_EDGE ( 'NONE', *, *, #1137, .T. ) ;
#1882 = ORIENTED_EDGE ( 'NONE', *, *, #1170, .T. ) ;
#1883 = CARTESIAN_POINT ( 'NONE',  ( 0.000000000000000000, 0.6650000000000005906, 0.000000000000000000 ) ) ;
#1884 = ORIENTED_EDGE ( 'NONE', *, *, #1107, .F. ) ;
#1885 = DIRECTION ( 'NONE',  ( -1.000000000000000000, 0.000000000000000000, -0.000000000000000000 ) ) ;
#1886 = CARTESIAN_POINT ( 'NONE',  ( 0.2599999999999997868, 0.000000000000000000, 1.000000000000000000 ) ) ;
#1887 = ORIENTED_EDGE ( 'NONE', *, *, #853, .T. ) ;
#1888 = CARTESIAN_POINT ( 'NONE',  ( -1.250000000000000000, 0.1400000000000000133, 0.9000000000000001332 ) ) ;
#1889 = FACE_OUTER_BOUND ( 'NONE', #33, .T. ) ;
#1890 = DIRECTION ( 'NONE',  ( 1.971276677246371272E-16, 0.000000000000000000, 1.000000000000000000 ) ) ;
#1891 = DIRECTION ( 'NONE',  ( 0.000000000000000000, 0.000000000000000000, 1.000000000000000000 ) ) ;
#1892 = EDGE_CURVE ( 'NONE', #541, #826, #1564, .T. ) ;
#1893 = ORIENTED_EDGE ( 'NONE', *, *, #2435, .T. ) ;
#1894 = ORIENTED_EDGE ( 'NONE', *, *, #1950, .F. ) ;
#1895 = CARTESIAN_POINT ( 'NONE',  ( -1.250000000000000000, 0.000000000000000000, 0.9000000000000001332 ) ) ;
#1896 = EDGE_CURVE ( 'NONE', #2605, #232, #653, .T. ) ;
#1897 = ORIENTED_EDGE ( 'NONE', *, *, #1358, .T. ) ;
#1898 = EDGE_CURVE ( 'NONE', #541, #350, #2878, .T. ) ;
#1899 = CARTESIAN_POINT ( 'NONE',  ( -0.005000000000000006176, 0.6785438269523850208, -0.9385305112090231994 ) ) ;
#1900 = CARTESIAN_POINT ( 'NONE',  ( -0.2999999999999997113, 0.1400000000000000133, -0.9398435971133565214 ) ) ;
#1901 = STYLED_ITEM ( 'NONE', ( #1548 ), #423 ) ;
#1902 = ORIENTED_EDGE ( 'NONE', *, *, #1001, .F. ) ;
#1903 = CARTESIAN_POINT ( 'NONE',  ( -1.250000000000000000, 2.022153022471871786, -0.8999999999999995781 ) ) ;
#1904 = AXIS2_PLACEMENT_3D ( 'NONE', #1053, #394, #2304 ) ;
#1905 = AXIS2_PLACEMENT_3D ( 'NONE', #295, #2488, #1838 ) ;
#1906 = DIRECTION ( 'NONE',  ( 0.000000000000000000, -1.000000000000000000, 0.000000000000000000 ) ) ;
#1907 = AXIS2_PLACEMENT_3D ( 'NONE', #2347, #1943, #1251 ) ;
#1908 = CARTESIAN_POINT ( 'NONE',  ( 0.000000000000000000, 0.6650000000000005906, 0.9250000000000000444 ) ) ;
#1909 =( GEOMETRIC_REPRESENTATION_CONTEXT ( 3 ) GLOBAL_UNCERTAINTY_ASSIGNED_CONTEXT ( ( #57 ) ) GLOBAL_UNIT_ASSIGNED_CONTEXT ( ( #2373, #2589, #1471 ) ) REPRESENTATION_CONTEXT ( 'NONE', 'WORKASPACE' ) );
#1910 = VECTOR ( 'NONE', #1988, 1000.000000000000000 ) ;
#1911 = EDGE_LOOP ( 'NONE', ( #1447, #922, #1401, #99, #1112, #2784, #9, #1029, #1267 ) ) ;
#1912 = ORIENTED_EDGE ( 'NONE', *, *, #1687, .F. ) ;
#1913 = AXIS2_PLACEMENT_3D ( 'NONE', #707, #771, #550 ) ;
#1914 = LINE ( 'NONE', #1753, #2881 ) ;
#1915 = UNCERTAINTY_MEASURE_WITH_UNIT (LENGTH_MEASURE( 1.000000000000000082E-05 ), #327, 'distance_accuracy_value', 'NONE');
#1916 = VERTEX_POINT ( 'NONE', #443 ) ;
#1917 = AXIS2_PLACEMENT_3D ( 'NONE', #166, #1327, #2849 ) ;
#1918 = EDGE_CURVE ( 'NONE', #1736, #390, #2412, .T. ) ;
#1919 = CARTESIAN_POINT ( 'NONE',  ( 0.000000000000000000, 0.2500000000000000000, 0.000000000000000000 ) ) ;
#1920 = FACE_OUTER_BOUND ( 'NONE', #642, .T. ) ;
#1921 = EDGE_CURVE ( 'NONE', #250, #406, #420, .T. ) ;
#1922 = ORIENTED_EDGE ( 'NONE', *, *, #1569, .F. ) ;
#1923 = CARTESIAN_POINT ( 'NONE',  ( 0.9499999999999998446, 0.1400000000000000133, 0.4000000000000001887 ) ) ;
#1924 = DIRECTION ( 'NONE',  ( 0.000000000000000000, 0.000000000000000000, -1.000000000000000000 ) ) ;
#1925 = ADVANCED_FACE ( 'NONE', ( #1775, #2240 ), #238, .T. ) ;
#1926 = DIRECTION ( 'NONE',  ( 1.000000000000000000, 0.000000000000000000, -1.971276677246371272E-16 ) ) ;
#1927 = ADVANCED_FACE ( 'NONE', ( #874 ), #1313, .T. ) ;
#1928 = APPLICATION_PROTOCOL_DEFINITION ( 'draft international standard', 'automotive_design', 1998, #2394 ) ;
#1929 = ORIENTED_EDGE ( 'NONE', *, *, #2435, .F. ) ;
#1930 = ORIENTED_EDGE ( 'NONE', *, *, #2624, .F. ) ;
#1931 = FACE_OUTER_BOUND ( 'NONE', #385, .T. ) ;
#1932 = EDGE_CURVE ( 'NONE', #1641, #2124, #2220, .T. ) ;
#1933 = VERTEX_POINT ( 'NONE', #693 ) ;
#1934 = CARTESIAN_POINT ( 'NONE',  ( -0.005000000000000002706, 0.7056314933461964589, -0.9656185483626571475 ) ) ;
#1935 = DIRECTION ( 'NONE',  ( 0.000000000000000000, 0.000000000000000000, 1.000000000000000000 ) ) ;
#1936 = ADVANCED_FACE ( 'NONE', ( #1759 ), #2886, .T. ) ;
#1937 = CARTESIAN_POINT ( 'NONE',  ( -0.9500000000000000666, 0.1399999999999999301, 0.4000000000000001887 ) ) ;
#1938 = DIRECTION ( 'NONE',  ( 1.084202172485504434E-16, 0.000000000000000000, -1.000000000000000000 ) ) ;
#1939 = DIRECTION ( 'NONE',  ( -2.710505431213761578E-16, 0.000000000000000000, 1.000000000000000000 ) ) ;
#1940 = VERTEX_POINT ( 'NONE', #890 ) ;
#1941 = CARTESIAN_POINT ( 'NONE',  ( -1.500000000000000222, -0.000000000000000000, -0.8999999999999996891 ) ) ;
#1942 = ORIENTED_EDGE ( 'NONE', *, *, #1325, .T. ) ;
#1943 = DIRECTION ( 'NONE',  ( 4.336808689942013299E-16, 0.000000000000000000, -1.000000000000000000 ) ) ;
#1944 = CARTESIAN_POINT ( 'NONE',  ( 0.005000000000000007910, 0.6650000000000005906, -0.9249864863877742538 ) ) ;
#1945 = CARTESIAN_POINT ( 'NONE',  ( 0.2599999999999997868, 2.022153022471871786, 1.000000000000000000 ) ) ;
#1946 = DIRECTION ( 'NONE',  ( 0.5144957554275263467, 0.000000000000000000, -0.8574929257125442073 ) ) ;
#1947 = CARTESIAN_POINT ( 'NONE',  ( -0.2999999999999997113, 0.1525000000000000522, -0.9779815704177455826 ) ) ;
#1948 = AXIS2_PLACEMENT_3D ( 'NONE', #22, #696, #2882 ) ;
#1949 = CARTESIAN_POINT ( 'NONE',  ( 1.250000000000000000, 0.1400000000000000133, 0.9000000000000003553 ) ) ;
#1950 = EDGE_CURVE ( 'NONE', #1651, #2094, #2662, .T. ) ;
#1951 =( NAMED_UNIT ( * ) SI_UNIT ( $, .STERADIAN. ) SOLID_ANGLE_UNIT ( ) );
#1952 = AXIS2_PLACEMENT_3D ( 'NONE', #1808, #2477, #2248 ) ;
#1953 = ORIENTED_EDGE ( 'NONE', *, *, #2139, .F. ) ;
#1954 = AXIS2_PLACEMENT_3D ( 'NONE', #1883, #1640, #2772 ) ;
#1955 = DIRECTION ( 'NONE',  ( 0.000000000000000000, -0.000000000000000000, 1.000000000000000000 ) ) ;
#1956 = ORIENTED_EDGE ( 'NONE', *, *, #1828, .T. ) ;
#1957 = LINE ( 'NONE', #855, #2228 ) ;
#1958 = AXIS2_PLACEMENT_3D ( 'NONE', #1398, #1599, #103 ) ;
#1959 = VECTOR ( 'NONE', #2848, 1000.000000000000000 ) ;
#1960 = ADVANCED_FACE ( 'NONE', ( #2732 ), #2031, .F. ) ;
#1961 = CARTESIAN_POINT ( 'NONE',  ( 0.005000000000000004441, 0.6920876582429569268, -0.9520745316921489509 ) ) ;
#1962 = VECTOR ( 'NONE', #1987, 1000.000000000000000 ) ;
#1963 = VECTOR ( 'NONE', #2574, 1000.000000000000000 ) ;
#1964 = DIRECTION ( 'NONE',  ( 0.000000000000000000, 0.000000000000000000, 1.000000000000000000 ) ) ;
#1965 = EDGE_CURVE ( 'NONE', #1035, #161, #2512, .T. ) ;
#1966 = DIRECTION ( 'NONE',  ( 0.000000000000000000, 0.000000000000000000, -1.000000000000000000 ) ) ;
#1967 = DIRECTION ( 'NONE',  ( -0.000000000000000000, -1.000000000000000000, -0.000000000000000000 ) ) ;
#1968 = ORIENTED_EDGE ( 'NONE', *, *, #2676, .T. ) ;
#1969 = CARTESIAN_POINT ( 'NONE',  ( 0.000000000000000000, 1.249999999999999778, -1.423015351387220872E-17 ) ) ;
#1970 = ORIENTED_EDGE ( 'NONE', *, *, #2051, .T. ) ;
#1971 = LINE ( 'NONE', #589, #795 ) ;
#1972 = ORIENTED_EDGE ( 'NONE', *, *, #61, .F. ) ;
#1973 = CARTESIAN_POINT ( 'NONE',  ( 1.299999999999999822, 0.1400000000000000133, 1.300000000000000266 ) ) ;
#1974 = LINE ( 'NONE', #1091, #2270 ) ;
#1975 = LINE ( 'NONE', #1743, #1959 ) ;
#1976 = DIRECTION ( 'NONE',  ( -0.5144957554275267908, 0.000000000000000000, -0.8574929257125439852 ) ) ;
#1977 = DIRECTION ( 'NONE',  ( -0.000000000000000000, 1.000000000000000000, -0.000000000000000000 ) ) ;
#1978 = EDGE_LOOP ( 'NONE', ( #1846, #2151, #811, #2484 ) ) ;
#1979 = CARTESIAN_POINT ( 'NONE',  ( -0.005000000000000018319, -1.983452377915607023, -0.8249848483457145054 ) ) ;
#1980 = ORIENTED_EDGE ( 'NONE', *, *, #20, .F. ) ;
#1981 = DIRECTION ( 'NONE',  ( -0.5144957554275267908, 0.000000000000000000, -0.8574929257125439852 ) ) ;
#1982 = EDGE_CURVE ( 'NONE', #1391, #2871, #2050, .T. ) ;
#1983 = VERTEX_POINT ( 'NONE', #1610 ) ;
#1984 = CARTESIAN_POINT ( 'NONE',  ( 0.9500000000000000666, 0.000000000000000000, -0.3999999999999997446 ) ) ;
#1985 = SURFACE_STYLE_USAGE ( .BOTH. , #1517 ) ;
#1986 = SURFACE_STYLE_USAGE ( .BOTH. , #207 ) ;
#1987 = DIRECTION ( 'NONE',  ( -0.000000000000000000, 1.000000000000000000, 2.371692252312040949E-16 ) ) ;
#1988 = DIRECTION ( 'NONE',  ( 0.000000000000000000, 0.000000000000000000, -1.000000000000000000 ) ) ;
#1989 = EDGE_LOOP ( 'NONE', ( #730, #2120, #1968, #1866 ) ) ;
#1990 = PLANE ( 'NONE',  #455 ) ;
#1991 = ORIENTED_EDGE ( 'NONE', *, *, #1085, .T. ) ;
#1992 = DIRECTION ( 'NONE',  ( 0.5144957554275264577, 0.000000000000000000, 0.8574929257125442073 ) ) ;
#1993 = VECTOR ( 'NONE', #1516, 1000.000000000000000 ) ;
#1994 = VECTOR ( 'NONE', #2840, 1000.000000000000000 ) ;
#1995 = EDGE_LOOP ( 'NONE', ( #1370, #777, #2459, #1515, #2633, #2209 ) ) ;
#1996 = VECTOR ( 'NONE', #206, 1000.000000000000000 ) ;
#1997 = VECTOR ( 'NONE', #2501, 1000.000000000000000 ) ;
#1998 = DIRECTION ( 'NONE',  ( 0.000000000000000000, -1.000000000000000000, 0.000000000000000000 ) ) ;
#1999 = CIRCLE ( 'NONE', #796, 0.8250000000000000666 ) ;
#2000 = AXIS2_PLACEMENT_3D ( 'NONE', #1424, #1377, #260 ) ;
#2001 = FILL_AREA_STYLE_COLOUR ( '', #553 ) ;
#2002 = EDGE_CURVE ( 'NONE', #2523, #406, #2420, .T. ) ;
#2003 = AXIS2_PLACEMENT_3D ( 'NONE', #844, #818, #623 ) ;
#2004 = CARTESIAN_POINT ( 'NONE',  ( 0.9500000000000000666, 0.1400000000000000133, -0.3999999999999997446 ) ) ;
#2005 = DIRECTION ( 'NONE',  ( 0.000000000000000000, 0.000000000000000000, -1.000000000000000000 ) ) ;
#2006 = EDGE_CURVE ( 'NONE', #2026, #13, #2052, .T. ) ;
#2007 = AXIS2_PLACEMENT_3D ( 'NONE', #456, #417, #2626 ) ;
#2008 = CARTESIAN_POINT ( 'NONE',  ( -0.9500000000000000666, 2.022153022471871786, 0.4000000000000001887 ) ) ;
#2009 = VERTEX_POINT ( 'NONE', #503 ) ;
#2010 = CARTESIAN_POINT ( 'NONE',  ( 0.000000000000000000, 1.249999999999999778, 0.000000000000000000 ) ) ;
#2011 = VERTEX_POINT ( 'NONE', #82 ) ;
#2012 = CARTESIAN_POINT ( 'NONE',  ( 1.959434878635764799E-17, 0.03499999999999998251, 0.1599999999999999756 ) ) ;
#2013 = EDGE_LOOP ( 'NONE', ( #1472, #732, #306, #1456 ) ) ;
#2014 = CARTESIAN_POINT ( 'NONE',  ( -0.005000000000000000104, 0.5114561714331052888, -0.9885311852839404612 ) ) ;
#2015 = CARTESIAN_POINT ( 'NONE',  ( 0.000000000000000000, 0.04499999999999998446, 0.000000000000000000 ) ) ;
#2016 = DIRECTION ( 'NONE',  ( 0.000000000000000000, 0.000000000000000000, -1.000000000000000000 ) ) ;
#2017 = ADVANCED_FACE ( 'NONE', ( #2282 ), #2752, .F. ) ;
#2018 = DIRECTION ( 'NONE',  ( 0.5144957554275267908, 0.000000000000000000, 0.8574929257125439852 ) ) ;
#2019 = EDGE_CURVE ( 'NONE', #1834, #106, #2308, .T. ) ;
#2020 = EDGE_CURVE ( 'NONE', #1129, #1983, #2542, .T. ) ;
#2021 = ORIENTED_EDGE ( 'NONE', *, *, #669, .T. ) ;
#2022 = LINE ( 'NONE', #2767, #413 ) ;
#2023 = CARTESIAN_POINT ( 'NONE',  ( -0.2999999999999998224, 0.1650000000000000078, -0.1802775637731998393 ) ) ;
#2024 = DIRECTION ( 'NONE',  ( -0.8574929257125443183, 0.000000000000000000, -0.5144957554275263467 ) ) ;
#2025 = ORIENTED_EDGE ( 'NONE', *, *, #1555, .F. ) ;
#2026 = VERTEX_POINT ( 'NONE', #2066 ) ;
#2027 = CARTESIAN_POINT ( 'NONE',  ( -0.005000000000000007910, 0.5749999999999990674, -0.9249864863877742538 ) ) ;
#2028 = DIRECTION ( 'NONE',  ( 1.000000000000000000, -2.904485325356517907E-32, 1.224646799147353207E-16 ) ) ;
#2029 = DIRECTION ( 'NONE',  ( 0.000000000000000000, 0.000000000000000000, -1.000000000000000000 ) ) ;
#2030 = DIRECTION ( 'NONE',  ( 1.000000000000000000, 0.000000000000000000, -8.673617379884028570E-16 ) ) ;
#2031 = PLANE ( 'NONE',  #2000 ) ;
#2032 = ORIENTED_EDGE ( 'NONE', *, *, #1244, .T. ) ;
#2033 = LINE ( 'NONE', #538, #928 ) ;
#2034 = CARTESIAN_POINT ( 'NONE',  ( 0.005000000000000006176, 0.5614561730476145263, -0.9385305112090231994 ) ) ;
#2035 = DIRECTION ( 'NONE',  ( 0.000000000000000000, -0.000000000000000000, 1.000000000000000000 ) ) ;
#2036 = VERTEX_POINT ( 'NONE', #962 ) ;
#2037 = ORIENTED_EDGE ( 'NONE', *, *, #153, .T. ) ;
#2038 = CARTESIAN_POINT ( 'NONE',  ( 3.061616997868383018E-17, 1.059999999999999831, -0.2500000000000000555 ) ) ;
#2039 = VECTOR ( 'NONE', #307, 1000.000000000000000 ) ;
#2040 = VECTOR ( 'NONE', #2277, 1000.000000000000000 ) ;
#2041 = CARTESIAN_POINT ( 'NONE',  ( 1.299999999999999822, 0.000000000000000000, 1.300000000000000266 ) ) ;
#2042 = AXIS2_PLACEMENT_3D ( 'NONE', #1206, #2086, #91 ) ;
#2043 = EDGE_CURVE ( 'NONE', #2572, #1140, #46, .T. ) ;
#2044 = EDGE_CURVE ( 'NONE', #214, #2580, #2765, .T. ) ;
#2045 = LINE ( 'NONE', #1389, #1347 ) ;
#2046 = VECTOR ( 'NONE', #664, 1000.000000000000000 ) ;
#2047 = EDGE_CURVE ( 'NONE', #1052, #659, #1636, .T. ) ;
#2048 = CARTESIAN_POINT ( 'NONE',  ( 0.005000000000000018319, 0.3500000000000000333, -0.8249848483457139503 ) ) ;
#2049 = ADVANCED_FACE ( 'NONE', ( #1437 ), #247, .F. ) ;
#2050 = CIRCLE ( 'NONE', #802, 0.1399999999999999856 ) ;
#2051 = EDGE_CURVE ( 'NONE', #1315, #1933, #737, .T. ) ;
#2052 = LINE ( 'NONE', #758, #1309 ) ;
#2053 = VECTOR ( 'NONE', #2718, 1000.000000000000000 ) ;
#2054 = ORIENTED_EDGE ( 'NONE', *, *, #278, .F. ) ;
#2055 = LINE ( 'NONE', #54, #603 ) ;
#2056 = DIRECTION ( 'NONE',  ( -1.000000000000000000, 0.000000000000000000, -8.673617379884042375E-16 ) ) ;
#2057 = DIRECTION ( 'NONE',  ( 0.000000000000000000, 0.000000000000000000, -1.000000000000000000 ) ) ;
#2058 = EDGE_LOOP ( 'NONE', ( #1115, #2032, #59, #718 ) ) ;
#2059 = ORIENTED_EDGE ( 'NONE', *, *, #2731, .T. ) ;
#2060 = CARTESIAN_POINT ( 'NONE',  ( -0.2600000000000002864, 2.022153022471871786, 1.000000000000000000 ) ) ;
#2061 = ORIENTED_EDGE ( 'NONE', *, *, #2174, .T. ) ;
#2062 = DIRECTION ( 'NONE',  ( 0.000000000000000000, 0.000000000000000000, -1.000000000000000000 ) ) ;
#2063 = LINE ( 'NONE', #2465, #1163 ) ;
#2064 = DIRECTION ( 'NONE',  ( -0.000000000000000000, 1.000000000000000000, 2.371692252312040949E-16 ) ) ;
#2065 = ORIENTED_EDGE ( 'NONE', *, *, #2169, .T. ) ;
#2066 = CARTESIAN_POINT ( 'NONE',  ( -0.9500000000000000666, 0.000000000000000000, 0.4000000000000001887 ) ) ;
#2067 = ORIENTED_EDGE ( 'NONE', *, *, #75, .F. ) ;
#2068 = DIRECTION ( 'NONE',  ( -1.000000000000000000, 0.000000000000000000, 0.000000000000000000 ) ) ;
#2069 = DIRECTION ( 'NONE',  ( 0.7071067811865474617, 0.000000000000000000, 0.7071067811865474617 ) ) ;
#2070 = CARTESIAN_POINT ( 'NONE',  ( -1.250000000000000000, 0.1399999999999999301, -0.8999999999999995781 ) ) ;
#2071 = UNCERTAINTY_MEASURE_WITH_UNIT (LENGTH_MEASURE( 1.000000000000000082E-05 ), #2436, 'distance_accuracy_value', 'NONE');
#2072 = EDGE_LOOP ( 'NONE', ( #1738, #2130, #2504, #2054 ) ) ;
#2073 = LINE ( 'NONE', #2290, #40 ) ;
#2074 = ORIENTED_EDGE ( 'NONE', *, *, #800, .T. ) ;
#2075 = CARTESIAN_POINT ( 'NONE',  ( -0.2600000000000002864, 0.1400000000000000133, 1.000000000000000000 ) ) ;
#2076 = EDGE_CURVE ( 'NONE', #2557, #14, #1411, .T. ) ;
#2077 = LINE ( 'NONE', #1576, #509 ) ;
#2078 = DIRECTION ( 'NONE',  ( 0.000000000000000000, -1.000000000000000000, 0.000000000000000000 ) ) ;
#2079 = ORIENTED_EDGE ( 'NONE', *, *, #1485, .F. ) ;
#2080 = EDGE_LOOP ( 'NONE', ( #1953, #444, #694, #2585 ) ) ;
#2081 = DIRECTION ( 'NONE',  ( -0.7071067811865474617, -0.000000000000000000, -0.7071067811865474617 ) ) ;
#2082 = DIRECTION ( 'NONE',  ( -0.000000000000000000, -1.000000000000000000, -0.000000000000000000 ) ) ;
#2083 = CARTESIAN_POINT ( 'NONE',  ( 1.250000000000000000, 0.1400000000000000133, 0.9000000000000003553 ) ) ;
#2084 = ORIENTED_EDGE ( 'NONE', *, *, #1102, .F. ) ;
#2085 = EDGE_LOOP ( 'NONE', ( #2630, #2186, #899, #2474 ) ) ;
#2086 = DIRECTION ( 'NONE',  ( 0.000000000000000000, -1.000000000000000000, 0.000000000000000000 ) ) ;
#2087 = LINE ( 'NONE', #170, #975 ) ;
#2088 = VECTOR ( 'NONE', #2763, 1000.000000000000000 ) ;
#2089 = DIRECTION ( 'NONE',  ( -1.971276677246371272E-16, 0.000000000000000000, -1.000000000000000000 ) ) ;
#2090 = CIRCLE ( 'NONE', #1032, 0.4000000000000003553 ) ;
#2091 = VECTOR ( 'NONE', #1992, 1000.000000000000000 ) ;
#2092 = CYLINDRICAL_SURFACE ( 'NONE', #51, 0.3500000000000000333 ) ;
#2093 = EDGE_CURVE ( 'NONE', #784, #1641, #948, .T. ) ;
#2094 = VERTEX_POINT ( 'NONE', #1596 ) ;
#2095 = VECTOR ( 'NONE', #1580, 1000.000000000000000 ) ;
#2096 = DIRECTION ( 'NONE',  ( 0.000000000000000000, 0.000000000000000000, -1.000000000000000000 ) ) ;
#2097 = EDGE_LOOP ( 'NONE', ( #123, #1175, #2189, #654, #558, #1565, #1097, #138, #425, #987, #1039, #239, #336, #1647, #2569, #968, #2739, #1631, #1017, #2162, #1432, #381, #1380, #1371, #1685, #1980 ) ) ;
#2098 = DIRECTION ( 'NONE',  ( 0.000000000000000000, -1.000000000000000000, 0.000000000000000000 ) ) ;
#2099 = FACE_OUTER_BOUND ( 'NONE', #776, .T. ) ;
#2100 = DIRECTION ( 'NONE',  ( 0.000000000000000000, -1.000000000000000000, -0.000000000000000000 ) ) ;
#2101 = AXIS2_PLACEMENT_3D ( 'NONE', #520, #915, #18 ) ;
#2102 = ORIENTED_EDGE ( 'NONE', *, *, #2043, .T. ) ;
#2103 = STYLED_ITEM ( 'NONE', ( #842 ), #410 ) ;
#2104 = EDGE_LOOP ( 'NONE', ( #2173, #2727, #2706, #1193 ) ) ;
#2105 = PLANE ( 'NONE',  #2184 ) ;
#2106 = VERTEX_POINT ( 'NONE', #1199 ) ;
#2107 = CARTESIAN_POINT ( 'NONE',  ( 0.2999999999999999334, 0.02499999999999998404, -0.8241932620511526197 ) ) ;
#2108 = CARTESIAN_POINT ( 'NONE',  ( -0.2600000000000002864, 0.1399999999999999301, 1.000000000000000000 ) ) ;
#2109 = ORIENTED_EDGE ( 'NONE', *, *, #1668, .T. ) ;
#2110 = LINE ( 'NONE', #2384, #1538 ) ;
#2111 = EDGE_CURVE ( 'NONE', #1099, #159, #2479, .T. ) ;
#2112 = VERTEX_POINT ( 'NONE', #723 ) ;
#2113 = FACE_OUTER_BOUND ( 'NONE', #1384, .T. ) ;
#2114 = EDGE_CURVE ( 'NONE', #2817, #1145, #298, .T. ) ;
#2115 = FACE_OUTER_BOUND ( 'NONE', #342, .T. ) ;
#2116 = EDGE_CURVE ( 'NONE', #1940, #797, #2341, .T. ) ;
#2117 = ORIENTED_EDGE ( 'NONE', *, *, #1378, .F. ) ;
#2118 = ORIENTED_EDGE ( 'NONE', *, *, #931, .T. ) ;
#2119 = DIRECTION ( 'NONE',  ( -0.000000000000000000, -0.000000000000000000, 1.000000000000000000 ) ) ;
#2120 = ORIENTED_EDGE ( 'NONE', *, *, #2568, .F. ) ;
#2121 = LINE ( 'NONE', #1434, #365 ) ;
#2122 = B_SPLINE_CURVE_WITH_KNOTS ( 'NONE', 3,
 ( #1944, #1755, #1961, #2634, #398, #1292, #2829 ),
 .UNSPECIFIED., .F., .F.,
 ( 4, 3, 4 ),
 ( 0.0004456711725327256509, 0.0005031331835646195684, 0.0005517379063892386814 ),
 .UNSPECIFIED. ) ;
#2123 = CARTESIAN_POINT ( 'NONE',  ( 0.000000000000000000, 0.02499999999999998404, 0.000000000000000000 ) ) ;
#2124 = VERTEX_POINT ( 'NONE', #343 ) ;
#2125 = CARTESIAN_POINT ( 'NONE',  ( 0.000000000000000000, -0.8813708498984769157, 0.000000000000000000 ) ) ;
#2126 = CYLINDRICAL_SURFACE ( 'NONE', #657, 0.4000000000000003553 ) ;
#2127 = LINE ( 'NONE', #2814, #1395 ) ;
#2128 = ORIENTED_EDGE ( 'NONE', *, *, #2044, .T. ) ;
#2129 = EDGE_CURVE ( 'NONE', #2112, #171, #1059, .T. ) ;
#2130 = ORIENTED_EDGE ( 'NONE', *, *, #75, .T. ) ;
#2131 = CARTESIAN_POINT ( 'NONE',  ( 0.000000000000000000, 0.04499999999999998446, -0.1399999999999999856 ) ) ;
#2132 = EDGE_CURVE ( 'NONE', #2594, #147, #2110, .T. ) ;
#2133 = VERTEX_POINT ( 'NONE', #1690 ) ;
#2134 = CARTESIAN_POINT ( 'NONE',  ( -0.2999999999999997113, 0.000000000000000000, -0.9398435971133565214 ) ) ;
#2135 = EDGE_CURVE ( 'NONE', #161, #2675, #2812, .T. ) ;
#2136 = ADVANCED_FACE ( 'NONE', ( #1700 ), #1246, .T. ) ;
#2137 = VERTEX_POINT ( 'NONE', #124 ) ;
#2138 = CARTESIAN_POINT ( 'NONE',  ( 0.000000000000000000, 0.1650000000000000078, 0.000000000000000000 ) ) ;
#2139 = EDGE_CURVE ( 'NONE', #2628, #942, #1037, .T. ) ;
#2140 = EDGE_CURVE ( 'NONE', #71, #1156, #1733, .T. ) ;
#2141 = VECTOR ( 'NONE', #1730, 1000.000000000000000 ) ;
#2142 = PLANE ( 'NONE',  #3 ) ;
#2143 = EDGE_CURVE ( 'NONE', #1064, #1983, #2833, .T. ) ;
#2144 = VECTOR ( 'NONE', #2119, 1000.000000000000000 ) ;
#2145 = LINE ( 'NONE', #1703, #1350 ) ;
#2146 = VECTOR ( 'NONE', #1939, 1000.000000000000000 ) ;
#2147 = ORIENTED_EDGE ( 'NONE', *, *, #1745, .T. ) ;
#2148 = ORIENTED_EDGE ( 'NONE', *, *, #893, .F. ) ;
#2149 = VECTOR ( 'NONE', #1273, 1000.000000000000000 ) ;
#2150 = FACE_OUTER_BOUND ( 'NONE', #616, .T. ) ;
#2151 = ORIENTED_EDGE ( 'NONE', *, *, #1832, .T. ) ;
#2152 = EDGE_CURVE ( 'NONE', #1250, #2036, #2598, .T. ) ;
#2153 = CARTESIAN_POINT ( 'NONE',  ( -0.005000000000000000104, 0.7285438285668941472, -0.9885311852839404612 ) ) ;
#2154 = FILL_AREA_STYLE_COLOUR ( '', #1584 ) ;
#2155 = PLANE ( 'NONE',  #1270 ) ;
#2156 = CARTESIAN_POINT ( 'NONE',  ( -0.004999999999999999237, 0.3499999999999999778, -1.000000000000000222 ) ) ;
#2157 = CARTESIAN_POINT ( 'NONE',  ( 0.000000000000000000, 0.3500000000000000333, -2.276824562219557832E-16 ) ) ;
#2158 = ORIENTED_EDGE ( 'NONE', *, *, #2684, .F. ) ;
#2159 = FACE_OUTER_BOUND ( 'NONE', #2361, .T. ) ;
#2160 = EDGE_LOOP ( 'NONE', ( #963, #2647 ) ) ;
#2161 = DIRECTION ( 'NONE',  ( -1.000000000000000000, 0.000000000000000000, 1.971276677246371272E-16 ) ) ;
#2162 = ORIENTED_EDGE ( 'NONE', *, *, #2562, .F. ) ;
#2163 = CARTESIAN_POINT ( 'NONE',  ( 0.2599999999999998423, 0.000000000000000000, 1.550000000000000266 ) ) ;
#2164 = ADVANCED_FACE ( 'NONE', ( #2576 ), #2155, .F. ) ;
#2165 = DIRECTION ( 'NONE',  ( 0.000000000000000000, -1.000000000000000000, 0.000000000000000000 ) ) ;
#2166 = PLANE ( 'NONE',  #1917 ) ;
#2167 = PLANE ( 'NONE',  #1809 ) ;
#2168 = ORIENTED_EDGE ( 'NONE', *, *, #1326, .F. ) ;
#2169 = EDGE_CURVE ( 'NONE', #1699, #214, #1457, .T. ) ;
#2170 = CARTESIAN_POINT ( 'NONE',  ( 0.000000000000000000, 1.059999999999999831, 0.2499999999999999445 ) ) ;
#2171 = ORIENTED_EDGE ( 'NONE', *, *, #1592, .F. ) ;
#2172 = DIRECTION ( 'NONE',  ( 0.000000000000000000, 0.000000000000000000, -1.000000000000000000 ) ) ;
#2173 = ORIENTED_EDGE ( 'NONE', *, *, #2348, .T. ) ;
#2174 = EDGE_CURVE ( 'NONE', #1699, #2514, #1257, .T. ) ;
#2175 = LINE ( 'NONE', #1072, #1263 ) ;
#2176 = CARTESIAN_POINT ( 'NONE',  ( -1.250000000000000000, 0.1399999999999999301, 0.9000000000000001332 ) ) ;
#2177 = EDGE_CURVE ( 'NONE', #2458, #1448, #142, .T. ) ;
#2178 = PRESENTATION_LAYER_ASSIGNMENT (  '', '', ( #1901 ) ) ;
#2179 = FACE_OUTER_BOUND ( 'NONE', #303, .T. ) ;
#2180 = VECTOR ( 'NONE', #1413, 1000.000000000000000 ) ;
#2181 = CARTESIAN_POINT ( 'NONE',  ( -1.300000000000000488, 0.000000000000000000, 1.300000000000000266 ) ) ;
#2182 = VECTOR ( 'NONE', #592, 1000.000000000000000 ) ;
#2183 = EDGE_LOOP ( 'NONE', ( #1466, #1627, #1043, #1021 ) ) ;
#2184 = AXIS2_PLACEMENT_3D ( 'NONE', #2315, #1653, #2786 ) ;
#2185 = DIRECTION ( 'NONE',  ( 1.000000000000000000, 0.000000000000000000, 4.928191693115935700E-16 ) ) ;
#2186 = ORIENTED_EDGE ( 'NONE', *, *, #2140, .T. ) ;
#2187 = DIRECTION ( 'NONE',  ( -0.000000000000000000, 1.000000000000000000, -0.000000000000000000 ) ) ;
#2188 = AXIS2_PLACEMENT_3D ( 'NONE', #1094, #1977, #8 ) ;
#2189 = ORIENTED_EDGE ( 'NONE', *, *, #2563, .F. ) ;
#2190 = AXIS2_PLACEMENT_3D ( 'NONE', #1310, #1136, #2637 ) ;
#2191 = CARTESIAN_POINT ( 'NONE',  ( -0.2600000000000002864, 0.1400000000000000133, 1.000000000000000000 ) ) ;
#2192 = VECTOR ( 'NONE', #903, 1000.000000000000000 ) ;
#2193 = MECHANICAL_DESIGN_GEOMETRIC_PRESENTATION_REPRESENTATION (  '', ( #570 ), #1314 ) ;
#2194 = CARTESIAN_POINT ( 'NONE',  ( -0.2999999999999997113, 0.1650000000000000078, -0.9201564028866436873 ) ) ;
#2195 = EDGE_CURVE ( 'NONE', #446, #666, #164, .T. ) ;
#2196 = DIRECTION ( 'NONE',  ( 0.000000000000000000, -1.000000000000000000, 0.000000000000000000 ) ) ;
#2197 = ORIENTED_EDGE ( 'NONE', *, *, #1209, .T. ) ;
#2198 = DIRECTION ( 'NONE',  ( 4.928191693115935700E-16, 0.000000000000000000, -1.000000000000000000 ) ) ;
#2199 = VERTEX_POINT ( 'NONE', #2559 ) ;
#2200 = DIRECTION ( 'NONE',  ( 1.000000000000000000, 0.000000000000000000, 8.673617379884042375E-16 ) ) ;
#2201 = ORIENTED_EDGE ( 'NONE', *, *, #2640, .F. ) ;
#2202 = CARTESIAN_POINT ( 'NONE',  ( 0.9499999999999998446, 0.000000000000000000, 0.4000000000000001887 ) ) ;
#2203 = FILL_AREA_STYLE ('',( #1104 ) ) ;
#2204 = CARTESIAN_POINT ( 'NONE',  ( 1.250000000000000000, 0.000000000000000000, -0.8999999999999999112 ) ) ;
#2205 = DIRECTION ( 'NONE',  ( -1.000000000000000000, -0.000000000000000000, -4.928191693115935700E-16 ) ) ;
#2206 = DIRECTION ( 'NONE',  ( 0.000000000000000000, 0.000000000000000000, -1.000000000000000000 ) ) ;
#2207 = VERTEX_POINT ( 'NONE', #1923 ) ;
#2208 = DIRECTION ( 'NONE',  ( -0.5144957554275264577, 0.000000000000000000, -0.8574929257125440962 ) ) ;
#2209 = ORIENTED_EDGE ( 'NONE', *, *, #1522, .T. ) ;
#2210 = FACE_OUTER_BOUND ( 'NONE', #1978, .T. ) ;
#2211 = ORIENTED_EDGE ( 'NONE', *, *, #265, .T. ) ;
#2212 = EDGE_CURVE ( 'NONE', #659, #2011, #1811, .T. ) ;
#2213 = DIRECTION ( 'NONE',  ( 0.000000000000000000, 0.000000000000000000, 1.000000000000000000 ) ) ;
#2214 = EDGE_CURVE ( 'NONE', #224, #790, #2327, .T. ) ;
#2215 = SURFACE_SIDE_STYLE ('',( #1048 ) ) ;
#2216 =( NAMED_UNIT ( * ) SI_UNIT ( $, .STERADIAN. ) SOLID_ANGLE_UNIT ( ) );
#2217 = ADVANCED_FACE ( 'NONE', ( #569 ), #785, .F. ) ;
#2218 = EDGE_CURVE ( 'NONE', #2245, #1669, #1121, .T. ) ;
#2219 = CARTESIAN_POINT ( 'NONE',  ( -0.2999999999999997669, 0.1399999999999999301, -1.549999999999999600 ) ) ;
#2220 = LINE ( 'NONE', #1139, #1536 ) ;
#2221 = ADVANCED_FACE ( 'NONE', ( #5 ), #415, .F. ) ;
#2222 = ORIENTED_EDGE ( 'NONE', *, *, #344, .F. ) ;
#2223 = CARTESIAN_POINT ( 'NONE',  ( -0.9500000000000000666, 0.1400000000000000133, 0.4000000000000001887 ) ) ;
#2224 = CIRCLE ( 'NONE', #88, 0.1400000000000000411 ) ;
#2225 = ORIENTED_EDGE ( 'NONE', *, *, #1378, .T. ) ;
#2226 = FACE_OUTER_BOUND ( 'NONE', #631, .T. ) ;
#2227 = AXIS2_PLACEMENT_3D ( 'NONE', #734, #1181, #1606 ) ;
#2228 = VECTOR ( 'NONE', #2362, 1000.000000000000000 ) ;
#2229 = ORIENTED_EDGE ( 'NONE', *, *, #1529, .T. ) ;
#2230 = ORIENTED_EDGE ( 'NONE', *, *, #2733, .F. ) ;
#2231 = AXIS2_PLACEMENT_3D ( 'NONE', #358, #2588, #1459 ) ;
#2232 = DIRECTION ( 'NONE',  ( 0.000000000000000000, 0.000000000000000000, -1.000000000000000000 ) ) ;
#2233 = EDGE_CURVE ( 'NONE', #2293, #1462, #2875, .T. ) ;
#2234 = AXIS2_PLACEMENT_3D ( 'NONE', #1298, #1718, #143 ) ;
#2235 = DIRECTION ( 'NONE',  ( 0.000000000000000000, 0.000000000000000000, 1.000000000000000000 ) ) ;
#2236 = AXIS2_PLACEMENT_3D ( 'NONE', #331, #1022, #805 ) ;
#2237 = PRESENTATION_STYLE_ASSIGNMENT (( #1562 ) ) ;
#2238 = DIRECTION ( 'NONE',  ( -1.000000000000000000, 0.000000000000000000, 1.084202172485504434E-16 ) ) ;
#2239 = AXIS2_PLACEMENT_3D ( 'NONE', #971, #706, #2703 ) ;
#2240 = FACE_OUTER_BOUND ( 'NONE', #1870, .T. ) ;
#2241 = ORIENTED_EDGE ( 'NONE', *, *, #1107, .T. ) ;
#2242 = LINE ( 'NONE', #1979, #1161 ) ;
#2243 = FACE_OUTER_BOUND ( 'NONE', #1343, .T. ) ;
#2244 = ORIENTED_EDGE ( 'NONE', *, *, #1748, .T. ) ;
#2245 = VERTEX_POINT ( 'NONE', #1539 ) ;
#2246 = DIRECTION ( 'NONE',  ( 0.5144957554275263467, 0.000000000000000000, -0.8574929257125443183 ) ) ;
#2247 = CYLINDRICAL_SURFACE ( 'NONE', #1623, 0.4000000000000003553 ) ;
#2248 = DIRECTION ( 'NONE',  ( 0.000000000000000000, 0.000000000000000000, -1.000000000000000000 ) ) ;
#2249 = CARTESIAN_POINT ( 'NONE',  ( 1.299999999999999822, 0.3499999999999999778, 1.300000000000000266 ) ) ;
#2250 = DIRECTION ( 'NONE',  ( -1.971276677246371272E-16, 0.000000000000000000, -1.000000000000000000 ) ) ;
#2251 = ORIENTED_EDGE ( 'NONE', *, *, #2020, .T. ) ;
#2252 = CARTESIAN_POINT ( 'NONE',  ( -0.005000000000000186587, 0.000000000000000000, -0.9999874999218739680 ) ) ;
#2253 = LINE ( 'NONE', #252, #2370 ) ;
#2254 = DIRECTION ( 'NONE',  ( 0.000000000000000000, 1.000000000000000000, 0.000000000000000000 ) ) ;
#2255 = EDGE_CURVE ( 'NONE', #2533, #1834, #1494, .T. ) ;
#2256 = EDGE_CURVE ( 'NONE', #1651, #89, #1518, .T. ) ;
#2257 = VERTEX_POINT ( 'NONE', #902 ) ;
#2258 = ORIENTED_EDGE ( 'NONE', *, *, #1621, .T. ) ;
#2259 = LINE ( 'NONE', #1547, #1575 ) ;
#2260 = EDGE_CURVE ( 'NONE', #1204, #1721, #1336, .T. ) ;
#2261 = ADVANCED_FACE ( 'NONE', ( #914 ), #441, .F. ) ;
#2262 = DIRECTION ( 'NONE',  ( 0.000000000000000000, 0.000000000000000000, 1.000000000000000000 ) ) ;
#2263 = DIRECTION ( 'NONE',  ( -0.000000000000000000, -1.000000000000000000, -0.000000000000000000 ) ) ;
#2264 = ORIENTED_EDGE ( 'NONE', *, *, #563, .T. ) ;
#2265 = CARTESIAN_POINT ( 'NONE',  ( 0.000000000000000000, 0.3500000000000000333, -2.276824562219557832E-16 ) ) ;
#2266 = FACE_OUTER_BOUND ( 'NONE', #2080, .T. ) ;
#2267 = DIRECTION ( 'NONE',  ( 0.000000000000000000, 0.000000000000000000, 1.000000000000000000 ) ) ;
#2268 = UNCERTAINTY_MEASURE_WITH_UNIT (LENGTH_MEASURE( 1.000000000000000082E-05 ), #95, 'distance_accuracy_value', 'NONE');
#2269 = ORIENTED_EDGE ( 'NONE', *, *, #845, .T. ) ;
#2270 = VECTOR ( 'NONE', #1058, 1000.000000000000000 ) ;
#2271 = EDGE_LOOP ( 'NONE', ( #1095, #2521, #2811, #740 ) ) ;
#2272 = CARTESIAN_POINT ( 'NONE',  ( -0.9499999999999998446, -0.000000000000000000, -0.3999999999999997446 ) ) ;
#2273 = VECTOR ( 'NONE', #1367, 1000.000000000000000 ) ;
#2274 = AXIS2_PLACEMENT_3D ( 'NONE', #1506, #2024, #1090 ) ;
#2275 = FACE_OUTER_BOUND ( 'NONE', #2375, .T. ) ;
#2276 = VECTOR ( 'NONE', #1463, 1000.000000000000000 ) ;
#2277 = DIRECTION ( 'NONE',  ( 0.000000000000000000, 0.000000000000000000, 1.000000000000000000 ) ) ;
#2278 = AXIS2_PLACEMENT_3D ( 'NONE', #2425, #1328, #2206 ) ;
#2279 = CARTESIAN_POINT ( 'NONE',  ( 0.9499999999999998446, 2.022153022471871786, 0.4000000000000001887 ) ) ;
#2280 = AXIS2_PLACEMENT_3D ( 'NONE', #2125, #2797, #1715 ) ;
#2281 = ORIENTED_EDGE ( 'NONE', *, *, #2661, .T. ) ;
#2282 = FACE_OUTER_BOUND ( 'NONE', #2183, .T. ) ;
#2283 = VECTOR ( 'NONE', #2490, 1000.000000000000114 ) ;
#2284 = VERTEX_POINT ( 'NONE', #2395 ) ;
#2285 = PLANE ( 'NONE',  #366 ) ;
#2286 = FACE_OUTER_BOUND ( 'NONE', #105, .T. ) ;
#2287 = DIRECTION ( 'NONE',  ( -0.000000000000000000, -1.000000000000000000, -0.000000000000000000 ) ) ;
#2288 = ORIENTED_EDGE ( 'NONE', *, *, #2019, .F. ) ;
#2289 = ORIENTED_EDGE ( 'NONE', *, *, #565, .F. ) ;
#2290 = CARTESIAN_POINT ( 'NONE',  ( 0.005000000000000007910, 0.000000000000000000, -0.9249864863877742538 ) ) ;
#2291 = CARTESIAN_POINT ( 'NONE',  ( 0.2999999999999999334, 0.1650000000000000078, -1.000000000000000222 ) ) ;
#2292 = DIRECTION ( 'NONE',  ( 0.000000000000000000, 1.000000000000000000, 0.000000000000000000 ) ) ;
#2293 = VERTEX_POINT ( 'NONE', #2204 ) ;
#2294 = DIRECTION ( 'NONE',  ( -0.7071067811865474617, -0.000000000000000000, 0.7071067811865474617 ) ) ;
#2295 = ORIENTED_EDGE ( 'NONE', *, *, #1616, .T. ) ;
#2296 = CARTESIAN_POINT ( 'NONE',  ( 0.000000000000000000, 0.02499999999999998404, 0.000000000000000000 ) ) ;
#2297 = DIRECTION ( 'NONE',  ( 0.5144957554275263467, 0.000000000000000000, -0.8574929257125442073 ) ) ;
#2298 = DIRECTION ( 'NONE',  ( -1.000000000000000000, 0.000000000000000000, 9.856383386231871153E-17 ) ) ;
#2299 = ORIENTED_EDGE ( 'NONE', *, *, #372, .T. ) ;
#2300 = EDGE_LOOP ( 'NONE', ( #1860, #1500, #428, #1418 ) ) ;
#2301 = LINE ( 'NONE', #731, #1997 ) ;
#2302 = EDGE_CURVE ( 'NONE', #549, #2112, #2670, .T. ) ;
#2303 = EDGE_LOOP ( 'NONE', ( #83, #1185, #1319, #2289 ) ) ;
#2304 = DIRECTION ( 'NONE',  ( 4.928191693115935700E-16, 0.000000000000000000, -1.000000000000000000 ) ) ;
#2305 = PRODUCT_RELATED_PRODUCT_CATEGORY ( 'part', '', ( #2632 ) ) ;
#2306 = CARTESIAN_POINT ( 'NONE',  ( -0.005000000000000007910, 0.000000000000000000, -0.9249864863877742538 ) ) ;
#2307 = SURFACE_STYLE_FILL_AREA ( #97 ) ;
#2308 = LINE ( 'NONE', #100, #231 ) ;
#2309 = ORIENTED_EDGE ( 'NONE', *, *, #1745, .F. ) ;
#2310 = FACE_BOUND ( 'NONE', #227, .T. ) ;
#2311 = LINE ( 'NONE', #774, #1445 ) ;
#2312 = FACE_OUTER_BOUND ( 'NONE', #2678, .T. ) ;
#2313 = ORIENTED_EDGE ( 'NONE', *, *, #2489, .T. ) ;
#2314 = ORIENTED_EDGE ( 'NONE', *, *, #404, .F. ) ;
#2315 = CARTESIAN_POINT ( 'NONE',  ( 1.250000000000000000, 2.022153022471871786, -0.8999999999999999112 ) ) ;
#2316 = MANIFOLD_SOLID_BREP ( 'Cut-Extrude5', #2701 ) ;
#2317 = VECTOR ( 'NONE', #733, 1000.000000000000000 ) ;
#2318 = VERTEX_POINT ( 'NONE', #2659 ) ;
#2319 = DIRECTION ( 'NONE',  ( -0.5144957554275263467, 0.000000000000000000, 0.8574929257125443183 ) ) ;
#2320 = VECTOR ( 'NONE', #894, 1000.000000000000114 ) ;
#2321 = FACE_OUTER_BOUND ( 'NONE', #1211, .T. ) ;
#2322 = VECTOR ( 'NONE', #1321, 1000.000000000000000 ) ;
#2323 = VECTOR ( 'NONE', #2246, 1000.000000000000000 ) ;
#2324 = EDGE_CURVE ( 'NONE', #826, #2447, #1975, .T. ) ;
#2325 = EDGE_CURVE ( 'NONE', #2340, #996, #1076, .T. ) ;
#2326 = TOROIDAL_SURFACE ( 'NONE', #2836, 0.1399999999999999856, 0.01000000000000000021 ) ;
#2327 = LINE ( 'NONE', #1888, #988 ) ;
#2328 = COLOUR_RGB ( '',0.9019607843137255054, 0.5686274509803921351, 0.2196078431372548989 ) ;
#2329 = PLANE ( 'NONE',  #279 ) ;
#2330 = LINE ( 'NONE', #1382, #139 ) ;
#2331 = LINE ( 'NONE', #1428, #1805 ) ;
#2332 = CIRCLE ( 'NONE', #1130, 0.1400000000000000411 ) ;
#2333 = ORIENTED_EDGE ( 'NONE', *, *, #2656, .F. ) ;
#2334 = COLOUR_RGB ( '',0.9019607843137255054, 0.5686274509803921351, 0.2196078431372548989 ) ;
#2335 = EDGE_LOOP ( 'NONE', ( #680, #2582, #21, #1200, #2567 ) ) ;
#2336 = PLANE ( 'NONE',  #2692 ) ;
#2337 = MANIFOLD_SOLID_BREP ( 'Fillet1', #1541 ) ;
#2338 = CARTESIAN_POINT ( 'NONE',  ( 0.004999999999999999237, 0.7399999999999997691, -0.9999874999218739680 ) ) ;
#2339 = DIRECTION ( 'NONE',  ( -1.000000000000000000, 0.000000000000000000, 9.856383386231871153E-17 ) ) ;
#2340 = VERTEX_POINT ( 'NONE', #499 ) ;
#2341 = LINE ( 'NONE', #374, #2149 ) ;
#2342 = CARTESIAN_POINT ( 'NONE',  ( -0.9900000000000006573, 0.3499999999999999778, -1.300000000000000266 ) ) ;
#2343 = CARTESIAN_POINT ( 'NONE',  ( 0.005000000000000002706, 1.218329928894066327, -0.9658220941531864279 ) ) ;
#2344 = DIRECTION ( 'NONE',  ( -0.000000000000000000, -1.000000000000000000, -0.000000000000000000 ) ) ;
#2345 = ORIENTED_EDGE ( 'NONE', *, *, #1533, .T. ) ;
#2346 = EDGE_LOOP ( 'NONE', ( #2443, #1694, #1067, #2419, #822, #1502, #1930, #2711 ) ) ;
#2347 = CARTESIAN_POINT ( 'NONE',  ( -1.500000000000000222, 0.1400000000000000133, -0.8999999999999996891 ) ) ;
#2348 = EDGE_CURVE ( 'NONE', #719, #157, #559, .T. ) ;
#2349 = ORIENTED_EDGE ( 'NONE', *, *, #972, .F. ) ;
#2350 = EDGE_CURVE ( 'NONE', #1462, #1617, #1593, .T. ) ;
#2351 = ADVANCED_FACE ( 'NONE', ( #258 ), #946, .F. ) ;
#2352 = CARTESIAN_POINT ( 'NONE',  ( -0.9900000000000006573, 0.3499999999999999778, -1.300000000000000266 ) ) ;
#2353 = EDGE_CURVE ( 'NONE', #809, #1486, #2045, .T. ) ;
#2354 = EDGE_LOOP ( 'NONE', ( #1705, #2618, #1754, #1464 ) ) ;
#2355 = DIRECTION ( 'NONE',  ( -9.856383386231871153E-17, 0.000000000000000000, -1.000000000000000000 ) ) ;
#2356 = DIRECTION ( 'NONE',  ( 2.710505431213761578E-16, 0.000000000000000000, -1.000000000000000000 ) ) ;
#2357 = DIRECTION ( 'NONE',  ( -1.000000000000000000, 0.000000000000000000, 9.856383386231871153E-17 ) ) ;
#2358 = CARTESIAN_POINT ( 'NONE',  ( 0.2599999999999997868, 0.1400000000000000133, 1.000000000000000000 ) ) ;
#2359 = CARTESIAN_POINT ( 'NONE',  ( 1.775737858763661916E-17, 0.04499999999999998446, 0.1399999999999999856 ) ) ;
#2360 = ORIENTED_EDGE ( 'NONE', *, *, #999, .T. ) ;
#2361 = EDGE_LOOP ( 'NONE', ( #335, #1728, #1702, #397 ) ) ;
#2362 = DIRECTION ( 'NONE',  ( -1.000000000000000000, 0.000000000000000000, 0.000000000000000000 ) ) ;
#2363 = EDGE_LOOP ( 'NONE', ( #1056, #2251, #2686, #448, #1044, #1587, #1897, #1868 ) ) ;
#2364 = CARTESIAN_POINT ( 'NONE',  ( -0.2600000000000002864, 0.1400000000000000133, 1.000000000000000000 ) ) ;
#2365 = PRESENTATION_STYLE_ASSIGNMENT (( #992 ) ) ;
#2366 = AXIS2_PLACEMENT_3D ( 'NONE', #547, #1254, #326 ) ;
#2367 = CARTESIAN_POINT ( 'NONE',  ( -0.9499999999999998446, 2.022153022471871786, -0.3999999999999997446 ) ) ;
#2368 = AXIS2_PLACEMENT_3D ( 'NONE', #546, #1723, #1885 ) ;
#2369 = ORIENTED_EDGE ( 'NONE', *, *, #2132, .F. ) ;
#2370 = VECTOR ( 'NONE', #2870, 1000.000000000000000 ) ;
#2371 = LINE ( 'NONE', #378, #94 ) ;
#2372 = VECTOR ( 'NONE', #2287, 1000.000000000000000 ) ;
#2373 =( LENGTH_UNIT ( ) NAMED_UNIT ( * ) SI_UNIT ( .MILLI., .METRE. ) );
#2374 = VECTOR ( 'NONE', #1259, 1000.000000000000000 ) ;
#2375 = EDGE_LOOP ( 'NONE', ( #1177, #2620, #2883 ) ) ;
#2376 = LINE ( 'NONE', #1300, #2411 ) ;
#2377 = ORIENTED_EDGE ( 'NONE', *, *, #2177, .T. ) ;
#2378 = VECTOR ( 'NONE', #1284, 1000.000000000000000 ) ;
#2379 = CYLINDRICAL_SURFACE ( 'NONE', #2506, 0.1400000000000000411 ) ;
#2380 = EDGE_CURVE ( 'NONE', #1940, #549, #959, .T. ) ;
#2381 = ORIENTED_EDGE ( 'NONE', *, *, #128, .T. ) ;
#2382 = AXIS2_PLACEMENT_3D ( 'NONE', #2615, #179, #1966 ) ;
#2383 = DIRECTION ( 'NONE',  ( -0.000000000000000000, 0.000000000000000000, -1.000000000000000000 ) ) ;
#2384 = CARTESIAN_POINT ( 'NONE',  ( -1.300000000000000488, 0.3499999999999999778, 1.300000000000000266 ) ) ;
#2385 = PLANE ( 'NONE',  #1452 ) ;
#2386 = CARTESIAN_POINT ( 'NONE',  ( 0.004999999999999999237, 1.149999999999999689, -0.9999874999218739680 ) ) ;
#2387 = ORIENTED_EDGE ( 'NONE', *, *, #472, .T. ) ;
#2388 = FACE_OUTER_BOUND ( 'NONE', #1278, .T. ) ;
#2389 = ORIENTED_EDGE ( 'NONE', *, *, #1982, .T. ) ;
#2390 = CARTESIAN_POINT ( 'NONE',  ( 1.299999999999999822, 0.1400000000000000133, -0.8999999999999999112 ) ) ;
#2391 = EDGE_LOOP ( 'NONE', ( #668, #2349, #1198, #1236 ) ) ;
#2392 = ADVANCED_FACE ( 'NONE', ( #471 ), #1851, .F. ) ;
#2393 = CARTESIAN_POINT ( 'NONE',  ( 0.000000000000000000, 0.2500000000000000000, 0.000000000000000000 ) ) ;
#2394 = APPLICATION_CONTEXT ( 'automotive_design' ) ;
#2395 = CARTESIAN_POINT ( 'NONE',  ( -0.005000000000000018319, 0.3500000000000000333, -0.8249848483457139503 ) ) ;
#2396 = CARTESIAN_POINT ( 'NONE',  ( 1.499999999999999778, 0.1400000000000000133, 0.9000000000000003553 ) ) ;
#2397 = DIRECTION ( 'NONE',  ( 0.5144957554275267908, 0.000000000000000000, 0.8574929257125439852 ) ) ;
#2398 = ORIENTED_EDGE ( 'NONE', *, *, #128, .F. ) ;
#2399 = PLANE ( 'NONE',  #1169 ) ;
#2400 = ORIENTED_EDGE ( 'NONE', *, *, #2717, .F. ) ;
#2401 = LINE ( 'NONE', #2631, #2599 ) ;
#2402 = ORIENTED_EDGE ( 'NONE', *, *, #904, .F. ) ;
#2403 = DIRECTION ( 'NONE',  ( -0.000000000000000000, -0.000000000000000000, -1.000000000000000000 ) ) ;
#2404 = ADVANCED_FACE ( 'NONE', ( #1872 ), #755, .F. ) ;
#2405 = CARTESIAN_POINT ( 'NONE',  ( -0.005000000000000002706, 1.218329928894066549, -0.9658220941531864279 ) ) ;
#2406 = CARTESIAN_POINT ( 'NONE',  ( 0.2999999999999998224, 0.02499999999999998404, -0.9201564028866436873 ) ) ;
#2407 = MECHANICAL_DESIGN_GEOMETRIC_PRESENTATION_REPRESENTATION (  '', ( #1901 ), #411 ) ;
#2408 = EDGE_CURVE ( 'NONE', #1834, #2340, #1210, .T. ) ;
#2409 = CARTESIAN_POINT ( 'NONE',  ( -0.005000000000000007910, 0.6650000000000005906, -0.9249864863877742538 ) ) ;
#2410 = EDGE_CURVE ( 'NONE', #659, #1052, #267, .T. ) ;
#2411 = VECTOR ( 'NONE', #970, 1000.000000000000000 ) ;
#2412 = LINE ( 'NONE', #1080, #2460 ) ;
#2413 = VECTOR ( 'NONE', #1374, 999.9999999999998863 ) ;
#2414 = ORIENTED_EDGE ( 'NONE', *, *, #1195, .T. ) ;
#2415 = DIRECTION ( 'NONE',  ( -1.000000000000000000, -0.000000000000000000, -4.928191693115935700E-16 ) ) ;
#2416 = VERTEX_POINT ( 'NONE', #80 ) ;
#2417 = CARTESIAN_POINT ( 'NONE',  ( 0.9500000000000000666, 0.000000000000000000, -0.3999999999999997446 ) ) ;
#2418 = VECTOR ( 'NONE', #1967, 1000.000000000000000 ) ;
#2419 = ORIENTED_EDGE ( 'NONE', *, *, #681, .T. ) ;
#2420 = CIRCLE ( 'NONE', #1174, 1.000000000000000000 ) ;
#2421 = CARTESIAN_POINT ( 'NONE',  ( 0.000000000000000000, 0.02499999999999998404, -0.1599999999999999756 ) ) ;
#2422 = SURFACE_STYLE_FILL_AREA ( #2203 ) ;
#2423 = SURFACE_STYLE_FILL_AREA ( #885 ) ;
#2424 = DIRECTION ( 'NONE',  ( 3.872150616019657355E-16, 2.710505431213760296E-15, -1.000000000000000000 ) ) ;
#2425 = CARTESIAN_POINT ( 'NONE',  ( 0.000000000000000000, 0.03499999999999998251, 0.000000000000000000 ) ) ;
#2426 = EDGE_CURVE ( 'NONE', #1818, #2788, #2063, .T. ) ;
#2427 = ORIENTED_EDGE ( 'NONE', *, *, #2438, .F. ) ;
#2428 = CARTESIAN_POINT ( 'NONE',  ( 0.000000000000000000, 1.149999999999999689, 0.000000000000000000 ) ) ;
#2429 = ORIENTED_EDGE ( 'NONE', *, *, #1533, .F. ) ;
#2430 = EDGE_CURVE ( 'NONE', #479, #2458, #1422, .T. ) ;
#2431 = CARTESIAN_POINT ( 'NONE',  ( -0.9900000000000006573, 0.000000000000000000, -1.300000000000000266 ) ) ;
#2432 = ORIENTED_EDGE ( 'NONE', *, *, #1701, .T. ) ;
#2433 = FACE_OUTER_BOUND ( 'NONE', #438, .T. ) ;
#2434 = EDGE_CURVE ( 'NONE', #184, #157, #688, .T. ) ;
#2435 = EDGE_CURVE ( 'NONE', #2714, #729, #1438, .T. ) ;
#2436 =( LENGTH_UNIT ( ) NAMED_UNIT ( * ) SI_UNIT ( .MILLI., .METRE. ) );
#2437 = DIRECTION ( 'NONE',  ( 1.000000000000000000, -0.000000000000000000, 0.000000000000000000 ) ) ;
#2438 = EDGE_CURVE ( 'NONE', #2817, #1940, #2077, .T. ) ;
#2439 = PLANE ( 'NONE',  #2756 ) ;
#2440 = CARTESIAN_POINT ( 'NONE',  ( 0.9500000000000000666, 0.1400000000000000133, -0.3999999999999997446 ) ) ;
#2441 = ORIENTED_EDGE ( 'NONE', *, *, #1441, .T. ) ;
#2442 = DIRECTION ( 'NONE',  ( -0.000000000000000000, 1.000000000000000000, -0.000000000000000000 ) ) ;
#2443 = ORIENTED_EDGE ( 'NONE', *, *, #491, .T. ) ;
#2444 = EDGE_CURVE ( 'NONE', #159, #224, #927, .T. ) ;
#2445 = DIRECTION ( 'NONE',  ( 0.000000000000000000, 0.000000000000000000, -1.000000000000000000 ) ) ;
#2446 = VERTEX_POINT ( 'NONE', #801 ) ;
#2447 = VERTEX_POINT ( 'NONE', #1886 ) ;
#2448 = DIRECTION ( 'NONE',  ( -0.000000000000000000, 1.000000000000000000, 2.371692252312040949E-16 ) ) ;
#2449 = DIRECTION ( 'NONE',  ( 0.000000000000000000, 0.000000000000000000, -1.000000000000000000 ) ) ;
#2450 = CARTESIAN_POINT ( 'NONE',  ( -0.9500000000000000666, 0.1400000000000000133, 0.4000000000000001887 ) ) ;
#2451 = CARTESIAN_POINT ( 'NONE',  ( -0.2600000000000002309, 0.3499999999999999778, 1.300000000000000266 ) ) ;
#2452 = ORIENTED_EDGE ( 'NONE', *, *, #1209, .F. ) ;
#2453 = DIRECTION ( 'NONE',  ( -0.000000000000000000, -1.000000000000000000, -0.000000000000000000 ) ) ;
#2454 = AXIS2_PLACEMENT_3D ( 'NONE', #2646, #1340, #918 ) ;
#2455 = DIRECTION ( 'NONE',  ( 1.971276677246371272E-16, 0.000000000000000000, 1.000000000000000000 ) ) ;
#2456 = AXIS2_PLACEMENT_3D ( 'NONE', #782, #1586, #478 ) ;
#2457 = AXIS2_PLACEMENT_3D ( 'NONE', #632, #2161, #1303 ) ;
#2458 = VERTEX_POINT ( 'NONE', #1493 ) ;
#2459 = ORIENTED_EDGE ( 'NONE', *, *, #1569, .T. ) ;
#2460 = VECTOR ( 'NONE', #19, 1000.000000000000000 ) ;
#2461 = CARTESIAN_POINT ( 'NONE',  ( 0.000000000000000000, 0.6650000000000005906, 0.9250000000000000444 ) ) ;
#2462 = EDGE_CURVE ( 'NONE', #255, #2611, #2121, .T. ) ;
#2463 = CARTESIAN_POINT ( 'NONE',  ( 1.499999999999999778, 2.022153022471871786, 0.9000000000000003553 ) ) ;
#2464 = AXIS2_PLACEMENT_3D ( 'NONE', #1408, #2292, #2262 ) ;
#2465 = CARTESIAN_POINT ( 'NONE',  ( -0.2600000000000001754, 0.000000000000000000, 1.550000000000000266 ) ) ;
#2466 = FACE_OUTER_BOUND ( 'NONE', #189, .T. ) ;
#2467 = FACE_OUTER_BOUND ( 'NONE', #1995, .T. ) ;
#2468 = ADVANCED_FACE ( 'NONE', ( #2321 ), #1688, .T. ) ;
#2469 = VERTEX_POINT ( 'NONE', #2338 ) ;
#2470 = DIRECTION ( 'NONE',  ( 0.000000000000000000, 0.000000000000000000, 1.000000000000000000 ) ) ;
#2471 = DIRECTION ( 'NONE',  ( 2.710505431213761578E-16, 0.000000000000000000, -1.000000000000000000 ) ) ;
#2472 = CARTESIAN_POINT ( 'NONE',  ( -0.2999999999999998224, 0.1650000000000000078, -0.1802775637731998393 ) ) ;
#2473 = EDGE_CURVE ( 'NONE', #2580, #2839, #151, .T. ) ;
#2474 = ORIENTED_EDGE ( 'NONE', *, *, #2114, .F. ) ;
#2475 = LINE ( 'NONE', #1804, #1489 ) ;
#2476 = CARTESIAN_POINT ( 'NONE',  ( 0.004999999999999999237, 0.3500000000000000333, -0.9999874999218741900 ) ) ;
#2477 = DIRECTION ( 'NONE',  ( 1.000000000000000000, 0.000000000000000000, 0.000000000000000000 ) ) ;
#2478 = CARTESIAN_POINT ( 'NONE',  ( -0.2999999999999997113, 0.1400000000000000133, -1.000000000000000222 ) ) ;
#2479 = LINE ( 'NONE', #1823, #2800 ) ;
#2480 = ORIENTED_EDGE ( 'NONE', *, *, #2808, .T. ) ;
#2481 = CARTESIAN_POINT ( 'NONE',  ( -1.250000000000000000, 0.000000000000000000, 0.9000000000000001332 ) ) ;
#2482 = LINE ( 'NONE', #2768, #229 ) ;
#2483 = LINE ( 'NONE', #488, #1852 ) ;
#2484 = ORIENTED_EDGE ( 'NONE', *, *, #2140, .F. ) ;
#2485 = CARTESIAN_POINT ( 'NONE',  ( 0.3000000000000002109, 0.1399999999999999301, -1.549999999999999600 ) ) ;
#2486 = ORIENTED_EDGE ( 'NONE', *, *, #69, .T. ) ;
#2487 = LINE ( 'NONE', #498, #1671 ) ;
#2488 = DIRECTION ( 'NONE',  ( -0.8574929257125442073, 0.000000000000000000, 0.5144957554275265688 ) ) ;
#2489 = EDGE_CURVE ( 'NONE', #2675, #1602, #607, .T. ) ;
#2490 = DIRECTION ( 'NONE',  ( -0.5144957554275264577, 0.000000000000000000, -0.8574929257125440962 ) ) ;
#2491 = ORIENTED_EDGE ( 'NONE', *, *, #893, .T. ) ;
#2492 = CARTESIAN_POINT ( 'NONE',  ( -1.300000000000000488, 0.3499999999999999778, -0.9900000000000002132 ) ) ;
#2493 = VERTEX_POINT ( 'NONE', #2364 ) ;
#2494 = DIRECTION ( 'NONE',  ( 0.000000000000000000, -1.000000000000000000, -0.000000000000000000 ) ) ;
#2495 = FACE_OUTER_BOUND ( 'NONE', #393, .T. ) ;
#2496 = LINE ( 'NONE', #849, #1120 ) ;
#2497 = PRODUCT_DEFINITION_CONTEXT ( 'detailed design', #146, 'design' ) ;
#2498 = VERTEX_POINT ( 'NONE', #134 ) ;
#2499 = AXIS2_PLACEMENT_3D ( 'NONE', #2015, #16, #382 ) ;
#2500 = ORIENTED_EDGE ( 'NONE', *, *, #883, .F. ) ;
#2501 = DIRECTION ( 'NONE',  ( 0.000000000000000000, -1.000000000000000000, 0.000000000000000000 ) ) ;
#2502 = CIRCLE ( 'NONE', #1261, 0.009999999999999998473 ) ;
#2503 = VECTOR ( 'NONE', #1306, 1000.000000000000000 ) ;
#2504 = ORIENTED_EDGE ( 'NONE', *, *, #2842, .T. ) ;
#2505 = LINE ( 'NONE', #2075, #2787 ) ;
#2506 = AXIS2_PLACEMENT_3D ( 'NONE', #1055, #2827, #241 ) ;
#2507 = DIRECTION ( 'NONE',  ( 0.000000000000000000, 0.000000000000000000, 1.000000000000000000 ) ) ;
#2508 = VECTOR ( 'NONE', #1520, 1000.000000000000000 ) ;
#2509 = CARTESIAN_POINT ( 'NONE',  ( 0.2999999999999999334, 0.01250000000000000590, -0.8820184295822546261 ) ) ;
#2510 = VECTOR ( 'NONE', #595, 1000.000000000000000 ) ;
#2511 = ORIENTED_EDGE ( 'NONE', *, *, #2325, .T. ) ;
#2512 = LINE ( 'NONE', #1841, #750 ) ;
#2513 = VECTOR ( 'NONE', #2822, 1000.000000000000000 ) ;
#2514 = VERTEX_POINT ( 'NONE', #2163 ) ;
#2515 = CARTESIAN_POINT ( 'NONE',  ( -0.2999999999999997113, 0.02499999999999998404, -0.9201564028866436873 ) ) ;
#2516 = EDGE_CURVE ( 'NONE', #2106, #809, #564, .T. ) ;
#2517 = FACE_OUTER_BOUND ( 'NONE', #1003, .T. ) ;
#2518 = DIRECTION ( 'NONE',  ( 0.000000000000000000, 0.000000000000000000, 1.000000000000000000 ) ) ;
#2519 = ORIENTED_EDGE ( 'NONE', *, *, #360, .F. ) ;
#2520 = EDGE_CURVE ( 'NONE', #856, #2137, #1269, .T. ) ;
#2521 = ORIENTED_EDGE ( 'NONE', *, *, #1523, .T. ) ;
#2522 = CARTESIAN_POINT ( 'NONE',  ( 0.000000000000000000, 0.1400000000000000133, 0.000000000000000000 ) ) ;
#2523 = VERTEX_POINT ( 'NONE', #1057 ) ;
#2524 = CARTESIAN_POINT ( 'NONE',  ( -1.250000000000000000, -0.000000000000000000, -0.8999999999999995781 ) ) ;
#2525 = DIRECTION ( 'NONE',  ( -0.000000000000000000, -1.000000000000000000, -0.000000000000000000 ) ) ;
#2526 = LINE ( 'NONE', #1822, #48 ) ;
#2527 = ORIENTED_EDGE ( 'NONE', *, *, #2865, .T. ) ;
#2528 = DIRECTION ( 'NONE',  ( -0.5144957554275264577, 0.000000000000000000, 0.8574929257125442073 ) ) ;
#2529 = ORIENTED_EDGE ( 'NONE', *, *, #624, .T. ) ;
#2530 = CARTESIAN_POINT ( 'NONE',  ( 0.004999999999999999237, 1.309999999999999831, -0.9999874999218739680 ) ) ;
#2531 = DIRECTION ( 'NONE',  ( 0.000000000000000000, 0.000000000000000000, -1.000000000000000000 ) ) ;
#2532 = DIRECTION ( 'NONE',  ( -1.000000000000000000, 0.000000000000000000, 8.673617379884027583E-16 ) ) ;
#2533 = VERTEX_POINT ( 'NONE', #1047 ) ;
#2534 = EDGE_CURVE ( 'NONE', #406, #184, #2872, .T. ) ;
#2535 = ORIENTED_EDGE ( 'NONE', *, *, #216, .T. ) ;
#2536 = LINE ( 'NONE', #107, #932 ) ;
#2537 = ADVANCED_FACE ( 'NONE', ( #2818 ), #340, .T. ) ;
#2538 = LINE ( 'NONE', #767, #1994 ) ;
#2539 = FACE_OUTER_BOUND ( 'NONE', #2696, .T. ) ;
#2540 = LINE ( 'NONE', #2793, #1963 ) ;
#2541 = ORIENTED_EDGE ( 'NONE', *, *, #1137, .F. ) ;
#2542 = LINE ( 'NONE', #1393, #1449 ) ;
#2543 = DIRECTION ( 'NONE',  ( 0.000000000000000000, 0.000000000000000000, 1.000000000000000000 ) ) ;
#2544 = CARTESIAN_POINT ( 'NONE',  ( 1.250000000000000000, 2.022153022471871786, 0.9000000000000003553 ) ) ;
#2545 = CARTESIAN_POINT ( 'NONE',  ( 0.2999999999999999334, 0.02499999999999998404, -1.000000000000000222 ) ) ;
#2546 = FACE_OUTER_BOUND ( 'NONE', #2335, .T. ) ;
#2547 = ORIENTED_EDGE ( 'NONE', *, *, #2733, .T. ) ;
#2548 = ORIENTED_EDGE ( 'NONE', *, *, #195, .T. ) ;
#2549 = CARTESIAN_POINT ( 'NONE',  ( -1.300000000000000488, 0.000000000000000000, 0.9000000000000001332 ) ) ;
#2550 = PRESENTATION_LAYER_ASSIGNMENT (  '', '', ( #1074 ) ) ;
#2551 = EDGE_LOOP ( 'NONE', ( #1167, #1766, #2377, #2807 ) ) ;
#2552 = AXIS2_PLACEMENT_3D ( 'NONE', #2010, #2453, #2868 ) ;
#2553 = CARTESIAN_POINT ( 'NONE',  ( -0.2600000000000001754, 0.1399999999999999301, 1.550000000000000266 ) ) ;
#2554 = STYLED_ITEM ( 'NONE', ( #1549 ), #2337 ) ;
#2555 = CIRCLE ( 'NONE', #1034, 0.1399999999999999301 ) ;
#2556 =( NAMED_UNIT ( * ) PLANE_ANGLE_UNIT ( ) SI_UNIT ( $, .RADIAN. ) );
#2557 = VERTEX_POINT ( 'NONE', #2352 ) ;
#2558 = VECTOR ( 'NONE', #677, 1000.000000000000000 ) ;
#2559 = CARTESIAN_POINT ( 'NONE',  ( 0.000000000000000000, 0.03499999999999998251, -0.1499999999999999944 ) ) ;
#2560 = EDGE_LOOP ( 'NONE', ( #577, #323, #330, #1002 ) ) ;
#2561 = AXIS2_PLACEMENT_3D ( 'NONE', #1212, #2263, #2096 ) ;
#2562 = EDGE_CURVE ( 'NONE', #2760, #892, #1712, .T. ) ;
#2563 = EDGE_CURVE ( 'NONE', #2106, #186, #1242, .T. ) ;
#2564 = DIRECTION ( 'NONE',  ( 0.000000000000000000, -1.000000000000000000, 0.000000000000000000 ) ) ;
#2565 = LINE ( 'NONE', #573, #748 ) ;
#2566 = CIRCLE ( 'NONE', #2239, 0.4000000000000003553 ) ;
#2567 = ORIENTED_EDGE ( 'NONE', *, *, #931, .F. ) ;
#2568 = EDGE_CURVE ( 'NONE', #1253, #1620, #2090, .T. ) ;
#2569 = ORIENTED_EDGE ( 'NONE', *, *, #2324, .F. ) ;
#2570 = DIRECTION ( 'NONE',  ( 0.000000000000000000, 0.000000000000000000, -1.000000000000000000 ) ) ;
#2571 = ADVANCED_FACE ( 'NONE', ( #2539 ), #1454, .T. ) ;
#2572 = VERTEX_POINT ( 'NONE', #122 ) ;
#2573 = CARTESIAN_POINT ( 'NONE',  ( -0.005000000000000092912, 0.7399999999999997691, -0.9999874999218739680 ) ) ;
#2574 = DIRECTION ( 'NONE',  ( -1.000000000000000000, 0.000000000000000000, 0.000000000000000000 ) ) ;
#2575 = ORIENTED_EDGE ( 'NONE', *, *, #2623, .T. ) ;
#2576 = FACE_OUTER_BOUND ( 'NONE', #1360, .T. ) ;
#2577 = ORIENTED_EDGE ( 'NONE', *, *, #1965, .F. ) ;
#2578 = CARTESIAN_POINT ( 'NONE',  ( 0.2599999999999997868, 0.1400000000000000133, 1.000000000000000000 ) ) ;
#2579 = VERTEX_POINT ( 'NONE', #1228 ) ;
#2580 = VERTEX_POINT ( 'NONE', #2108 ) ;
#2581 = PLANE ( 'NONE',  #649 ) ;
#2582 = ORIENTED_EDGE ( 'NONE', *, *, #1921, .T. ) ;
#2583 = DIRECTION ( 'NONE',  ( -1.000000000000000000, 0.000000000000000000, 0.000000000000000000 ) ) ;
#2584 = CARTESIAN_POINT ( 'NONE',  ( -0.2999999999999997113, 0.1399999999999999301, -1.035806737948847367 ) ) ;
#2585 = ORIENTED_EDGE ( 'NONE', *, *, #624, .F. ) ;
#2586 = DIRECTION ( 'NONE',  ( -1.000000000000000000, 0.000000000000000000, 0.000000000000000000 ) ) ;
#2587 = ORIENTED_EDGE ( 'NONE', *, *, #853, .F. ) ;
#2588 = DIRECTION ( 'NONE',  ( -0.000000000000000000, -1.000000000000000000, -0.000000000000000000 ) ) ;
#2589 =( NAMED_UNIT ( * ) PLANE_ANGLE_UNIT ( ) SI_UNIT ( $, .RADIAN. ) );
#2590 = ORIENTED_EDGE ( 'NONE', *, *, #2214, .T. ) ;
#2591 = DIRECTION ( 'NONE',  ( 0.000000000000000000, -1.000000000000000000, -0.000000000000000000 ) ) ;
#2592 = ORIENTED_EDGE ( 'NONE', *, *, #163, .F. ) ;
#2593 = FACE_OUTER_BOUND ( 'NONE', #1513, .T. ) ;
#2594 = VERTEX_POINT ( 'NONE', #110 ) ;
#2595 = CARTESIAN_POINT ( 'NONE',  ( -0.9500000000000000666, 0.000000000000000000, 0.4000000000000001887 ) ) ;
#2596 = VECTOR ( 'NONE', #2442, 1000.000000000000000 ) ;
#2597 = PRESENTATION_LAYER_ASSIGNMENT (  '', '', ( #2554 ) ) ;
#2598 = LINE ( 'NONE', #611, #421 ) ;
#2599 = VECTOR ( 'NONE', #1514, 1000.000000000000000 ) ;
#2600 = AXIS2_PLACEMENT_3D ( 'NONE', #789, #540, #104 ) ;
#2601 = DIRECTION ( 'NONE',  ( 1.000000000000000000, 0.000000000000000000, 1.084202172485504434E-16 ) ) ;
#2602 = CIRCLE ( 'NONE', #1958, 0.4000000000000003553 ) ;
#2603 = DIRECTION ( 'NONE',  ( -1.971276677246371272E-16, 0.000000000000000000, -1.000000000000000000 ) ) ;
#2604 = VECTOR ( 'NONE', #431, 1000.000000000000000 ) ;
#2605 = VERTEX_POINT ( 'NONE', #1007 ) ;
#2606 = LINE ( 'NONE', #1941, #2039 ) ;
#2607 = ADVANCED_FACE ( 'NONE', ( #1697 ), #2775, .T. ) ;
#2608 = ORIENTED_EDGE ( 'NONE', *, *, #2444, .F. ) ;
#2609 = VECTOR ( 'NONE', #177, 1000.000000000000000 ) ;
#2610 = LINE ( 'NONE', #172, #136 ) ;
#2611 = VERTEX_POINT ( 'NONE', #622 ) ;
#2612 = CLOSED_SHELL ( 'NONE', ( #1417, #2468, #449, #1239, #364, #2741 ) ) ;
#2613 = PLANE ( 'NONE',  #648 ) ;
#2614 = DIRECTION ( 'NONE',  ( 8.673617379884026597E-16, -0.000000000000000000, 1.000000000000000000 ) ) ;
#2615 = CARTESIAN_POINT ( 'NONE',  ( 0.000000000000000000, 0.02499999999999998404, 0.000000000000000000 ) ) ;
#2616 = DIRECTION ( 'NONE',  ( 0.000000000000000000, 0.7071067811865440200, 0.7071067811865511255 ) ) ;
#2617 = DIRECTION ( 'NONE',  ( 1.000000000000000000, 0.000000000000000000, 0.000000000000000000 ) ) ;
#2618 = ORIENTED_EDGE ( 'NONE', *, *, #248, .T. ) ;
#2619 = CARTESIAN_POINT ( 'NONE',  ( 0.000000000000000000, 0.2500000000000000000, 0.000000000000000000 ) ) ;
#2620 = ORIENTED_EDGE ( 'NONE', *, *, #497, .T. ) ;
#2621 = FACE_OUTER_BOUND ( 'NONE', #1568, .T. ) ;
#2622 = CARTESIAN_POINT ( 'NONE',  ( 0.000000000000000000, 0.1650000000000000078, 0.000000000000000000 ) ) ;
#2623 = EDGE_CURVE ( 'NONE', #1315, #1617, #840, .T. ) ;
#2624 = EDGE_CURVE ( 'NONE', #147, #1315, #868, .T. ) ;
#2625 = DIRECTION ( 'NONE',  ( 0.000000000000000000, 0.000000000000000000, -1.000000000000000000 ) ) ;
#2626 = DIRECTION ( 'NONE',  ( 0.000000000000000000, -0.000000000000000000, -1.000000000000000000 ) ) ;
#2627 = CARTESIAN_POINT ( 'NONE',  ( 0.9499999999999998446, 0.000000000000000000, 0.4000000000000001887 ) ) ;
#2628 = VERTEX_POINT ( 'NONE', #1799 ) ;
#2629 = DIRECTION ( 'NONE',  ( 0.000000000000000000, 0.000000000000000000, -1.000000000000000000 ) ) ;
#2630 = ORIENTED_EDGE ( 'NONE', *, *, #1170, .F. ) ;
#2631 = CARTESIAN_POINT ( 'NONE',  ( 1.499999999999999778, 0.000000000000000000, 0.9000000000000003553 ) ) ;
#2632 = PRODUCT ( 'CONMHF1-SMD-T', 'CONMHF1-SMD-T', '', ( #2802 ) ) ;
#2633 = ORIENTED_EDGE ( 'NONE', *, *, #2520, .T. ) ;
#2634 = CARTESIAN_POINT ( 'NONE',  ( 0.005000000000000002706, 0.7056314933461963479, -0.9656185483626571475 ) ) ;
#2635 = CARTESIAN_POINT ( 'NONE',  ( -0.005000000000000000971, 1.184996595727812574, -0.9824889804565858364 ) ) ;
#2636 = ADVANCED_FACE ( 'NONE', ( #1741 ), #2613, .T. ) ;
#2637 = DIRECTION ( 'NONE',  ( 0.000000000000000000, 0.000000000000000000, 1.000000000000000000 ) ) ;
#2638 = AXIS2_PLACEMENT_3D ( 'NONE', #78, #2028, #245 ) ;
#2639 = CARTESIAN_POINT ( 'NONE',  ( 0.9499999999999998446, 0.1400000000000000133, 0.4000000000000001887 ) ) ;
#2640 = EDGE_CURVE ( 'NONE', #1448, #1064, #193, .T. ) ;
#2641 = AXIS2_PLACEMENT_3D ( 'NONE', #1706, #2591, #2629 ) ;
#2642 = DIRECTION ( 'NONE',  ( 0.000000000000000000, 1.000000000000000000, 0.000000000000000000 ) ) ;
#2643 = EDGE_LOOP ( 'NONE', ( #119, #792, #480, #1230 ) ) ;
#2644 = VECTOR ( 'NONE', #912, 1000.000000000000000 ) ;
#2645 = ADVANCED_FACE ( 'NONE', ( #698 ), #1369, .T. ) ;
#2646 = CARTESIAN_POINT ( 'NONE',  ( 0.000000000000000000, 0.3499999999999999778, 0.000000000000000000 ) ) ;
#2647 = ORIENTED_EDGE ( 'NONE', *, *, #328, .T. ) ;
#2648 = AXIS2_PLACEMENT_3D ( 'NONE', #1845, #74, #1891 ) ;
#2649 = EDGE_CURVE ( 'NONE', #1933, #1221, #920, .T. ) ;
#2650 = CARTESIAN_POINT ( 'NONE',  ( 1.250000000000000000, 0.1399999999999999301, 0.9000000000000003553 ) ) ;
#2651 = AXIS2_PLACEMENT_3D ( 'NONE', #2012, #2885, #898 ) ;
#2652 = ADVANCED_FACE ( 'NONE', ( #635 ), #1155, .T. ) ;
#2653 = ORIENTED_EDGE ( 'NONE', *, *, #2132, .T. ) ;
#2654 = EDGE_CURVE ( 'NONE', #1339, #465, #39, .T. ) ;
#2655 = VECTOR ( 'NONE', #1010, 1000.000000000000000 ) ;
#2656 = EDGE_CURVE ( 'NONE', #1425, #1856, #1535, .T. ) ;
#2657 = DIRECTION ( 'NONE',  ( 1.000000000000000000, 0.000000000000000000, 4.928191693115935700E-16 ) ) ;
#2658 = VECTOR ( 'NONE', #887, 1000.000000000000000 ) ;
#2659 = CARTESIAN_POINT ( 'NONE',  ( -0.2999999999999997113, 0.1525000000000000522, -0.9779815704177455826 ) ) ;
#2660 = DIRECTION ( 'NONE',  ( 1.000000000000000000, 0.000000000000000000, -0.000000000000000000 ) ) ;
#2661 = EDGE_CURVE ( 'NONE', #2447, #2416, #2858, .T. ) ;
#2662 = LINE ( 'NONE', #2440, #373 ) ;
#2663 = ORIENTED_EDGE ( 'NONE', *, *, #468, .T. ) ;
#2664 = DIRECTION ( 'NONE',  ( -1.000000000000000000, -0.000000000000000000, 0.000000000000000000 ) ) ;
#2665 = ORIENTED_EDGE ( 'NONE', *, *, #433, .T. ) ;
#2666 = CARTESIAN_POINT ( 'NONE',  ( 0.2999999999999999334, 0.1400000000000000133, -1.000000000000000222 ) ) ;
#2667 = ORIENTED_EDGE ( 'NONE', *, *, #2520, .F. ) ;
#2668 = DIRECTION ( 'NONE',  ( 0.000000000000000000, 0.000000000000000000, -1.000000000000000000 ) ) ;
#2669 = CARTESIAN_POINT ( 'NONE',  ( 1.499999999999999778, 2.022153022471871786, -0.8999999999999996891 ) ) ;
#2670 = LINE ( 'NONE', #2176, #464 ) ;
#2671 = CARTESIAN_POINT ( 'NONE',  ( 0.2999999999999999334, 0.000000000000000000, -0.1802775637731995895 ) ) ;
#2672 = CARTESIAN_POINT ( 'NONE',  ( 0.004999999999999999237, 0.3499999999999999778, -1.000000000000000222 ) ) ;
#2673 = ORIENTED_EDGE ( 'NONE', *, *, #150, .F. ) ;
#2674 = LINE ( 'NONE', #2223, #264 ) ;
#2675 = VERTEX_POINT ( 'NONE', #2709 ) ;
#2676 = EDGE_CURVE ( 'NONE', #1253, #2446, #1143, .T. ) ;
#2677 = DIRECTION ( 'NONE',  ( 1.000000000000000000, 0.000000000000000000, -0.000000000000000000 ) ) ;
#2678 = EDGE_LOOP ( 'NONE', ( #1833, #149, #2065, #2128 ) ) ;
#2679 = LINE ( 'NONE', #15, #2644 ) ;
#2680 = FACE_OUTER_BOUND ( 'NONE', #529, .T. ) ;
#2681 = EDGE_CURVE ( 'NONE', #255, #1641, #2483, .T. ) ;
#2682 =( NAMED_UNIT ( * ) PLANE_ANGLE_UNIT ( ) SI_UNIT ( $, .RADIAN. ) );
#2683 = LINE ( 'NONE', #1162, #2283 ) ;
#2684 = EDGE_CURVE ( 'NONE', #2572, #2469, #2122, .T. ) ;
#2685 = CARTESIAN_POINT ( 'NONE',  ( 0.000000000000000000, 0.1400000000000000133, 0.000000000000000000 ) ) ;
#2686 = ORIENTED_EDGE ( 'NONE', *, *, #20, .T. ) ;
#2687 = CARTESIAN_POINT ( 'NONE',  ( 0.3000000000000002109, 0.1399999999999999301, -1.549999999999999600 ) ) ;
#2688 = AXIS2_PLACEMENT_3D ( 'NONE', #1113, #863, #1751 ) ;
#2689 = LINE ( 'NONE', #697, #1349 ) ;
#2690 = CIRCLE ( 'NONE', #176, 0.4000000000000003553 ) ;
#2691 = CARTESIAN_POINT ( 'NONE',  ( 1.299999999999999822, 0.3499999999999999778, 1.300000000000000266 ) ) ;
#2692 = AXIS2_PLACEMENT_3D ( 'NONE', #273, #120, #1869 ) ;
#2693 = ORIENTED_EDGE ( 'NONE', *, *, #1608, .T. ) ;
#2694 = EDGE_CURVE ( 'NONE', #1448, #1425, #2175, .T. ) ;
#2695 = AXIS2_PLACEMENT_3D ( 'NONE', #1203, #1635, #2518 ) ;
#2696 = EDGE_LOOP ( 'NONE', ( #2389, #983 ) ) ;
#2697 = VECTOR ( 'NONE', #1863, 1000.000000000000000 ) ;
#2698 = CARTESIAN_POINT ( 'NONE',  ( -0.2999999999999998224, 0.000000000000000000, -0.1802775637731998393 ) ) ;
#2699 = AXIS2_PLACEMENT_3D ( 'NONE', #858, #1772, #2625 ) ;
#2700 = DIRECTION ( 'NONE',  ( 0.000000000000000000, -1.000000000000000000, 0.000000000000000000 ) ) ;
#2701 = CLOSED_SHELL ( 'NONE', ( #34, #2261, #1238, #2217, #1630, #64, #1508, #370, #79, #1266, #192, #1661, #1960, #194, #2392, #1927, #2164, #1379, #2351, #1590, #1490, #495, #1375, #1709, #976, #1026, #2755, #665, #2049, #2652, #634, #285, #2636 ) ) ;
#2702 = CARTESIAN_POINT ( 'NONE',  ( -1.500000000000000222, 0.1399999999999999301, 0.9000000000000003553 ) ) ;
#2703 = DIRECTION ( 'NONE',  ( 0.000000000000000000, 0.000000000000000000, 1.000000000000000000 ) ) ;
#2704 = MECHANICAL_DESIGN_GEOMETRIC_PRESENTATION_REPRESENTATION (  '', ( #332 ), #2846 ) ;
#2705 = CARTESIAN_POINT ( 'NONE',  ( -1.250000000000000000, 0.1400000000000000133, -0.8999999999999995781 ) ) ;
#2706 = ORIENTED_EDGE ( 'NONE', *, *, #216, .F. ) ;
#2707 = DIRECTION ( 'NONE',  ( 0.000000000000000000, 0.000000000000000000, -1.000000000000000000 ) ) ;
#2708 = CARTESIAN_POINT ( 'NONE',  ( -0.2999999999999998224, 0.02499999999999998404, -0.1802775637731998670 ) ) ;
#2709 = CARTESIAN_POINT ( 'NONE',  ( 0.2999999999999998779, 0.000000000000000000, -0.9398435971133565214 ) ) ;
#2710 = ORIENTED_EDGE ( 'NONE', *, *, #1555, .T. ) ;
#2711 = ORIENTED_EDGE ( 'NONE', *, *, #308, .T. ) ;
#2712 = CARTESIAN_POINT ( 'NONE',  ( 0.000000000000000000, 0.2500000000000000000, 0.4000000000000003553 ) ) ;
#2713 = EDGE_CURVE ( 'NONE', #2493, #1354, #412, .T. ) ;
#2714 = VERTEX_POINT ( 'NONE', #2421 ) ;
#2715 = DIRECTION ( 'NONE',  ( -1.000000000000000000, 0.000000000000000000, 0.000000000000000000 ) ) ;
#2716 = DIRECTION ( 'NONE',  ( 0.5144957554275264577, 0.000000000000000000, -0.8574929257125442073 ) ) ;
#2717 = EDGE_CURVE ( 'NONE', #2815, #1409, #430, .T. ) ;
#2718 = DIRECTION ( 'NONE',  ( 0.000000000000000000, -1.000000000000000000, 0.000000000000000000 ) ) ;
#2719 = DIRECTION ( 'NONE',  ( -2.710505431213761578E-16, 0.000000000000000000, 1.000000000000000000 ) ) ;
#2720 = ORIENTED_EDGE ( 'NONE', *, *, #2353, .T. ) ;
#2721 = PLANE ( 'NONE',  #2744 ) ;
#2722 = CARTESIAN_POINT ( 'NONE',  ( 0.000000000000000000, -1.983452377915607023, 0.2499999999999992506 ) ) ;
#2723 = FACE_OUTER_BOUND ( 'NONE', #1245, .T. ) ;
#2724 = ORIENTED_EDGE ( 'NONE', *, *, #1918, .F. ) ;
#2725 = EDGE_LOOP ( 'NONE', ( #1991, #1089, #1894, #25 ) ) ;
#2726 = CARTESIAN_POINT ( 'NONE',  ( -1.300000000000000488, 0.000000000000000000, 1.300000000000000266 ) ) ;
#2727 = ORIENTED_EDGE ( 'NONE', *, *, #1106, .T. ) ;
#2728 = CARTESIAN_POINT ( 'NONE',  ( 1.299999999999999822, 0.1400000000000000133, 0.9000000000000003553 ) ) ;
#2729 = CARTESIAN_POINT ( 'NONE',  ( 1.299999999999999822, 0.000000000000000000, 1.300000000000000266 ) ) ;
#2730 = FACE_OUTER_BOUND ( 'NONE', #523, .T. ) ;
#2731 = EDGE_CURVE ( 'NONE', #2742, #2446, #2690, .T. ) ;
#2732 = FACE_OUTER_BOUND ( 'NONE', #2725, .T. ) ;
#2733 = EDGE_CURVE ( 'NONE', #1486, #1856, #2331, .T. ) ;
#2734 = ORIENTED_EDGE ( 'NONE', *, *, #2640, .T. ) ;
#2735 = PLANE ( 'NONE',  #1119 ) ;
#2736 = CARTESIAN_POINT ( 'NONE',  ( -0.9499999999999998446, 0.1400000000000000133, -0.3999999999999997446 ) ) ;
#2737 = DIRECTION ( 'NONE',  ( 9.856383386231871153E-17, 0.000000000000000000, 1.000000000000000000 ) ) ;
#2738 = EDGE_CURVE ( 'NONE', #1046, #1084, #930, .T. ) ;
#2739 = ORIENTED_EDGE ( 'NONE', *, *, #1103, .F. ) ;
#2740 = CIRCLE ( 'NONE', #2454, 0.4000000000000003553 ) ;
#2741 = ADVANCED_FACE ( 'NONE', ( #2312 ), #315, .F. ) ;
#2742 = VERTEX_POINT ( 'NONE', #86 ) ;
#2743 = CARTESIAN_POINT ( 'NONE',  ( 0.000000000000000000, 0.2500000000000000000, 0.4000000000000003553 ) ) ;
#2744 = AXIS2_PLACEMENT_3D ( 'NONE', #725, #2494, #506 ) ;
#2745 = ORIENTED_EDGE ( 'NONE', *, *, #1710, .F. ) ;
#2746 = EDGE_CURVE ( 'NONE', #2284, #2867, #1999, .T. ) ;
#2747 = DIRECTION ( 'NONE',  ( 0.000000000000000000, 0.000000000000000000, -1.000000000000000000 ) ) ;
#2748 = AXIS2_PLACEMENT_3D ( 'NONE', #673, #923, #2232 ) ;
#2749 = DIRECTION ( 'NONE',  ( -0.000000000000000000, -1.000000000000000000, -0.000000000000000000 ) ) ;
#2750 = VECTOR ( 'NONE', #55, 1000.000000000000000 ) ;
#2751 = LINE ( 'NONE', #2478, #1813 ) ;
#2752 = TOROIDAL_SURFACE ( 'NONE', #276, 0.1399999999999999856, 0.01000000000000000021 ) ;
#2753 = ORIENTED_EDGE ( 'NONE', *, *, #1873, .F. ) ;
#2754 = CARTESIAN_POINT ( 'NONE',  ( 0.000000000000000000, 0.04499999999999998446, 0.000000000000000000 ) ) ;
#2755 = ADVANCED_FACE ( 'NONE', ( #981 ), #952, .F. ) ;
#2756 = AXIS2_PLACEMENT_3D ( 'NONE', #442, #1337, #1976 ) ;
#2757 = EDGE_LOOP ( 'NONE', ( #2665, #2529, #2693, #2197, #2229 ) ) ;
#2758 = DIRECTION ( 'NONE',  ( -0.8574929257125442073, 0.000000000000000000, 0.5144957554275264577 ) ) ;
#2759 = DIRECTION ( 'NONE',  ( -0.000000000000000000, -1.000000000000000000, -0.000000000000000000 ) ) ;
#2760 = VERTEX_POINT ( 'NONE', #775 ) ;
#2761 = ORIENTED_EDGE ( 'NONE', *, *, #2076, .F. ) ;
#2762 = DIRECTION ( 'NONE',  ( 0.000000000000000000, -1.000000000000000000, -0.000000000000000000 ) ) ;
#2763 = DIRECTION ( 'NONE',  ( 0.000000000000000000, -1.000000000000000000, 0.000000000000000000 ) ) ;
#2764 = CARTESIAN_POINT ( 'NONE',  ( -0.005000000000000001839, 0.7170876595915856022, -0.9770748681882399644 ) ) ;
#2765 = LINE ( 'NONE', #933, #517 ) ;
#2766 = LINE ( 'NONE', #787, #1638 ) ;
#2767 = CARTESIAN_POINT ( 'NONE',  ( 0.9899999999999997691, 0.000000000000000000, -1.300000000000000266 ) ) ;
#2768 = CARTESIAN_POINT ( 'NONE',  ( -1.300000000000000488, 0.3499999999999999778, 0.9000000000000002442 ) ) ;
#2769 = SPHERICAL_SURFACE ( 'NONE', #2695, 0.2500000000000000000 ) ;
#2770 = ORIENTED_EDGE ( 'NONE', *, *, #1719, .T. ) ;
#2771 = EDGE_LOOP ( 'NONE', ( #1127, #535, #1912, #587, #1359, #1423, #2369, #2387 ) ) ;
#2772 = DIRECTION ( 'NONE',  ( 0.000000000000000000, 0.000000000000000000, 1.000000000000000000 ) ) ;
#2773 = ORIENTED_EDGE ( 'NONE', *, *, #2111, .T. ) ;
#2774 = FACE_OUTER_BOUND ( 'NONE', #1716, .T. ) ;
#2775 = CYLINDRICAL_SURFACE ( 'NONE', #2456, 0.9250000000000000444 ) ;
#2776 = EDGE_CURVE ( 'NONE', #479, #1486, #555, .T. ) ;
#2777 = SURFACE_STYLE_USAGE ( .BOTH. , #783 ) ;
#2778 = ORIENTED_EDGE ( 'NONE', *, *, #2152, .T. ) ;
#2779 = DIRECTION ( 'NONE',  ( -1.000000000000000000, 0.000000000000000000, 8.673617379884027583E-16 ) ) ;
#2780 = DIRECTION ( 'NONE',  ( 1.000000000000000000, 0.000000000000000000, -0.000000000000000000 ) ) ;
#2781 = EDGE_CURVE ( 'NONE', #1156, #2026, #727, .T. ) ;
#2782 = CARTESIAN_POINT ( 'NONE',  ( 0.2599999999999998423, 0.1399999999999999301, 1.550000000000000266 ) ) ;
#2783 = CARTESIAN_POINT ( 'NONE',  ( -0.9499999999999998446, -0.000000000000000000, -0.3999999999999997446 ) ) ;
#2784 = ORIENTED_EDGE ( 'NONE', *, *, #1106, .F. ) ;
#2785 = ORIENTED_EDGE ( 'NONE', *, *, #1110, .F. ) ;
#2786 = DIRECTION ( 'NONE',  ( -1.000000000000000000, 0.000000000000000000, -8.673617379884041389E-16 ) ) ;
#2787 = VECTOR ( 'NONE', #28, 1000.000000000000000 ) ;
#2788 = VERTEX_POINT ( 'NONE', #1650 ) ;
#2789 = CIRCLE ( 'NONE', #175, 0.1399999999999999301 ) ;
#2790 = DIRECTION ( 'NONE',  ( 1.971276677246371272E-16, 0.000000000000000000, 1.000000000000000000 ) ) ;
#2791 = AXIS2_PLACEMENT_3D ( 'NONE', #1282, #1655, #1670 ) ;
#2792 = VECTOR ( 'NONE', #1667, 1000.000000000000000 ) ;
#2793 = CARTESIAN_POINT ( 'NONE',  ( 0.2599999999999998423, 0.000000000000000000, 1.550000000000000266 ) ) ;
#2794 = AXIS2_PLACEMENT_3D ( 'NONE', #1219, #2100, #2057 ) ;
#2795 = ORIENTED_EDGE ( 'NONE', *, *, #1441, .F. ) ;
#2796 = AXIS2_PLACEMENT_3D ( 'NONE', #2685, #2196, #434 ) ;
#2797 = DIRECTION ( 'NONE',  ( 0.000000000000000000, 1.000000000000000000, 0.000000000000000000 ) ) ;
#2798 = CIRCLE ( 'NONE', #2638, 0.2500000000000000000 ) ;
#2799 = VERTEX_POINT ( 'NONE', #1000 ) ;
#2800 = VECTOR ( 'NONE', #2719, 1000.000000000000000 ) ;
#2801 = CARTESIAN_POINT ( 'NONE',  ( -0.9900000000000006573, 0.1400000000000000133, -1.300000000000000266 ) ) ;
#2802 = PRODUCT_CONTEXT ( 'NONE', #2394, 'mechanical' ) ;
#2803 = AXIS2_PLACEMENT_3D ( 'NONE', #1351, #2238, #237 ) ;
#2804 = ORIENTED_EDGE ( 'NONE', *, *, #1531, .T. ) ;
#2805 = ORIENTED_EDGE ( 'NONE', *, *, #1295, .F. ) ;
#2806 = CARTESIAN_POINT ( 'NONE',  ( 0.000000000000000000, 0.000000000000000000, 0.000000000000000000 ) ) ;
#2807 = ORIENTED_EDGE ( 'NONE', *, *, #2694, .T. ) ;
#2808 = EDGE_CURVE ( 'NONE', #892, #1204, #2565, .T. ) ;
#2809 = DIRECTION ( 'NONE',  ( -0.5144957554275264577, 0.000000000000000000, 0.8574929257125442073 ) ) ;
#2810 = CARTESIAN_POINT ( 'NONE',  ( 0.000000000000000000, 1.149999999999999689, 0.000000000000000000 ) ) ;
#2811 = ORIENTED_EDGE ( 'NONE', *, *, #1102, .T. ) ;
#2812 = LINE ( 'NONE', #829, #2655 ) ;
#2813 = DIRECTION ( 'NONE',  ( -1.084202172485504434E-16, 0.000000000000000000, 1.000000000000000000 ) ) ;
#2814 = CARTESIAN_POINT ( 'NONE',  ( -0.2999999999999997669, 2.022153022471871786, -1.549999999999999600 ) ) ;
#2815 = VERTEX_POINT ( 'NONE', #1880 ) ;
#2816 = ORIENTED_EDGE ( 'NONE', *, *, #866, .F. ) ;
#2817 = VERTEX_POINT ( 'NONE', #2070 ) ;
#2818 = FACE_OUTER_BOUND ( 'NONE', #2303, .T. ) ;
#2819 = PRESENTATION_STYLE_ASSIGNMENT (( #2777 ) ) ;
#2820 = DIRECTION ( 'NONE',  ( 0.000000000000000000, -1.000000000000000000, 0.000000000000000000 ) ) ;
#2821 = EDGE_CURVE ( 'NONE', #2557, #1491, #56, .T. ) ;
#2822 = DIRECTION ( 'NONE',  ( -1.000000000000000000, -0.000000000000000000, -0.000000000000000000 ) ) ;
#2823 = DIRECTION ( 'NONE',  ( 1.000000000000000000, 0.000000000000000000, 0.000000000000000000 ) ) ;
#2824 = ORIENTED_EDGE ( 'NONE', *, *, #669, .F. ) ;
#2825 = DIRECTION ( 'NONE',  ( 1.000000000000000000, 0.000000000000000000, 0.000000000000000000 ) ) ;
#2826 = ORIENTED_EDGE ( 'NONE', *, *, #1243, .T. ) ;
#2827 = DIRECTION ( 'NONE',  ( 1.000000000000000000, 0.000000000000000000, 0.000000000000000000 ) ) ;
#2828 = EDGE_LOOP ( 'NONE', ( #1956, #838, #2852, #957 ) ) ;
#2829 = CARTESIAN_POINT ( 'NONE',  ( 0.004999999999999999237, 0.7399999999999997691, -0.9999874999218739680 ) ) ;
#2830 =( NAMED_UNIT ( * ) SI_UNIT ( $, .STERADIAN. ) SOLID_ANGLE_UNIT ( ) );
#2831 = VECTOR ( 'NONE', #1648, 1000.000000000000000 ) ;
#2832 = VECTOR ( 'NONE', #1817, 1000.000000000000000 ) ;
#2833 = LINE ( 'NONE', #1231, #891 ) ;
#2834 = MECHANICAL_DESIGN_GEOMETRIC_PRESENTATION_REPRESENTATION (  '', ( #650 ), #1166 ) ;
#2835 = CARTESIAN_POINT ( 'NONE',  ( 0.2599999999999997868, 0.000000000000000000, 1.000000000000000000 ) ) ;
#2836 = AXIS2_PLACEMENT_3D ( 'NONE', #1614, #951, #2531 ) ;
#2837 = CARTESIAN_POINT ( 'NONE',  ( -0.9900000000000006573, 0.3499999999999999778, -1.300000000000000266 ) ) ;
#2838 = VECTOR ( 'NONE', #1946, 1000.000000000000114 ) ;
#2839 = VERTEX_POINT ( 'NONE', #745 ) ;
#2840 = DIRECTION ( 'NONE',  ( 0.000000000000000000, -1.000000000000000000, 0.000000000000000000 ) ) ;
#2841 = ORIENTED_EDGE ( 'NONE', *, *, #497, .F. ) ;
#2842 = EDGE_CURVE ( 'NONE', #316, #824, #1725, .T. ) ;
#2843 = CARTESIAN_POINT ( 'NONE',  ( 0.2599999999999997868, 0.1400000000000000133, 1.000000000000000000 ) ) ;
#2844 = ADVANCED_FACE ( 'NONE', ( #2723 ), #2769, .T. ) ;
#2845 = EDGE_LOOP ( 'NONE', ( #521, #2432, #352, #940 ) ) ;
#2846 =( GEOMETRIC_REPRESENTATION_CONTEXT ( 3 ) GLOBAL_UNCERTAINTY_ASSIGNED_CONTEXT ( ( #1915 ) ) GLOBAL_UNIT_ASSIGNED_CONTEXT ( ( #327, #1229, #112 ) ) REPRESENTATION_CONTEXT ( 'NONE', 'WORKASPACE' ) );
#2847 = CARTESIAN_POINT ( 'NONE',  ( -0.2999999999999997113, 0.1650000000000000078, -1.000000000000000222 ) ) ;
#2848 = DIRECTION ( 'NONE',  ( 1.000000000000000000, 0.000000000000000000, 0.000000000000000000 ) ) ;
#2849 = DIRECTION ( 'NONE',  ( 0.000000000000000000, -0.000000000000000000, 1.000000000000000000 ) ) ;
#2850 = DIRECTION ( 'NONE',  ( 0.000000000000000000, -0.000000000000000000, 1.000000000000000000 ) ) ;
#2851 = APPLICATION_PROTOCOL_DEFINITION ( 'draft international standard', 'automotive_design', 1998, #146 ) ;
#2852 = ORIENTED_EDGE ( 'NONE', *, *, #620, .F. ) ;
#2853 = DIRECTION ( 'NONE',  ( 0.000000000000000000, 1.000000000000000000, 0.000000000000000000 ) ) ;
#2854 = ORIENTED_EDGE ( 'NONE', *, *, #2093, .F. ) ;
#2855 = PLANE ( 'NONE',  #1392 ) ;
#2856 = ORIENTED_EDGE ( 'NONE', *, *, #165, .T. ) ;
#2857 = PRODUCT_DEFINITION ( 'UNKNOWN', '', #886, #2497 ) ;
#2858 = LINE ( 'NONE', #938, #1993 ) ;
#2859 = PRESENTATION_STYLE_ASSIGNMENT (( #1985 ) ) ;
#2860 = FILL_AREA_STYLE ('',( #1092 ) ) ;
#2861 = ADVANCED_FACE ( 'NONE', ( #2546 ), #1460, .T. ) ;
#2862 = CARTESIAN_POINT ( 'NONE',  ( 0.2599999999999997868, 0.1399999999999999301, 1.000000000000000000 ) ) ;
#2863 = LINE ( 'NONE', #2008, #514 ) ;
#2864 = ADVANCED_FACE ( 'NONE', ( #2115 ), #117, .T. ) ;
#2865 = EDGE_CURVE ( 'NONE', #1736, #2207, #1831, .T. ) ;
#2866 = EDGE_CURVE ( 'NONE', #350, #2493, #2496, .T. ) ;
#2867 = VERTEX_POINT ( 'NONE', #168 ) ;
#2868 = DIRECTION ( 'NONE',  ( 0.000000000000000000, 0.000000000000000000, -1.000000000000000000 ) ) ;
#2869 = ORIENTED_EDGE ( 'NONE', *, *, #845, .F. ) ;
#2870 = DIRECTION ( 'NONE',  ( -0.000000000000000000, -1.000000000000000000, -0.000000000000000000 ) ) ;
#2871 = VERTEX_POINT ( 'NONE', #2359 ) ;
#2872 = B_SPLINE_CURVE_WITH_KNOTS ( 'NONE', 3,
 ( #2573, #2153, #2764, #1934, #1018, #1899, #1465 ),
 .UNSPECIFIED., .F., .F.,
 ( 4, 3, 4 ),
 ( 0.0004545284607366810621, 0.0005031331835615923675, 0.0005605951945938321456 ),
 .UNSPECIFIED. ) ;
#2873 = DIRECTION ( 'NONE',  ( -1.000000000000000000, -0.000000000000000000, -0.000000000000000000 ) ) ;
#2874 = DIRECTION ( 'NONE',  ( 1.000000000000000000, 0.000000000000000000, -1.971276677246371272E-16 ) ) ;
#2875 = LINE ( 'NONE', #399, #1126 ) ;
#2876 = LINE ( 'NONE', #1947, #2658 ) ;
#2877 = CIRCLE ( 'NONE', #2688, 0.1400000000000000411 ) ;
#2878 = LINE ( 'NONE', #2451, #2508 ) ;
#2879 = AXIS2_PLACEMENT_3D ( 'NONE', #1160, #519, #2716 ) ;
#2880 = EDGE_LOOP ( 'NONE', ( #2869, #2452, #1420, #2511 ) ) ;
#2881 = VECTOR ( 'NONE', #1086, 1000.000000000000000 ) ;
#2882 = DIRECTION ( 'NONE',  ( 0.000000000000000000, 0.000000000000000000, 1.000000000000000000 ) ) ;
#2883 = ORIENTED_EDGE ( 'NONE', *, *, #2212, .F. ) ;
#2884 = AXIS2_PLACEMENT_3D ( 'NONE', #347, #127, #2617 ) ;
#2885 = DIRECTION ( 'NONE',  ( 1.000000000000000000, 0.000000000000000000, -1.224646799147353207E-16 ) ) ;
#2886 = TOROIDAL_SURFACE ( 'NONE', #2278, 0.1599999999999999756, 0.01000000000000000021 ) ;
#2887 = ORIENTED_EDGE ( 'NONE', *, *, #1023, .T. ) ;
ENDSEC;
END-ISO-10303-21;
