
D:/BLE-STACK-THESIS/mioty-ble/build/mioty-ble.elf:     file format elf32-littlearm

Sections:
Idx Name          Size      VMA       LMA       File off  Algn
  0 .boot2        00000100  10000000  10000000  00001000  2**0
                  CONTENTS, ALLOC, LOAD, READONLY, CODE
  1 .text         00008d90  10000100  10000100  00001100  2**3
                  CONTENTS, ALLOC, LOAD, READONLY, CODE
  2 .rodata       000018a4  10008e90  10008e90  00009e90  2**3
                  CONTENTS, ALLOC, LOAD, READONLY, DATA
  3 .binary_info  00000020  1000a734  1000a734  0000b734  2**2
                  CONTENTS, ALLOC, LOAD, READONLY, DATA
  4 .ram_vector_table 000000c0  20000000  20000000  0000e000  2**2
                  ALLOC
  5 .uninitialized_data 00000000  200000c0  200000c0  0000d2c8  2**0
                  CONTENTS
  6 .data         00001208  200000c0  1000a754  0000c0c0  2**4
                  CONTENTS, ALLOC, LOAD, READONLY, CODE
  7 .tdata        00000000  200012c8  200012c8  0000d2c8  2**0
                  CONTENTS, ALLOC, LOAD, DATA, THREAD_LOCAL
  8 .tbss         00000000  200012c8  200012c8  00000000  2**0
                  ALLOC, THREAD_LOCAL
  9 .bss          00001230  200012c8  1000b95c  0000d2c8  2**3
                  ALLOC
 10 .heap         0003db08  200024f8  1000b95c  0000d4f8  2**2
                  ALLOC, READONLY
 11 .scratch_x    00000000  20040000  20040000  0000d2c8  2**0
                  CONTENTS
 12 .scratch_y    00000000  20041000  20041000  0000d2c8  2**0
                  CONTENTS
 13 .stack_dummy  00000800  20041000  20041000  0000d2e0  2**5
                  CONTENTS, READONLY
 14 .ARM.attributes 00000028  00000000  00000000  0000dae0  2**0
                  CONTENTS, READONLY
 15 .comment      00000044  00000000  00000000  0000db08  2**0
                  CONTENTS, READONLY
 16 .debug_info   00034b0d  00000000  00000000  0000db4c  2**0
                  CONTENTS, READONLY, DEBUGGING, OCTETS
 17 .debug_abbrev 000098aa  00000000  00000000  00042659  2**0
                  CONTENTS, READONLY, DEBUGGING, OCTETS
 18 .debug_loclists 000150ad  00000000  00000000  0004bf03  2**0
                  CONTENTS, READONLY, DEBUGGING, OCTETS
 19 .debug_aranges 00001b20  00000000  00000000  00060fb0  2**3
                  CONTENTS, READONLY, DEBUGGING, OCTETS
 20 .debug_rnglists 00001ef9  00000000  00000000  00062ad0  2**0
                  CONTENTS, READONLY, DEBUGGING, OCTETS
 21 .debug_line   0001f827  00000000  00000000  000649c9  2**0
                  CONTENTS, READONLY, DEBUGGING, OCTETS
 22 .debug_str    0000c687  00000000  00000000  000841f0  2**0
                  CONTENTS, READONLY, DEBUGGING, OCTETS
 23 .debug_frame  000040a4  00000000  00000000  00090878  2**2
                  CONTENTS, READONLY, DEBUGGING, OCTETS
 24 .debug_line_str 00000355  00000000  00000000  0009491c  2**0
                  CONTENTS, READONLY, DEBUGGING, OCTETS

D:/BLE-STACK-THESIS/mioty-ble/build/mioty-ble.elf:     file format elf32-littlearm


Disassembly of section .boot2:

10000000 <__boot2_start__>:
10000000:	4b32b500 	.word	0x4b32b500
10000004:	60582021 	.word	0x60582021
10000008:	21026898 	.word	0x21026898
1000000c:	60984388 	.word	0x60984388
10000010:	611860d8 	.word	0x611860d8
10000014:	4b2e6158 	.word	0x4b2e6158
10000018:	60992100 	.word	0x60992100
1000001c:	61592102 	.word	0x61592102
10000020:	22f02101 	.word	0x22f02101
10000024:	492b5099 	.word	0x492b5099
10000028:	21016019 	.word	0x21016019
1000002c:	20356099 	.word	0x20356099
10000030:	f844f000 	.word	0xf844f000
10000034:	42902202 	.word	0x42902202
10000038:	2106d014 	.word	0x2106d014
1000003c:	f0006619 	.word	0xf0006619
10000040:	6e19f834 	.word	0x6e19f834
10000044:	66192101 	.word	0x66192101
10000048:	66182000 	.word	0x66182000
1000004c:	f000661a 	.word	0xf000661a
10000050:	6e19f82c 	.word	0x6e19f82c
10000054:	6e196e19 	.word	0x6e196e19
10000058:	f0002005 	.word	0xf0002005
1000005c:	2101f82f 	.word	0x2101f82f
10000060:	d1f94208 	.word	0xd1f94208
10000064:	60992100 	.word	0x60992100
10000068:	6019491b 	.word	0x6019491b
1000006c:	60592100 	.word	0x60592100
10000070:	481b491a 	.word	0x481b491a
10000074:	21016001 	.word	0x21016001
10000078:	21eb6099 	.word	0x21eb6099
1000007c:	21a06619 	.word	0x21a06619
10000080:	f0006619 	.word	0xf0006619
10000084:	2100f812 	.word	0x2100f812
10000088:	49166099 	.word	0x49166099
1000008c:	60014814 	.word	0x60014814
10000090:	60992101 	.word	0x60992101
10000094:	2800bc01 	.word	0x2800bc01
10000098:	4700d000 	.word	0x4700d000
1000009c:	49134812 	.word	0x49134812
100000a0:	c8036008 	.word	0xc8036008
100000a4:	8808f380 	.word	0x8808f380
100000a8:	b5034708 	.word	0xb5034708
100000ac:	20046a99 	.word	0x20046a99
100000b0:	d0fb4201 	.word	0xd0fb4201
100000b4:	42012001 	.word	0x42012001
100000b8:	bd03d1f8 	.word	0xbd03d1f8
100000bc:	6618b502 	.word	0x6618b502
100000c0:	f7ff6618 	.word	0xf7ff6618
100000c4:	6e18fff2 	.word	0x6e18fff2
100000c8:	bd026e18 	.word	0xbd026e18
100000cc:	40020000 	.word	0x40020000
100000d0:	18000000 	.word	0x18000000
100000d4:	00070000 	.word	0x00070000
100000d8:	005f0300 	.word	0x005f0300
100000dc:	00002221 	.word	0x00002221
100000e0:	180000f4 	.word	0x180000f4
100000e4:	a0002022 	.word	0xa0002022
100000e8:	10000100 	.word	0x10000100
100000ec:	e000ed08 	.word	0xe000ed08
	...
100000fc:	7a4eb274 	.word	0x7a4eb274

Disassembly of section .text:

10000100 <__VECTOR_TABLE>:
10000100:	20042000 	.word	0x20042000
10000104:	100001f7 	.word	0x100001f7
10000108:	100001c3 	.word	0x100001c3
1000010c:	100001c5 	.word	0x100001c5
10000110:	100001c1 	.word	0x100001c1
10000114:	100001c1 	.word	0x100001c1
10000118:	100001c1 	.word	0x100001c1
1000011c:	100001c1 	.word	0x100001c1
10000120:	100001c1 	.word	0x100001c1
10000124:	100001c1 	.word	0x100001c1
10000128:	100001c1 	.word	0x100001c1
1000012c:	100001c7 	.word	0x100001c7
10000130:	100001c1 	.word	0x100001c1
10000134:	100001c1 	.word	0x100001c1
10000138:	100001c9 	.word	0x100001c9
1000013c:	100001cb 	.word	0x100001cb
10000140:	100001cd 	.word	0x100001cd
10000144:	100001cd 	.word	0x100001cd
10000148:	100001cd 	.word	0x100001cd
1000014c:	100001cd 	.word	0x100001cd
10000150:	100001cd 	.word	0x100001cd
10000154:	100001cd 	.word	0x100001cd
10000158:	100001cd 	.word	0x100001cd
1000015c:	100001cd 	.word	0x100001cd
10000160:	100001cd 	.word	0x100001cd
10000164:	100001cd 	.word	0x100001cd
10000168:	100001cd 	.word	0x100001cd
1000016c:	100001cd 	.word	0x100001cd
10000170:	100001cd 	.word	0x100001cd
10000174:	100001cd 	.word	0x100001cd
10000178:	100001cd 	.word	0x100001cd
1000017c:	100001cd 	.word	0x100001cd
10000180:	100001cd 	.word	0x100001cd
10000184:	100001cd 	.word	0x100001cd
10000188:	100001cd 	.word	0x100001cd
1000018c:	100001cd 	.word	0x100001cd
10000190:	100001cd 	.word	0x100001cd
10000194:	100001cd 	.word	0x100001cd
10000198:	100001cd 	.word	0x100001cd
1000019c:	100001cd 	.word	0x100001cd
100001a0:	100001cd 	.word	0x100001cd
100001a4:	100001cd 	.word	0x100001cd
100001a8:	100001cd 	.word	0x100001cd
100001ac:	100001cd 	.word	0x100001cd
100001b0:	100001cd 	.word	0x100001cd
100001b4:	100001cd 	.word	0x100001cd
100001b8:	100001cd 	.word	0x100001cd
100001bc:	100001cd 	.word	0x100001cd

100001c0 <isr_invalid>:
100001c0:	be00      	bkpt	0x0000

100001c2 <isr_nmi>:
100001c2:	be00      	bkpt	0x0000

100001c4 <isr_hardfault>:
100001c4:	be00      	bkpt	0x0000

100001c6 <isr_svcall>:
100001c6:	be00      	bkpt	0x0000

100001c8 <isr_pendsv>:
100001c8:	be00      	bkpt	0x0000

100001ca <isr_systick>:
100001ca:	be00      	bkpt	0x0000

100001cc <__unhandled_user_irq>:
100001cc:	f3ef 8005 	mrs	r0, IPSR
100001d0:	3810      	subs	r0, #16

100001d2 <unhandled_user_irq_num_in_r0>:
100001d2:	be00      	bkpt	0x0000

100001d4 <binary_info_header>:
100001d4:	7188ebf2 	.word	0x7188ebf2
100001d8:	1000a734 	.word	0x1000a734
100001dc:	1000a754 	.word	0x1000a754
100001e0:	10000238 	.word	0x10000238
100001e4:	e71aa390 	.word	0xe71aa390

100001e8 <_entry_point>:
100001e8:	481e      	ldr	r0, [pc, #120]	@ (10000264 <data_cpy_table+0x2c>)

100001ea <_enter_vtable_in_r0>:
100001ea:	491f      	ldr	r1, [pc, #124]	@ (10000268 <data_cpy_table+0x30>)
100001ec:	6008      	str	r0, [r1, #0]
100001ee:	c806      	ldmia	r0!, {r1, r2}
100001f0:	f381 8808 	msr	MSP, r1
100001f4:	4710      	bx	r2

100001f6 <_reset_handler>:
100001f6:	481d      	ldr	r0, [pc, #116]	@ (1000026c <data_cpy_table+0x34>)
100001f8:	6800      	ldr	r0, [r0, #0]
100001fa:	2800      	cmp	r0, #0
100001fc:	d001      	beq.n	10000202 <hold_non_core0_in_bootrom+0x4>

100001fe <hold_non_core0_in_bootrom>:
100001fe:	4819      	ldr	r0, [pc, #100]	@ (10000264 <data_cpy_table+0x2c>)
10000200:	e7f3      	b.n	100001ea <_enter_vtable_in_r0>
10000202:	a40d      	add	r4, pc, #52	@ (adr r4, 10000238 <data_cpy_table>)
10000204:	cc0e      	ldmia	r4!, {r1, r2, r3}
10000206:	2900      	cmp	r1, #0
10000208:	d002      	beq.n	10000210 <hold_non_core0_in_bootrom+0x12>
1000020a:	f000 f812 	bl	10000232 <data_cpy>
1000020e:	e7f9      	b.n	10000204 <hold_non_core0_in_bootrom+0x6>
10000210:	4917      	ldr	r1, [pc, #92]	@ (10000270 <data_cpy_table+0x38>)
10000212:	4a18      	ldr	r2, [pc, #96]	@ (10000274 <data_cpy_table+0x3c>)
10000214:	2000      	movs	r0, #0
10000216:	e000      	b.n	1000021a <bss_fill_test>

10000218 <bss_fill_loop>:
10000218:	c101      	stmia	r1!, {r0}

1000021a <bss_fill_test>:
1000021a:	4291      	cmp	r1, r2
1000021c:	d1fc      	bne.n	10000218 <bss_fill_loop>

1000021e <platform_entry>:
1000021e:	4916      	ldr	r1, [pc, #88]	@ (10000278 <data_cpy_table+0x40>)
10000220:	4788      	blx	r1
10000222:	4916      	ldr	r1, [pc, #88]	@ (1000027c <data_cpy_table+0x44>)
10000224:	4788      	blx	r1
10000226:	4916      	ldr	r1, [pc, #88]	@ (10000280 <data_cpy_table+0x48>)
10000228:	4788      	blx	r1
1000022a:	be00      	bkpt	0x0000
1000022c:	e7fd      	b.n	1000022a <platform_entry+0xc>

1000022e <data_cpy_loop>:
1000022e:	c901      	ldmia	r1!, {r0}
10000230:	c201      	stmia	r2!, {r0}

10000232 <data_cpy>:
10000232:	429a      	cmp	r2, r3
10000234:	d3fb      	bcc.n	1000022e <data_cpy_loop>
10000236:	4770      	bx	lr

10000238 <data_cpy_table>:
10000238:	1000a754 	.word	0x1000a754
1000023c:	200000c0 	.word	0x200000c0
10000240:	200012c8 	.word	0x200012c8
10000244:	1000b95c 	.word	0x1000b95c
10000248:	20040000 	.word	0x20040000
1000024c:	20040000 	.word	0x20040000
10000250:	1000b95c 	.word	0x1000b95c
10000254:	20041000 	.word	0x20041000
10000258:	20041000 	.word	0x20041000
1000025c:	00000000 	.word	0x00000000
10000260:	4770      	bx	lr
10000262:	0000      	.short	0x0000
10000264:	00000000 	.word	0x00000000
10000268:	e000ed08 	.word	0xe000ed08
1000026c:	d0000000 	.word	0xd0000000
10000270:	200012c8 	.word	0x200012c8
10000274:	200024f8 	.word	0x200024f8
10000278:	10005ae9 	.word	0x10005ae9
1000027c:	1000155d 	.word	0x1000155d
10000280:	10005aa9 	.word	0x10005aa9

10000284 <_init>:
10000284:	b5f8      	push	{r3, r4, r5, r6, r7, lr}
10000286:	46c0      	nop			@ (mov r8, r8)

10000288 <register_tm_clones>:
10000288:	4806      	ldr	r0, [pc, #24]	@ (100002a4 <register_tm_clones+0x1c>)
1000028a:	4907      	ldr	r1, [pc, #28]	@ (100002a8 <register_tm_clones+0x20>)
1000028c:	1a09      	subs	r1, r1, r0
1000028e:	108b      	asrs	r3, r1, #2
10000290:	0fc9      	lsrs	r1, r1, #31
10000292:	18c9      	adds	r1, r1, r3
10000294:	b510      	push	{r4, lr}
10000296:	1049      	asrs	r1, r1, #1
10000298:	d003      	beq.n	100002a2 <register_tm_clones+0x1a>
1000029a:	4b04      	ldr	r3, [pc, #16]	@ (100002ac <register_tm_clones+0x24>)
1000029c:	2b00      	cmp	r3, #0
1000029e:	d000      	beq.n	100002a2 <register_tm_clones+0x1a>
100002a0:	4798      	blx	r3
100002a2:	bd10      	pop	{r4, pc}
100002a4:	200012c8 	.word	0x200012c8
100002a8:	200012c8 	.word	0x200012c8
100002ac:	00000000 	.word	0x00000000

100002b0 <frame_dummy>:
100002b0:	4b05      	ldr	r3, [pc, #20]	@ (100002c8 <frame_dummy+0x18>)
100002b2:	b510      	push	{r4, lr}
100002b4:	2b00      	cmp	r3, #0
100002b6:	d003      	beq.n	100002c0 <frame_dummy+0x10>
100002b8:	4904      	ldr	r1, [pc, #16]	@ (100002cc <frame_dummy+0x1c>)
100002ba:	4805      	ldr	r0, [pc, #20]	@ (100002d0 <frame_dummy+0x20>)
100002bc:	e000      	b.n	100002c0 <frame_dummy+0x10>
100002be:	bf00      	nop
100002c0:	f7ff ffe2 	bl	10000288 <register_tm_clones>
100002c4:	bd10      	pop	{r4, pc}
100002c6:	46c0      	nop			@ (mov r8, r8)
100002c8:	00000000 	.word	0x00000000
100002cc:	20002288 	.word	0x20002288
100002d0:	10008e90 	.word	0x10008e90

100002d4 <_ZN8TsUnbLibL8writeBitEhjPh>:
100002d4:	b510      	push	{r4, lr}
100002d6:	08cc      	lsrs	r4, r1, #3
100002d8:	2307      	movs	r3, #7
100002da:	400b      	ands	r3, r1
100002dc:	2800      	cmp	r0, #0
100002de:	d006      	beq.n	100002ee <_ZN8TsUnbLibL8writeBitEhjPh+0x1a>
100002e0:	5d11      	ldrb	r1, [r2, r4]
100002e2:	2080      	movs	r0, #128	@ 0x80
100002e4:	4118      	asrs	r0, r3
100002e6:	0003      	movs	r3, r0
100002e8:	430b      	orrs	r3, r1
100002ea:	5513      	strb	r3, [r2, r4]
100002ec:	bd10      	pop	{r4, pc}
100002ee:	5d10      	ldrb	r0, [r2, r4]
100002f0:	2181      	movs	r1, #129	@ 0x81
100002f2:	4249      	negs	r1, r1
100002f4:	4119      	asrs	r1, r3
100002f6:	000b      	movs	r3, r1
100002f8:	4003      	ands	r3, r0
100002fa:	5513      	strb	r3, [r2, r4]
100002fc:	e7f6      	b.n	100002ec <_ZN8TsUnbLibL8writeBitEhjPh+0x18>
	...

10000300 <_ZN8TsUnbLib6RPPico14timer_callbackElPv>:
10000300:	b510      	push	{r4, lr}
10000302:	4b22      	ldr	r3, [pc, #136]	@ (1000038c <_ZN8TsUnbLib6RPPico14timer_callbackElPv+0x8c>)
10000304:	781b      	ldrb	r3, [r3, #0]
10000306:	2b00      	cmp	r3, #0
10000308:	d125      	bne.n	10000356 <_ZN8TsUnbLib6RPPico14timer_callbackElPv+0x56>
1000030a:	4b21      	ldr	r3, [pc, #132]	@ (10000390 <_ZN8TsUnbLib6RPPico14timer_callbackElPv+0x90>)
1000030c:	2201      	movs	r2, #1
1000030e:	701a      	strb	r2, [r3, #0]
10000310:	4b20      	ldr	r3, [pc, #128]	@ (10000394 <_ZN8TsUnbLib6RPPico14timer_callbackElPv+0x94>)
10000312:	6819      	ldr	r1, [r3, #0]
10000314:	4c20      	ldr	r4, [pc, #128]	@ (10000398 <_ZN8TsUnbLib6RPPico14timer_callbackElPv+0x98>)
10000316:	6820      	ldr	r0, [r4, #0]
10000318:	f004 f8f4 	bl	10004504 <__wrap___aeabi_fadd>
1000031c:	6020      	str	r0, [r4, #0]
1000031e:	6820      	ldr	r0, [r4, #0]
10000320:	21fc      	movs	r1, #252	@ 0xfc
10000322:	0589      	lsls	r1, r1, #22
10000324:	f004 f8ee 	bl	10004504 <__wrap___aeabi_fadd>
10000328:	f004 f972 	bl	10004610 <__wrap___aeabi_f2lz>
1000032c:	0002      	movs	r2, r0
1000032e:	000b      	movs	r3, r1
10000330:	491a      	ldr	r1, [pc, #104]	@ (1000039c <_ZN8TsUnbLib6RPPico14timer_callbackElPv+0x9c>)
10000332:	600a      	str	r2, [r1, #0]
10000334:	604b      	str	r3, [r1, #4]
10000336:	6808      	ldr	r0, [r1, #0]
10000338:	6849      	ldr	r1, [r1, #4]
1000033a:	f004 f95b 	bl	100045f4 <__wrap___aeabi_l2f>
1000033e:	1c01      	adds	r1, r0, #0
10000340:	6820      	ldr	r0, [r4, #0]
10000342:	f004 f8da 	bl	100044fa <__wrap___aeabi_fsub>
10000346:	6020      	str	r0, [r4, #0]
10000348:	4b14      	ldr	r3, [pc, #80]	@ (1000039c <_ZN8TsUnbLib6RPPico14timer_callbackElPv+0x9c>)
1000034a:	681a      	ldr	r2, [r3, #0]
1000034c:	685b      	ldr	r3, [r3, #4]
1000034e:	2100      	movs	r1, #0
10000350:	4250      	negs	r0, r2
10000352:	4199      	sbcs	r1, r3
10000354:	bd10      	pop	{r4, pc}
10000356:	4c10      	ldr	r4, [pc, #64]	@ (10000398 <_ZN8TsUnbLib6RPPico14timer_callbackElPv+0x98>)
10000358:	6820      	ldr	r0, [r4, #0]
1000035a:	21fc      	movs	r1, #252	@ 0xfc
1000035c:	0589      	lsls	r1, r1, #22
1000035e:	f004 f8d1 	bl	10004504 <__wrap___aeabi_fadd>
10000362:	f004 f955 	bl	10004610 <__wrap___aeabi_f2lz>
10000366:	0002      	movs	r2, r0
10000368:	000b      	movs	r3, r1
1000036a:	490c      	ldr	r1, [pc, #48]	@ (1000039c <_ZN8TsUnbLib6RPPico14timer_callbackElPv+0x9c>)
1000036c:	600a      	str	r2, [r1, #0]
1000036e:	604b      	str	r3, [r1, #4]
10000370:	6808      	ldr	r0, [r1, #0]
10000372:	6849      	ldr	r1, [r1, #4]
10000374:	f004 f93e 	bl	100045f4 <__wrap___aeabi_l2f>
10000378:	1c01      	adds	r1, r0, #0
1000037a:	6820      	ldr	r0, [r4, #0]
1000037c:	f004 f8bd 	bl	100044fa <__wrap___aeabi_fsub>
10000380:	6020      	str	r0, [r4, #0]
10000382:	4b02      	ldr	r3, [pc, #8]	@ (1000038c <_ZN8TsUnbLib6RPPico14timer_callbackElPv+0x8c>)
10000384:	2200      	movs	r2, #0
10000386:	701a      	strb	r2, [r3, #0]
10000388:	e7de      	b.n	10000348 <_ZN8TsUnbLib6RPPico14timer_callbackElPv+0x48>
1000038a:	46c0      	nop			@ (mov r8, r8)
1000038c:	200024e9 	.word	0x200024e9
10000390:	200024ea 	.word	0x200024ea
10000394:	20001490 	.word	0x20001490
10000398:	20001494 	.word	0x20001494
1000039c:	200012d0 	.word	0x200012d0

100003a0 <alarm_pool_add_alarm_in_us>:
100003a0:	b5f0      	push	{r4, r5, r6, r7, lr}
100003a2:	b085      	sub	sp, #20
100003a4:	0006      	movs	r6, r0
100003a6:	0014      	movs	r4, r2
100003a8:	001d      	movs	r5, r3
100003aa:	ab0c      	add	r3, sp, #48	@ 0x30
100003ac:	781f      	ldrb	r7, [r3, #0]
100003ae:	f002 ff51 	bl	10003254 <time_us_64>
100003b2:	0022      	movs	r2, r4
100003b4:	002b      	movs	r3, r5
100003b6:	1812      	adds	r2, r2, r0
100003b8:	414b      	adcs	r3, r1
100003ba:	2b00      	cmp	r3, #0
100003bc:	db09      	blt.n	100003d2 <alarm_pool_add_alarm_in_us+0x32>
100003be:	9702      	str	r7, [sp, #8]
100003c0:	990b      	ldr	r1, [sp, #44]	@ 0x2c
100003c2:	9101      	str	r1, [sp, #4]
100003c4:	990a      	ldr	r1, [sp, #40]	@ 0x28
100003c6:	9100      	str	r1, [sp, #0]
100003c8:	0030      	movs	r0, r6
100003ca:	f002 fda9 	bl	10002f20 <alarm_pool_add_alarm_at>
100003ce:	b005      	add	sp, #20
100003d0:	bdf0      	pop	{r4, r5, r6, r7, pc}
100003d2:	2201      	movs	r2, #1
100003d4:	4252      	negs	r2, r2
100003d6:	4b01      	ldr	r3, [pc, #4]	@ (100003dc <alarm_pool_add_alarm_in_us+0x3c>)
100003d8:	e7f1      	b.n	100003be <alarm_pool_add_alarm_in_us+0x1e>
100003da:	46c0      	nop			@ (mov r8, r8)
100003dc:	7fffffff 	.word	0x7fffffff

100003e0 <add_alarm_in_us>:
100003e0:	b5f0      	push	{r4, r5, r6, r7, lr}
100003e2:	46c6      	mov	lr, r8
100003e4:	b500      	push	{lr}
100003e6:	b084      	sub	sp, #16
100003e8:	0005      	movs	r5, r0
100003ea:	4688      	mov	r8, r1
100003ec:	0016      	movs	r6, r2
100003ee:	001f      	movs	r7, r3
100003f0:	ab0a      	add	r3, sp, #40	@ 0x28
100003f2:	781c      	ldrb	r4, [r3, #0]
100003f4:	f002 fd2c 	bl	10002e50 <alarm_pool_get_default>
100003f8:	9402      	str	r4, [sp, #8]
100003fa:	9701      	str	r7, [sp, #4]
100003fc:	9600      	str	r6, [sp, #0]
100003fe:	002a      	movs	r2, r5
10000400:	4643      	mov	r3, r8
10000402:	f7ff ffcd 	bl	100003a0 <alarm_pool_add_alarm_in_us>
10000406:	b004      	add	sp, #16
10000408:	bc80      	pop	{r7}
1000040a:	46b8      	mov	r8, r7
1000040c:	bdf0      	pop	{r4, r5, r6, r7, pc}

1000040e <cancel_alarm>:
1000040e:	b510      	push	{r4, lr}
10000410:	0004      	movs	r4, r0
10000412:	f002 fd1d 	bl	10002e50 <alarm_pool_get_default>
10000416:	0021      	movs	r1, r4
10000418:	f002 fdb8 	bl	10002f8c <alarm_pool_cancel_alarm>
1000041c:	bd10      	pop	{r4, pc}
	...

10000420 <_ZN8TsUnbLib6Aes12820subBytesAndShiftRowsEPh>:
10000420:	780a      	ldrb	r2, [r1, #0]
10000422:	4b18      	ldr	r3, [pc, #96]	@ (10000484 <_ZN8TsUnbLib6Aes12820subBytesAndShiftRowsEPh+0x64>)
10000424:	5c9a      	ldrb	r2, [r3, r2]
10000426:	700a      	strb	r2, [r1, #0]
10000428:	790a      	ldrb	r2, [r1, #4]
1000042a:	5c9a      	ldrb	r2, [r3, r2]
1000042c:	710a      	strb	r2, [r1, #4]
1000042e:	7a0a      	ldrb	r2, [r1, #8]
10000430:	5c9a      	ldrb	r2, [r3, r2]
10000432:	720a      	strb	r2, [r1, #8]
10000434:	7b0a      	ldrb	r2, [r1, #12]
10000436:	5c9a      	ldrb	r2, [r3, r2]
10000438:	730a      	strb	r2, [r1, #12]
1000043a:	784a      	ldrb	r2, [r1, #1]
1000043c:	7948      	ldrb	r0, [r1, #5]
1000043e:	5c18      	ldrb	r0, [r3, r0]
10000440:	7048      	strb	r0, [r1, #1]
10000442:	7a48      	ldrb	r0, [r1, #9]
10000444:	5c18      	ldrb	r0, [r3, r0]
10000446:	7148      	strb	r0, [r1, #5]
10000448:	7b48      	ldrb	r0, [r1, #13]
1000044a:	5c18      	ldrb	r0, [r3, r0]
1000044c:	7248      	strb	r0, [r1, #9]
1000044e:	5c9a      	ldrb	r2, [r3, r2]
10000450:	734a      	strb	r2, [r1, #13]
10000452:	788a      	ldrb	r2, [r1, #2]
10000454:	7a88      	ldrb	r0, [r1, #10]
10000456:	5c18      	ldrb	r0, [r3, r0]
10000458:	7088      	strb	r0, [r1, #2]
1000045a:	5c9a      	ldrb	r2, [r3, r2]
1000045c:	728a      	strb	r2, [r1, #10]
1000045e:	798a      	ldrb	r2, [r1, #6]
10000460:	7b88      	ldrb	r0, [r1, #14]
10000462:	5c18      	ldrb	r0, [r3, r0]
10000464:	7188      	strb	r0, [r1, #6]
10000466:	5c9a      	ldrb	r2, [r3, r2]
10000468:	738a      	strb	r2, [r1, #14]
1000046a:	7bca      	ldrb	r2, [r1, #15]
1000046c:	7ac8      	ldrb	r0, [r1, #11]
1000046e:	5c18      	ldrb	r0, [r3, r0]
10000470:	73c8      	strb	r0, [r1, #15]
10000472:	79c8      	ldrb	r0, [r1, #7]
10000474:	5c18      	ldrb	r0, [r3, r0]
10000476:	72c8      	strb	r0, [r1, #11]
10000478:	78c8      	ldrb	r0, [r1, #3]
1000047a:	5c18      	ldrb	r0, [r3, r0]
1000047c:	71c8      	strb	r0, [r1, #7]
1000047e:	5c9b      	ldrb	r3, [r3, r2]
10000480:	70cb      	strb	r3, [r1, #3]
10000482:	4770      	bx	lr
10000484:	10009bcc 	.word	0x10009bcc

10000488 <_ZN8TsUnbLib6Aes12810mixColumnsEPh>:
10000488:	b5f0      	push	{r4, r5, r6, r7, lr}
1000048a:	b083      	sub	sp, #12
1000048c:	000e      	movs	r6, r1
1000048e:	2500      	movs	r5, #0
10000490:	e02a      	b.n	100004e8 <_ZN8TsUnbLib6Aes12810mixColumnsEPh+0x60>
10000492:	2000      	movs	r0, #0
10000494:	e011      	b.n	100004ba <_ZN8TsUnbLib6Aes12810mixColumnsEPh+0x32>
10000496:	007a      	lsls	r2, r7, #1
10000498:	231c      	movs	r3, #28
1000049a:	33ff      	adds	r3, #255	@ 0xff
1000049c:	4053      	eors	r3, r2
1000049e:	b2db      	uxtb	r3, r3
100004a0:	e015      	b.n	100004ce <_ZN8TsUnbLib6Aes12810mixColumnsEPh+0x46>
100004a2:	18c4      	adds	r4, r0, r3
100004a4:	2203      	movs	r2, #3
100004a6:	4022      	ands	r2, r4
100004a8:	5c8c      	ldrb	r4, [r1, r2]
100004aa:	407c      	eors	r4, r7
100004ac:	548c      	strb	r4, [r1, r2]
100004ae:	3301      	adds	r3, #1
100004b0:	b2db      	uxtb	r3, r3
100004b2:	2b03      	cmp	r3, #3
100004b4:	d9f5      	bls.n	100004a2 <_ZN8TsUnbLib6Aes12810mixColumnsEPh+0x1a>
100004b6:	3001      	adds	r0, #1
100004b8:	b2c0      	uxtb	r0, r0
100004ba:	2803      	cmp	r0, #3
100004bc:	d812      	bhi.n	100004e4 <_ZN8TsUnbLib6Aes12810mixColumnsEPh+0x5c>
100004be:	0004      	movs	r4, r0
100004c0:	ab01      	add	r3, sp, #4
100004c2:	5c1f      	ldrb	r7, [r3, r0]
100004c4:	561b      	ldrsb	r3, [r3, r0]
100004c6:	2b00      	cmp	r3, #0
100004c8:	dbe5      	blt.n	10000496 <_ZN8TsUnbLib6Aes12810mixColumnsEPh+0xe>
100004ca:	007b      	lsls	r3, r7, #1
100004cc:	b2db      	uxtb	r3, r3
100004ce:	5c0a      	ldrb	r2, [r1, r0]
100004d0:	405a      	eors	r2, r3
100004d2:	540a      	strb	r2, [r1, r0]
100004d4:	3403      	adds	r4, #3
100004d6:	2203      	movs	r2, #3
100004d8:	4022      	ands	r2, r4
100004da:	5c8c      	ldrb	r4, [r1, r2]
100004dc:	4063      	eors	r3, r4
100004de:	548b      	strb	r3, [r1, r2]
100004e0:	2301      	movs	r3, #1
100004e2:	e7e6      	b.n	100004b2 <_ZN8TsUnbLib6Aes12810mixColumnsEPh+0x2a>
100004e4:	3501      	adds	r5, #1
100004e6:	b2ed      	uxtb	r5, r5
100004e8:	2d03      	cmp	r5, #3
100004ea:	d80d      	bhi.n	10000508 <_ZN8TsUnbLib6Aes12810mixColumnsEPh+0x80>
100004ec:	00a9      	lsls	r1, r5, #2
100004ee:	1871      	adds	r1, r6, r1
100004f0:	2300      	movs	r3, #0
100004f2:	2b03      	cmp	r3, #3
100004f4:	d8cd      	bhi.n	10000492 <_ZN8TsUnbLib6Aes12810mixColumnsEPh+0xa>
100004f6:	18ca      	adds	r2, r1, r3
100004f8:	5ccc      	ldrb	r4, [r1, r3]
100004fa:	a801      	add	r0, sp, #4
100004fc:	54c4      	strb	r4, [r0, r3]
100004fe:	2000      	movs	r0, #0
10000500:	7010      	strb	r0, [r2, #0]
10000502:	3301      	adds	r3, #1
10000504:	b2db      	uxtb	r3, r3
10000506:	e7f4      	b.n	100004f2 <_ZN8TsUnbLib6Aes12810mixColumnsEPh+0x6a>
10000508:	b003      	add	sp, #12
1000050a:	bdf0      	pop	{r4, r5, r6, r7, pc}

1000050c <_ZN8TsUnbLib6Aes1287chipherEPKhPh>:
1000050c:	b570      	push	{r4, r5, r6, lr}
1000050e:	0005      	movs	r5, r0
10000510:	0014      	movs	r4, r2
10000512:	2300      	movs	r3, #0
10000514:	e003      	b.n	1000051e <_ZN8TsUnbLib6Aes1287chipherEPKhPh+0x12>
10000516:	5cca      	ldrb	r2, [r1, r3]
10000518:	54e2      	strb	r2, [r4, r3]
1000051a:	3301      	adds	r3, #1
1000051c:	b2db      	uxtb	r3, r3
1000051e:	2b0f      	cmp	r3, #15
10000520:	d9f9      	bls.n	10000516 <_ZN8TsUnbLib6Aes1287chipherEPKhPh+0xa>
10000522:	2300      	movs	r3, #0
10000524:	e005      	b.n	10000532 <_ZN8TsUnbLib6Aes1287chipherEPKhPh+0x26>
10000526:	5ce2      	ldrb	r2, [r4, r3]
10000528:	5ce9      	ldrb	r1, [r5, r3]
1000052a:	404a      	eors	r2, r1
1000052c:	54e2      	strb	r2, [r4, r3]
1000052e:	3301      	adds	r3, #1
10000530:	b2db      	uxtb	r3, r3
10000532:	2b0f      	cmp	r3, #15
10000534:	d9f7      	bls.n	10000526 <_ZN8TsUnbLib6Aes1287chipherEPKhPh+0x1a>
10000536:	2601      	movs	r6, #1
10000538:	e00b      	b.n	10000552 <_ZN8TsUnbLib6Aes1287chipherEPKhPh+0x46>
1000053a:	5ce1      	ldrb	r1, [r4, r3]
1000053c:	0132      	lsls	r2, r6, #4
1000053e:	18aa      	adds	r2, r5, r2
10000540:	5cd2      	ldrb	r2, [r2, r3]
10000542:	4051      	eors	r1, r2
10000544:	54e1      	strb	r1, [r4, r3]
10000546:	3301      	adds	r3, #1
10000548:	b2db      	uxtb	r3, r3
1000054a:	2b0f      	cmp	r3, #15
1000054c:	d9f5      	bls.n	1000053a <_ZN8TsUnbLib6Aes1287chipherEPKhPh+0x2e>
1000054e:	3601      	adds	r6, #1
10000550:	b2f6      	uxtb	r6, r6
10000552:	2e09      	cmp	r6, #9
10000554:	d809      	bhi.n	1000056a <_ZN8TsUnbLib6Aes1287chipherEPKhPh+0x5e>
10000556:	0021      	movs	r1, r4
10000558:	0028      	movs	r0, r5
1000055a:	f7ff ff61 	bl	10000420 <_ZN8TsUnbLib6Aes12820subBytesAndShiftRowsEPh>
1000055e:	0021      	movs	r1, r4
10000560:	0028      	movs	r0, r5
10000562:	f7ff ff91 	bl	10000488 <_ZN8TsUnbLib6Aes12810mixColumnsEPh>
10000566:	2300      	movs	r3, #0
10000568:	e7ef      	b.n	1000054a <_ZN8TsUnbLib6Aes1287chipherEPKhPh+0x3e>
1000056a:	0021      	movs	r1, r4
1000056c:	0028      	movs	r0, r5
1000056e:	f7ff ff57 	bl	10000420 <_ZN8TsUnbLib6Aes12820subBytesAndShiftRowsEPh>
10000572:	2300      	movs	r3, #0
10000574:	e007      	b.n	10000586 <_ZN8TsUnbLib6Aes1287chipherEPKhPh+0x7a>
10000576:	5ce2      	ldrb	r2, [r4, r3]
10000578:	18e9      	adds	r1, r5, r3
1000057a:	31a0      	adds	r1, #160	@ 0xa0
1000057c:	7809      	ldrb	r1, [r1, #0]
1000057e:	404a      	eors	r2, r1
10000580:	54e2      	strb	r2, [r4, r3]
10000582:	3301      	adds	r3, #1
10000584:	b2db      	uxtb	r3, r3
10000586:	2b0f      	cmp	r3, #15
10000588:	d9f5      	bls.n	10000576 <_ZN8TsUnbLib6Aes1287chipherEPKhPh+0x6a>
1000058a:	bd70      	pop	{r4, r5, r6, pc}

1000058c <_ZNK8TsUnbLib6Aes12814subRotRconWordEPhS1_h>:
1000058c:	b510      	push	{r4, lr}
1000058e:	1e58      	subs	r0, r3, #1
10000590:	2401      	movs	r4, #1
10000592:	4084      	lsls	r4, r0
10000594:	b2e0      	uxtb	r0, r4
10000596:	2b08      	cmp	r3, #8
10000598:	d905      	bls.n	100005a6 <_ZNK8TsUnbLib6Aes12814subRotRconWordEPhS1_h+0x1a>
1000059a:	3b09      	subs	r3, #9
1000059c:	201c      	movs	r0, #28
1000059e:	30ff      	adds	r0, #255	@ 0xff
100005a0:	4098      	lsls	r0, r3
100005a2:	4060      	eors	r0, r4
100005a4:	b2c0      	uxtb	r0, r0
100005a6:	784c      	ldrb	r4, [r1, #1]
100005a8:	4b06      	ldr	r3, [pc, #24]	@ (100005c4 <_ZNK8TsUnbLib6Aes12814subRotRconWordEPhS1_h+0x38>)
100005aa:	5d1c      	ldrb	r4, [r3, r4]
100005ac:	4060      	eors	r0, r4
100005ae:	7010      	strb	r0, [r2, #0]
100005b0:	7888      	ldrb	r0, [r1, #2]
100005b2:	5c18      	ldrb	r0, [r3, r0]
100005b4:	7050      	strb	r0, [r2, #1]
100005b6:	78c8      	ldrb	r0, [r1, #3]
100005b8:	5c18      	ldrb	r0, [r3, r0]
100005ba:	7090      	strb	r0, [r2, #2]
100005bc:	7809      	ldrb	r1, [r1, #0]
100005be:	5c5b      	ldrb	r3, [r3, r1]
100005c0:	70d3      	strb	r3, [r2, #3]
100005c2:	bd10      	pop	{r4, pc}
100005c4:	10009bcc 	.word	0x10009bcc

100005c8 <_ZN8TsUnbLib6Aes1284initEPKh>:
100005c8:	b5f0      	push	{r4, r5, r6, r7, lr}
100005ca:	46c6      	mov	lr, r8
100005cc:	b500      	push	{lr}
100005ce:	b082      	sub	sp, #8
100005d0:	4680      	mov	r8, r0
100005d2:	2300      	movs	r3, #0
100005d4:	e004      	b.n	100005e0 <_ZN8TsUnbLib6Aes1284initEPKh+0x18>
100005d6:	5cca      	ldrb	r2, [r1, r3]
100005d8:	4640      	mov	r0, r8
100005da:	54c2      	strb	r2, [r0, r3]
100005dc:	3301      	adds	r3, #1
100005de:	b29b      	uxth	r3, r3
100005e0:	2b0f      	cmp	r3, #15
100005e2:	d9f8      	bls.n	100005d6 <_ZN8TsUnbLib6Aes1284initEPKh+0xe>
100005e4:	4641      	mov	r1, r8
100005e6:	310c      	adds	r1, #12
100005e8:	2501      	movs	r5, #1
100005ea:	e018      	b.n	1000061e <_ZN8TsUnbLib6Aes1284initEPKh+0x56>
100005ec:	5cc2      	ldrb	r2, [r0, r3]
100005ee:	5cce      	ldrb	r6, [r1, r3]
100005f0:	4072      	eors	r2, r6
100005f2:	54e2      	strb	r2, [r4, r3]
100005f4:	3301      	adds	r3, #1
100005f6:	b2db      	uxtb	r3, r3
100005f8:	2b03      	cmp	r3, #3
100005fa:	d9f7      	bls.n	100005ec <_ZN8TsUnbLib6Aes1284initEPKh+0x24>
100005fc:	3701      	adds	r7, #1
100005fe:	b2ff      	uxtb	r7, r7
10000600:	0021      	movs	r1, r4
10000602:	2f03      	cmp	r7, #3
10000604:	d809      	bhi.n	1000061a <_ZN8TsUnbLib6Aes1284initEPKh+0x52>
10000606:	1e68      	subs	r0, r5, #1
10000608:	00bb      	lsls	r3, r7, #2
1000060a:	0100      	lsls	r0, r0, #4
1000060c:	18c0      	adds	r0, r0, r3
1000060e:	4440      	add	r0, r8
10000610:	012c      	lsls	r4, r5, #4
10000612:	18e4      	adds	r4, r4, r3
10000614:	4444      	add	r4, r8
10000616:	2300      	movs	r3, #0
10000618:	e7ee      	b.n	100005f8 <_ZN8TsUnbLib6Aes1284initEPKh+0x30>
1000061a:	3501      	adds	r5, #1
1000061c:	b2ad      	uxth	r5, r5
1000061e:	2d0a      	cmp	r5, #10
10000620:	d807      	bhi.n	10000632 <_ZN8TsUnbLib6Aes1284initEPKh+0x6a>
10000622:	b2eb      	uxtb	r3, r5
10000624:	aa01      	add	r2, sp, #4
10000626:	4640      	mov	r0, r8
10000628:	f7ff ffb0 	bl	1000058c <_ZNK8TsUnbLib6Aes12814subRotRconWordEPhS1_h>
1000062c:	2700      	movs	r7, #0
1000062e:	a901      	add	r1, sp, #4
10000630:	e7e7      	b.n	10000602 <_ZN8TsUnbLib6Aes1284initEPKh+0x3a>
10000632:	b002      	add	sp, #8
10000634:	bc80      	pop	{r7}
10000636:	46b8      	mov	r8, r7
10000638:	bdf0      	pop	{r4, r5, r6, r7, pc}

1000063a <_ZN8TsUnbLib6Aes12818cmacGenerateSubkeyEPhS1_>:
1000063a:	b570      	push	{r4, r5, r6, lr}
1000063c:	000c      	movs	r4, r1
1000063e:	0015      	movs	r5, r2
10000640:	2300      	movs	r3, #0
10000642:	e004      	b.n	1000064e <_ZN8TsUnbLib6Aes12818cmacGenerateSubkeyEPhS1_+0x14>
10000644:	18e2      	adds	r2, r4, r3
10000646:	2100      	movs	r1, #0
10000648:	7011      	strb	r1, [r2, #0]
1000064a:	3301      	adds	r3, #1
1000064c:	b2db      	uxtb	r3, r3
1000064e:	2b0f      	cmp	r3, #15
10000650:	d9f8      	bls.n	10000644 <_ZN8TsUnbLib6Aes12818cmacGenerateSubkeyEPhS1_+0xa>
10000652:	0022      	movs	r2, r4
10000654:	0021      	movs	r1, r4
10000656:	f7ff ff59 	bl	1000050c <_ZN8TsUnbLib6Aes1287chipherEPKhPh>
1000065a:	230f      	movs	r3, #15
1000065c:	2200      	movs	r2, #0
1000065e:	e006      	b.n	1000066e <_ZN8TsUnbLib6Aes12818cmacGenerateSubkeyEPhS1_+0x34>
10000660:	5ce1      	ldrb	r1, [r4, r3]
10000662:	0048      	lsls	r0, r1, #1
10000664:	4302      	orrs	r2, r0
10000666:	54e2      	strb	r2, [r4, r3]
10000668:	3b01      	subs	r3, #1
1000066a:	b25b      	sxtb	r3, r3
1000066c:	09ca      	lsrs	r2, r1, #7
1000066e:	2b00      	cmp	r3, #0
10000670:	daf6      	bge.n	10000660 <_ZN8TsUnbLib6Aes12818cmacGenerateSubkeyEPhS1_+0x26>
10000672:	2a00      	cmp	r2, #0
10000674:	d004      	beq.n	10000680 <_ZN8TsUnbLib6Aes12818cmacGenerateSubkeyEPhS1_+0x46>
10000676:	7be2      	ldrb	r2, [r4, #15]
10000678:	2379      	movs	r3, #121	@ 0x79
1000067a:	425b      	negs	r3, r3
1000067c:	4053      	eors	r3, r2
1000067e:	73e3      	strb	r3, [r4, #15]
10000680:	230f      	movs	r3, #15
10000682:	2200      	movs	r2, #0
10000684:	e006      	b.n	10000694 <_ZN8TsUnbLib6Aes12818cmacGenerateSubkeyEPhS1_+0x5a>
10000686:	5ce1      	ldrb	r1, [r4, r3]
10000688:	0048      	lsls	r0, r1, #1
1000068a:	4302      	orrs	r2, r0
1000068c:	54ea      	strb	r2, [r5, r3]
1000068e:	3b01      	subs	r3, #1
10000690:	b25b      	sxtb	r3, r3
10000692:	09ca      	lsrs	r2, r1, #7
10000694:	2b00      	cmp	r3, #0
10000696:	daf6      	bge.n	10000686 <_ZN8TsUnbLib6Aes12818cmacGenerateSubkeyEPhS1_+0x4c>
10000698:	2a00      	cmp	r2, #0
1000069a:	d004      	beq.n	100006a6 <_ZN8TsUnbLib6Aes12818cmacGenerateSubkeyEPhS1_+0x6c>
1000069c:	7bea      	ldrb	r2, [r5, #15]
1000069e:	2379      	movs	r3, #121	@ 0x79
100006a0:	425b      	negs	r3, r3
100006a2:	4053      	eors	r3, r2
100006a4:	73eb      	strb	r3, [r5, #15]
100006a6:	bd70      	pop	{r4, r5, r6, pc}

100006a8 <_ZN8TsUnbLib6Aes12812generateCmacEPhPKhtS1_>:
100006a8:	b5f0      	push	{r4, r5, r6, r7, lr}
100006aa:	46d6      	mov	lr, sl
100006ac:	464f      	mov	r7, r9
100006ae:	4646      	mov	r6, r8
100006b0:	b5c0      	push	{r6, r7, lr}
100006b2:	b088      	sub	sp, #32
100006b4:	4681      	mov	r9, r0
100006b6:	000f      	movs	r7, r1
100006b8:	0015      	movs	r5, r2
100006ba:	469a      	mov	sl, r3
100006bc:	9c10      	ldr	r4, [sp, #64]	@ 0x40
100006be:	466a      	mov	r2, sp
100006c0:	a904      	add	r1, sp, #16
100006c2:	f7ff ffba 	bl	1000063a <_ZN8TsUnbLib6Aes12818cmacGenerateSubkeyEPhS1_>
100006c6:	4656      	mov	r6, sl
100006c8:	360f      	adds	r6, #15
100006ca:	b2b6      	uxth	r6, r6
100006cc:	0936      	lsrs	r6, r6, #4
100006ce:	b2f6      	uxtb	r6, r6
100006d0:	2e00      	cmp	r6, #0
100006d2:	d005      	beq.n	100006e0 <_ZN8TsUnbLib6Aes12812generateCmacEPhPKhtS1_+0x38>
100006d4:	4653      	mov	r3, sl
100006d6:	071b      	lsls	r3, r3, #28
100006d8:	d006      	beq.n	100006e8 <_ZN8TsUnbLib6Aes12812generateCmacEPhPKhtS1_+0x40>
100006da:	46b0      	mov	r8, r6
100006dc:	2600      	movs	r6, #0
100006de:	e001      	b.n	100006e4 <_ZN8TsUnbLib6Aes12812generateCmacEPhPKhtS1_+0x3c>
100006e0:	2301      	movs	r3, #1
100006e2:	4698      	mov	r8, r3
100006e4:	2300      	movs	r3, #0
100006e6:	e006      	b.n	100006f6 <_ZN8TsUnbLib6Aes12812generateCmacEPhPKhtS1_+0x4e>
100006e8:	46b0      	mov	r8, r6
100006ea:	2601      	movs	r6, #1
100006ec:	e7fa      	b.n	100006e4 <_ZN8TsUnbLib6Aes12812generateCmacEPhPKhtS1_+0x3c>
100006ee:	5cfa      	ldrb	r2, [r7, r3]
100006f0:	54e2      	strb	r2, [r4, r3]
100006f2:	3301      	adds	r3, #1
100006f4:	b2db      	uxtb	r3, r3
100006f6:	2b0f      	cmp	r3, #15
100006f8:	d9f9      	bls.n	100006ee <_ZN8TsUnbLib6Aes12812generateCmacEPhPKhtS1_+0x46>
100006fa:	0022      	movs	r2, r4
100006fc:	0021      	movs	r1, r4
100006fe:	4648      	mov	r0, r9
10000700:	f7ff ff04 	bl	1000050c <_ZN8TsUnbLib6Aes1287chipherEPKhPh>
10000704:	2700      	movs	r7, #0
10000706:	e00f      	b.n	10000728 <_ZN8TsUnbLib6Aes12812generateCmacEPhPKhtS1_+0x80>
10000708:	5c63      	ldrb	r3, [r4, r1]
1000070a:	182a      	adds	r2, r5, r0
1000070c:	5c52      	ldrb	r2, [r2, r1]
1000070e:	4053      	eors	r3, r2
10000710:	5463      	strb	r3, [r4, r1]
10000712:	3101      	adds	r1, #1
10000714:	b2c9      	uxtb	r1, r1
10000716:	290f      	cmp	r1, #15
10000718:	d9f6      	bls.n	10000708 <_ZN8TsUnbLib6Aes12812generateCmacEPhPKhtS1_+0x60>
1000071a:	0022      	movs	r2, r4
1000071c:	0021      	movs	r1, r4
1000071e:	4648      	mov	r0, r9
10000720:	f7ff fef4 	bl	1000050c <_ZN8TsUnbLib6Aes1287chipherEPKhPh>
10000724:	3701      	adds	r7, #1
10000726:	b2bf      	uxth	r7, r7
10000728:	4643      	mov	r3, r8
1000072a:	3b01      	subs	r3, #1
1000072c:	b29b      	uxth	r3, r3
1000072e:	42bb      	cmp	r3, r7
10000730:	d902      	bls.n	10000738 <_ZN8TsUnbLib6Aes12812generateCmacEPhPKhtS1_+0x90>
10000732:	0138      	lsls	r0, r7, #4
10000734:	2100      	movs	r1, #0
10000736:	e7ee      	b.n	10000716 <_ZN8TsUnbLib6Aes12812generateCmacEPhPKhtS1_+0x6e>
10000738:	2e00      	cmp	r6, #0
1000073a:	d10f      	bne.n	1000075c <_ZN8TsUnbLib6Aes12812generateCmacEPhPKhtS1_+0xb4>
1000073c:	0033      	movs	r3, r6
1000073e:	e02a      	b.n	10000796 <_ZN8TsUnbLib6Aes12812generateCmacEPhPKhtS1_+0xee>
10000740:	5ce2      	ldrb	r2, [r4, r3]
10000742:	a904      	add	r1, sp, #16
10000744:	5cc9      	ldrb	r1, [r1, r3]
10000746:	404a      	eors	r2, r1
10000748:	54e2      	strb	r2, [r4, r3]
1000074a:	3301      	adds	r3, #1
1000074c:	b2db      	uxtb	r3, r3
1000074e:	2b0f      	cmp	r3, #15
10000750:	d9f6      	bls.n	10000740 <_ZN8TsUnbLib6Aes12812generateCmacEPhPKhtS1_+0x98>
10000752:	4640      	mov	r0, r8
10000754:	3801      	subs	r0, #1
10000756:	0100      	lsls	r0, r0, #4
10000758:	2300      	movs	r3, #0
1000075a:	e008      	b.n	1000076e <_ZN8TsUnbLib6Aes12812generateCmacEPhPKhtS1_+0xc6>
1000075c:	2300      	movs	r3, #0
1000075e:	e7f6      	b.n	1000074e <_ZN8TsUnbLib6Aes12812generateCmacEPhPKhtS1_+0xa6>
10000760:	5ce2      	ldrb	r2, [r4, r3]
10000762:	1829      	adds	r1, r5, r0
10000764:	5cc9      	ldrb	r1, [r1, r3]
10000766:	404a      	eors	r2, r1
10000768:	54e2      	strb	r2, [r4, r3]
1000076a:	3301      	adds	r3, #1
1000076c:	b2db      	uxtb	r3, r3
1000076e:	2b0f      	cmp	r3, #15
10000770:	d9f6      	bls.n	10000760 <_ZN8TsUnbLib6Aes12812generateCmacEPhPKhtS1_+0xb8>
10000772:	0022      	movs	r2, r4
10000774:	0021      	movs	r1, r4
10000776:	4648      	mov	r0, r9
10000778:	f7ff fec8 	bl	1000050c <_ZN8TsUnbLib6Aes1287chipherEPKhPh>
1000077c:	b008      	add	sp, #32
1000077e:	bce0      	pop	{r5, r6, r7}
10000780:	46ba      	mov	sl, r7
10000782:	46b1      	mov	r9, r6
10000784:	46a8      	mov	r8, r5
10000786:	bdf0      	pop	{r4, r5, r6, r7, pc}
10000788:	5ce2      	ldrb	r2, [r4, r3]
1000078a:	4669      	mov	r1, sp
1000078c:	5cc9      	ldrb	r1, [r1, r3]
1000078e:	404a      	eors	r2, r1
10000790:	54e2      	strb	r2, [r4, r3]
10000792:	3301      	adds	r3, #1
10000794:	b2db      	uxtb	r3, r3
10000796:	2b0f      	cmp	r3, #15
10000798:	d9f6      	bls.n	10000788 <_ZN8TsUnbLib6Aes12812generateCmacEPhPKhtS1_+0xe0>
1000079a:	210f      	movs	r1, #15
1000079c:	4653      	mov	r3, sl
1000079e:	400b      	ands	r3, r1
100007a0:	0019      	movs	r1, r3
100007a2:	e003      	b.n	100007ac <_ZN8TsUnbLib6Aes12812generateCmacEPhPKhtS1_+0x104>
100007a4:	428e      	cmp	r6, r1
100007a6:	d00e      	beq.n	100007c6 <_ZN8TsUnbLib6Aes12812generateCmacEPhPKhtS1_+0x11e>
100007a8:	3601      	adds	r6, #1
100007aa:	b2f6      	uxtb	r6, r6
100007ac:	2e0f      	cmp	r6, #15
100007ae:	d8e0      	bhi.n	10000772 <_ZN8TsUnbLib6Aes12812generateCmacEPhPKhtS1_+0xca>
100007b0:	428e      	cmp	r6, r1
100007b2:	d2f7      	bcs.n	100007a4 <_ZN8TsUnbLib6Aes12812generateCmacEPhPKhtS1_+0xfc>
100007b4:	5da2      	ldrb	r2, [r4, r6]
100007b6:	4643      	mov	r3, r8
100007b8:	3b01      	subs	r3, #1
100007ba:	011b      	lsls	r3, r3, #4
100007bc:	199b      	adds	r3, r3, r6
100007be:	5ceb      	ldrb	r3, [r5, r3]
100007c0:	4053      	eors	r3, r2
100007c2:	55a3      	strb	r3, [r4, r6]
100007c4:	e7f0      	b.n	100007a8 <_ZN8TsUnbLib6Aes12812generateCmacEPhPKhtS1_+0x100>
100007c6:	5da2      	ldrb	r2, [r4, r6]
100007c8:	2380      	movs	r3, #128	@ 0x80
100007ca:	425b      	negs	r3, r3
100007cc:	4053      	eors	r3, r2
100007ce:	55a3      	strb	r3, [r4, r6]
100007d0:	e7ea      	b.n	100007a8 <_ZN8TsUnbLib6Aes12812generateCmacEPhPKhtS1_+0x100>

100007d2 <_ZN8TsUnbLib5TsUnb14FixedUplinkMac6encodeEPhPKhtbh>:
100007d2:	b5f0      	push	{r4, r5, r6, r7, lr}
100007d4:	46d6      	mov	lr, sl
100007d6:	464f      	mov	r7, r9
100007d8:	4646      	mov	r6, r8
100007da:	b5c0      	push	{r6, r7, lr}
100007dc:	b0b6      	sub	sp, #216	@ 0xd8
100007de:	4680      	mov	r8, r0
100007e0:	000d      	movs	r5, r1
100007e2:	4691      	mov	r9, r2
100007e4:	001f      	movs	r7, r3
100007e6:	ab3e      	add	r3, sp, #248	@ 0xf8
100007e8:	781c      	ldrb	r4, [r3, #0]
100007ea:	ab3f      	add	r3, sp, #252	@ 0xfc
100007ec:	781b      	ldrb	r3, [r3, #0]
100007ee:	469a      	mov	sl, r3
100007f0:	a80a      	add	r0, sp, #40	@ 0x28
100007f2:	4643      	mov	r3, r8
100007f4:	6258      	str	r0, [r3, #36]	@ 0x24
100007f6:	4641      	mov	r1, r8
100007f8:	f7ff fee6 	bl	100005c8 <_ZN8TsUnbLib6Aes1284initEPKh>
100007fc:	2120      	movs	r1, #32
100007fe:	2201      	movs	r2, #1
10000800:	4022      	ands	r2, r4
10000802:	0192      	lsls	r2, r2, #6
10000804:	4643      	mov	r3, r8
10000806:	5c5b      	ldrb	r3, [r3, r1]
10000808:	2040      	movs	r0, #64	@ 0x40
1000080a:	4383      	bics	r3, r0
1000080c:	4313      	orrs	r3, r2
1000080e:	4642      	mov	r2, r8
10000810:	5453      	strb	r3, [r2, r1]
10000812:	2100      	movs	r1, #0
10000814:	e006      	b.n	10000824 <_ZN8TsUnbLib5TsUnb14FixedUplinkMac6encodeEPhPKhtbh+0x52>
10000816:	4643      	mov	r3, r8
10000818:	185b      	adds	r3, r3, r1
1000081a:	7c1a      	ldrb	r2, [r3, #16]
1000081c:	ab06      	add	r3, sp, #24
1000081e:	545a      	strb	r2, [r3, r1]
10000820:	3101      	adds	r1, #1
10000822:	b2c9      	uxtb	r1, r1
10000824:	2907      	cmp	r1, #7
10000826:	d9f6      	bls.n	10000816 <_ZN8TsUnbLib5TsUnb14FixedUplinkMac6encodeEPhPKhtbh+0x44>
10000828:	ab06      	add	r3, sp, #24
1000082a:	2200      	movs	r2, #0
1000082c:	721a      	strb	r2, [r3, #8]
1000082e:	725a      	strb	r2, [r3, #9]
10000830:	4642      	mov	r2, r8
10000832:	69d2      	ldr	r2, [r2, #28]
10000834:	0e11      	lsrs	r1, r2, #24
10000836:	7299      	strb	r1, [r3, #10]
10000838:	0c11      	lsrs	r1, r2, #16
1000083a:	72d9      	strb	r1, [r3, #11]
1000083c:	0a11      	lsrs	r1, r2, #8
1000083e:	7319      	strb	r1, [r3, #12]
10000840:	735a      	strb	r2, [r3, #13]
10000842:	22ff      	movs	r2, #255	@ 0xff
10000844:	739a      	strb	r2, [r3, #14]
10000846:	73da      	strb	r2, [r3, #15]
10000848:	2320      	movs	r3, #32
1000084a:	4642      	mov	r2, r8
1000084c:	5cd2      	ldrb	r2, [r2, r3]
1000084e:	702a      	strb	r2, [r5, #0]
10000850:	2104      	movs	r1, #4
10000852:	000b      	movs	r3, r1
10000854:	4013      	ands	r3, r2
10000856:	4211      	tst	r1, r2
10000858:	d125      	bne.n	100008a6 <_ZN8TsUnbLib5TsUnb14FixedUplinkMac6encodeEPhPKhtbh+0xd4>
1000085a:	2601      	movs	r6, #1
1000085c:	e02e      	b.n	100008bc <_ZN8TsUnbLib5TsUnb14FixedUplinkMac6encodeEPhPKhtbh+0xea>
1000085e:	4642      	mov	r2, r8
10000860:	18d2      	adds	r2, r2, r3
10000862:	7c11      	ldrb	r1, [r2, #16]
10000864:	1c72      	adds	r2, r6, #1
10000866:	55a9      	strb	r1, [r5, r6]
10000868:	3301      	adds	r3, #1
1000086a:	b2db      	uxtb	r3, r3
1000086c:	b296      	uxth	r6, r2
1000086e:	2b07      	cmp	r3, #7
10000870:	d9f5      	bls.n	1000085e <_ZN8TsUnbLib5TsUnb14FixedUplinkMac6encodeEPhPKhtbh+0x8c>
10000872:	4643      	mov	r3, r8
10000874:	8bdb      	ldrh	r3, [r3, #30]
10000876:	1c72      	adds	r2, r6, #1
10000878:	b292      	uxth	r2, r2
1000087a:	55ab      	strb	r3, [r5, r6]
1000087c:	4643      	mov	r3, r8
1000087e:	69d9      	ldr	r1, [r3, #28]
10000880:	0a09      	lsrs	r1, r1, #8
10000882:	1cb3      	adds	r3, r6, #2
10000884:	b29b      	uxth	r3, r3
10000886:	54a9      	strb	r1, [r5, r2]
10000888:	4642      	mov	r2, r8
1000088a:	69d2      	ldr	r2, [r2, #28]
1000088c:	1cf4      	adds	r4, r6, #3
1000088e:	b2a4      	uxth	r4, r4
10000890:	54ea      	strb	r2, [r5, r3]
10000892:	2320      	movs	r3, #32
10000894:	4642      	mov	r2, r8
10000896:	5cd3      	ldrb	r3, [r2, r3]
10000898:	065b      	lsls	r3, r3, #25
1000089a:	d512      	bpl.n	100008c2 <_ZN8TsUnbLib5TsUnb14FixedUplinkMac6encodeEPhPKhtbh+0xf0>
1000089c:	3604      	adds	r6, #4
1000089e:	b2b6      	uxth	r6, r6
100008a0:	4653      	mov	r3, sl
100008a2:	552b      	strb	r3, [r5, r4]
100008a4:	e00e      	b.n	100008c4 <_ZN8TsUnbLib5TsUnb14FixedUplinkMac6encodeEPhPKhtbh+0xf2>
100008a6:	2300      	movs	r3, #0
100008a8:	2601      	movs	r6, #1
100008aa:	e7e0      	b.n	1000086e <_ZN8TsUnbLib5TsUnb14FixedUplinkMac6encodeEPhPKhtbh+0x9c>
100008ac:	4642      	mov	r2, r8
100008ae:	18d2      	adds	r2, r2, r3
100008b0:	7e11      	ldrb	r1, [r2, #24]
100008b2:	1c72      	adds	r2, r6, #1
100008b4:	55a9      	strb	r1, [r5, r6]
100008b6:	3301      	adds	r3, #1
100008b8:	b2db      	uxtb	r3, r3
100008ba:	b296      	uxth	r6, r2
100008bc:	2b01      	cmp	r3, #1
100008be:	d9f5      	bls.n	100008ac <_ZN8TsUnbLib5TsUnb14FixedUplinkMac6encodeEPhPKhtbh+0xda>
100008c0:	e7d7      	b.n	10000872 <_ZN8TsUnbLib5TsUnb14FixedUplinkMac6encodeEPhPKhtbh+0xa0>
100008c2:	0026      	movs	r6, r4
100008c4:	2300      	movs	r3, #0
100008c6:	e006      	b.n	100008d6 <_ZN8TsUnbLib5TsUnb14FixedUplinkMac6encodeEPhPKhtbh+0x104>
100008c8:	464a      	mov	r2, r9
100008ca:	5cd1      	ldrb	r1, [r2, r3]
100008cc:	1c72      	adds	r2, r6, #1
100008ce:	55a9      	strb	r1, [r5, r6]
100008d0:	3301      	adds	r3, #1
100008d2:	b2db      	uxtb	r3, r3
100008d4:	b296      	uxth	r6, r2
100008d6:	42bb      	cmp	r3, r7
100008d8:	dbf6      	blt.n	100008c8 <_ZN8TsUnbLib5TsUnb14FixedUplinkMac6encodeEPhPKhtbh+0xf6>
100008da:	2700      	movs	r7, #0
100008dc:	e00e      	b.n	100008fc <_ZN8TsUnbLib5TsUnb14FixedUplinkMac6encodeEPhPKhtbh+0x12a>
100008de:	1c61      	adds	r1, r4, #1
100008e0:	5d2a      	ldrb	r2, [r5, r4]
100008e2:	a802      	add	r0, sp, #8
100008e4:	5cc0      	ldrb	r0, [r0, r3]
100008e6:	4042      	eors	r2, r0
100008e8:	552a      	strb	r2, [r5, r4]
100008ea:	3301      	adds	r3, #1
100008ec:	b2db      	uxtb	r3, r3
100008ee:	b28c      	uxth	r4, r1
100008f0:	2b0f      	cmp	r3, #15
100008f2:	d801      	bhi.n	100008f8 <_ZN8TsUnbLib5TsUnb14FixedUplinkMac6encodeEPhPKhtbh+0x126>
100008f4:	42a6      	cmp	r6, r4
100008f6:	d8f2      	bhi.n	100008de <_ZN8TsUnbLib5TsUnb14FixedUplinkMac6encodeEPhPKhtbh+0x10c>
100008f8:	3701      	adds	r7, #1
100008fa:	b2ff      	uxtb	r7, r7
100008fc:	42a6      	cmp	r6, r4
100008fe:	d910      	bls.n	10000922 <_ZN8TsUnbLib5TsUnb14FixedUplinkMac6encodeEPhPKhtbh+0x150>
10000900:	2300      	movs	r3, #0
10000902:	466a      	mov	r2, sp
10000904:	2126      	movs	r1, #38	@ 0x26
10000906:	1852      	adds	r2, r2, r1
10000908:	7013      	strb	r3, [r2, #0]
1000090a:	466b      	mov	r3, sp
1000090c:	2227      	movs	r2, #39	@ 0x27
1000090e:	189b      	adds	r3, r3, r2
10000910:	701f      	strb	r7, [r3, #0]
10000912:	4643      	mov	r3, r8
10000914:	6a58      	ldr	r0, [r3, #36]	@ 0x24
10000916:	aa02      	add	r2, sp, #8
10000918:	a906      	add	r1, sp, #24
1000091a:	f7ff fdf7 	bl	1000050c <_ZN8TsUnbLib6Aes1287chipherEPKhPh>
1000091e:	2300      	movs	r3, #0
10000920:	e7e6      	b.n	100008f0 <_ZN8TsUnbLib5TsUnb14FixedUplinkMac6encodeEPhPKhtbh+0x11e>
10000922:	a906      	add	r1, sp, #24
10000924:	23ff      	movs	r3, #255	@ 0xff
10000926:	738b      	strb	r3, [r1, #14]
10000928:	73cb      	strb	r3, [r1, #15]
1000092a:	4643      	mov	r3, r8
1000092c:	6a58      	ldr	r0, [r3, #36]	@ 0x24
1000092e:	9100      	str	r1, [sp, #0]
10000930:	0033      	movs	r3, r6
10000932:	002a      	movs	r2, r5
10000934:	f7ff feb8 	bl	100006a8 <_ZN8TsUnbLib6Aes12812generateCmacEPhPKhtS1_>
10000938:	2300      	movs	r3, #0
1000093a:	e006      	b.n	1000094a <_ZN8TsUnbLib5TsUnb14FixedUplinkMac6encodeEPhPKhtbh+0x178>
1000093c:	aa06      	add	r2, sp, #24
1000093e:	5cd1      	ldrb	r1, [r2, r3]
10000940:	1c72      	adds	r2, r6, #1
10000942:	55a9      	strb	r1, [r5, r6]
10000944:	3301      	adds	r3, #1
10000946:	b2db      	uxtb	r3, r3
10000948:	b296      	uxth	r6, r2
1000094a:	2b03      	cmp	r3, #3
1000094c:	d9f6      	bls.n	1000093c <_ZN8TsUnbLib5TsUnb14FixedUplinkMac6encodeEPhPKhtbh+0x16a>
1000094e:	4643      	mov	r3, r8
10000950:	69db      	ldr	r3, [r3, #28]
10000952:	3301      	adds	r3, #1
10000954:	4642      	mov	r2, r8
10000956:	61d3      	str	r3, [r2, #28]
10000958:	0030      	movs	r0, r6
1000095a:	b036      	add	sp, #216	@ 0xd8
1000095c:	bce0      	pop	{r5, r6, r7}
1000095e:	46ba      	mov	sl, r7
10000960:	46b1      	mov	r9, r6
10000962:	46a8      	mov	r8, r5
10000964:	bdf0      	pop	{r4, r5, r6, r7, pc}

10000966 <_ZN8TsUnbLib5TsUnb10SimpleNodeINS0_14FixedUplinkMacENS0_3PhyILm12099962ELm12099962ELm12ELm12ELNS0_12TsUnbUPGModeE0ELh3ENS0_10RadioBurstILt2ELt2EEEEENS_3Trx6SX1280INS_6RPPico11RPPicoTsUnbILt48EEELm3ES6_EELb0EEC1Ev>:
10000966:	b510      	push	{r4, lr}
10000968:	0004      	movs	r4, r0
1000096a:	2007      	movs	r0, #7
1000096c:	f001 fc0a 	bl	10002184 <gpio_init>
10000970:	23d0      	movs	r3, #208	@ 0xd0
10000972:	061b      	lsls	r3, r3, #24
10000974:	2280      	movs	r2, #128	@ 0x80
10000976:	625a      	str	r2, [r3, #36]	@ 0x24
10000978:	615a      	str	r2, [r3, #20]
1000097a:	230d      	movs	r3, #13
1000097c:	7123      	strb	r3, [r4, #4]
1000097e:	2300      	movs	r3, #0
10000980:	3a58      	subs	r2, #88	@ 0x58
10000982:	54a3      	strb	r3, [r4, r2]
10000984:	6263      	str	r3, [r4, #36]	@ 0x24
10000986:	62e3      	str	r3, [r4, #44]	@ 0x2c
10000988:	0020      	movs	r0, r4
1000098a:	bd10      	pop	{r4, pc}

1000098c <_Z41__static_initialization_and_destruction_0v>:
1000098c:	b510      	push	{r4, lr}
1000098e:	4802      	ldr	r0, [pc, #8]	@ (10000998 <_Z41__static_initialization_and_destruction_0v+0xc>)
10000990:	f7ff ffe9 	bl	10000966 <_ZN8TsUnbLib5TsUnb10SimpleNodeINS0_14FixedUplinkMacENS0_3PhyILm12099962ELm12099962ELm12ELm12ELNS0_12TsUnbUPGModeE0ELh3ENS0_10RadioBurstILt2ELt2EEEEENS_3Trx6SX1280INS_6RPPico11RPPicoTsUnbILt48EEELm3ES6_EELb0EEC1Ev>
10000994:	bd10      	pop	{r4, pc}
10000996:	46c0      	nop			@ (mov r8, r8)
10000998:	20001460 	.word	0x20001460

1000099c <_ZN8TsUnbLib6RPPico11RPPicoTsUnbILt48EE7spiInitEv>:
1000099c:	b510      	push	{r4, lr}
1000099e:	2011      	movs	r0, #17
100009a0:	f001 fbf0 	bl	10002184 <gpio_init>
100009a4:	23d0      	movs	r3, #208	@ 0xd0
100009a6:	061b      	lsls	r3, r3, #24
100009a8:	2280      	movs	r2, #128	@ 0x80
100009aa:	0292      	lsls	r2, r2, #10
100009ac:	625a      	str	r2, [r3, #36]	@ 0x24
100009ae:	615a      	str	r2, [r3, #20]
100009b0:	2101      	movs	r1, #1
100009b2:	2010      	movs	r0, #16
100009b4:	f001 faea 	bl	10001f8c <gpio_set_function>
100009b8:	2101      	movs	r1, #1
100009ba:	2012      	movs	r0, #18
100009bc:	f001 fae6 	bl	10001f8c <gpio_set_function>
100009c0:	2101      	movs	r1, #1
100009c2:	2013      	movs	r0, #19
100009c4:	f001 fae2 	bl	10001f8c <gpio_set_function>
100009c8:	4902      	ldr	r1, [pc, #8]	@ (100009d4 <_ZN8TsUnbLib6RPPico11RPPicoTsUnbILt48EE7spiInitEv+0x38>)
100009ca:	4803      	ldr	r0, [pc, #12]	@ (100009d8 <_ZN8TsUnbLib6RPPico11RPPicoTsUnbILt48EE7spiInitEv+0x3c>)
100009cc:	f007 ffca 	bl	10008964 <spi_init>
100009d0:	bd10      	pop	{r4, pc}
100009d2:	46c0      	nop			@ (mov r8, r8)
100009d4:	003d0900 	.word	0x003d0900
100009d8:	4003c000 	.word	0x4003c000

100009dc <_ZN8TsUnbLib6RPPico11RPPicoTsUnbILt48EE13addTimerDelayEl>:
100009dc:	b510      	push	{r4, lr}
100009de:	000c      	movs	r4, r1
100009e0:	f002 fc38 	bl	10003254 <time_us_64>
100009e4:	0002      	movs	r2, r0
100009e6:	000b      	movs	r3, r1
100009e8:	4908      	ldr	r1, [pc, #32]	@ (10000a0c <_ZN8TsUnbLib6RPPico11RPPicoTsUnbILt48EE13addTimerDelayEl+0x30>)
100009ea:	600a      	str	r2, [r1, #0]
100009ec:	604b      	str	r3, [r1, #4]
100009ee:	1e60      	subs	r0, r4, #1
100009f0:	f003 fddc 	bl	100045ac <__wrap___aeabi_i2f>
100009f4:	4906      	ldr	r1, [pc, #24]	@ (10000a10 <_ZN8TsUnbLib6RPPico11RPPicoTsUnbILt48EE13addTimerDelayEl+0x34>)
100009f6:	f003 fda0 	bl	1000453a <__wrap___aeabi_fmul>
100009fa:	4c06      	ldr	r4, [pc, #24]	@ (10000a14 <_ZN8TsUnbLib6RPPico11RPPicoTsUnbILt48EE13addTimerDelayEl+0x38>)
100009fc:	6821      	ldr	r1, [r4, #0]
100009fe:	f003 fd81 	bl	10004504 <__wrap___aeabi_fadd>
10000a02:	6020      	str	r0, [r4, #0]
10000a04:	4b04      	ldr	r3, [pc, #16]	@ (10000a18 <_ZN8TsUnbLib6RPPico11RPPicoTsUnbILt48EE13addTimerDelayEl+0x3c>)
10000a06:	2201      	movs	r2, #1
10000a08:	701a      	strb	r2, [r3, #0]
10000a0a:	bd10      	pop	{r4, pc}
10000a0c:	200012c8 	.word	0x200012c8
10000a10:	43d20d21 	.word	0x43d20d21
10000a14:	20001494 	.word	0x20001494
10000a18:	200024e9 	.word	0x200024e9

10000a1c <_ZN8TsUnbLib6RPPico11RPPicoTsUnbILt48EE10startTimerEv>:
10000a1c:	b570      	push	{r4, r5, r6, lr}
10000a1e:	b082      	sub	sp, #8
10000a20:	0004      	movs	r4, r0
10000a22:	4b19      	ldr	r3, [pc, #100]	@ (10000a88 <_ZN8TsUnbLib6RPPico11RPPicoTsUnbILt48EE10startTimerEv+0x6c>)
10000a24:	6818      	ldr	r0, [r3, #0]
10000a26:	2100      	movs	r1, #0
10000a28:	f003 fdb8 	bl	1000459c <__wrap___aeabi_fcmpeq>
10000a2c:	2800      	cmp	r0, #0
10000a2e:	d005      	beq.n	10000a3c <_ZN8TsUnbLib6RPPico11RPPicoTsUnbILt48EE10startTimerEv+0x20>
10000a30:	4d15      	ldr	r5, [pc, #84]	@ (10000a88 <_ZN8TsUnbLib6RPPico11RPPicoTsUnbILt48EE10startTimerEv+0x6c>)
10000a32:	6828      	ldr	r0, [r5, #0]
10000a34:	4915      	ldr	r1, [pc, #84]	@ (10000a8c <_ZN8TsUnbLib6RPPico11RPPicoTsUnbILt48EE10startTimerEv+0x70>)
10000a36:	f003 fd65 	bl	10004504 <__wrap___aeabi_fadd>
10000a3a:	6028      	str	r0, [r5, #0]
10000a3c:	4b14      	ldr	r3, [pc, #80]	@ (10000a90 <_ZN8TsUnbLib6RPPico11RPPicoTsUnbILt48EE10startTimerEv+0x74>)
10000a3e:	2200      	movs	r2, #0
10000a40:	701a      	strb	r2, [r3, #0]
10000a42:	4b14      	ldr	r3, [pc, #80]	@ (10000a94 <_ZN8TsUnbLib6RPPico11RPPicoTsUnbILt48EE10startTimerEv+0x78>)
10000a44:	701a      	strb	r2, [r3, #0]
10000a46:	4e10      	ldr	r6, [pc, #64]	@ (10000a88 <_ZN8TsUnbLib6RPPico11RPPicoTsUnbILt48EE10startTimerEv+0x6c>)
10000a48:	6830      	ldr	r0, [r6, #0]
10000a4a:	21fc      	movs	r1, #252	@ 0xfc
10000a4c:	0589      	lsls	r1, r1, #22
10000a4e:	f003 fd59 	bl	10004504 <__wrap___aeabi_fadd>
10000a52:	f003 fddd 	bl	10004610 <__wrap___aeabi_f2lz>
10000a56:	0002      	movs	r2, r0
10000a58:	000b      	movs	r3, r1
10000a5a:	4d0f      	ldr	r5, [pc, #60]	@ (10000a98 <_ZN8TsUnbLib6RPPico11RPPicoTsUnbILt48EE10startTimerEv+0x7c>)
10000a5c:	602a      	str	r2, [r5, #0]
10000a5e:	606b      	str	r3, [r5, #4]
10000a60:	6828      	ldr	r0, [r5, #0]
10000a62:	6869      	ldr	r1, [r5, #4]
10000a64:	f003 fdc6 	bl	100045f4 <__wrap___aeabi_l2f>
10000a68:	1c01      	adds	r1, r0, #0
10000a6a:	6830      	ldr	r0, [r6, #0]
10000a6c:	f003 fd45 	bl	100044fa <__wrap___aeabi_fsub>
10000a70:	6030      	str	r0, [r6, #0]
10000a72:	6828      	ldr	r0, [r5, #0]
10000a74:	6869      	ldr	r1, [r5, #4]
10000a76:	4a09      	ldr	r2, [pc, #36]	@ (10000a9c <_ZN8TsUnbLib6RPPico11RPPicoTsUnbILt48EE10startTimerEv+0x80>)
10000a78:	2301      	movs	r3, #1
10000a7a:	9300      	str	r3, [sp, #0]
10000a7c:	2300      	movs	r3, #0
10000a7e:	f7ff fcaf 	bl	100003e0 <add_alarm_in_us>
10000a82:	6020      	str	r0, [r4, #0]
10000a84:	b002      	add	sp, #8
10000a86:	bd70      	pop	{r4, r5, r6, pc}
10000a88:	20001494 	.word	0x20001494
10000a8c:	43d20d21 	.word	0x43d20d21
10000a90:	200024e9 	.word	0x200024e9
10000a94:	200024ea 	.word	0x200024ea
10000a98:	200012d0 	.word	0x200012d0
10000a9c:	10000301 	.word	0x10000301

10000aa0 <_ZNK8TsUnbLib6RPPico11RPPicoTsUnbILt48EE9waitTimerEv>:
10000aa0:	b510      	push	{r4, lr}
10000aa2:	4b09      	ldr	r3, [pc, #36]	@ (10000ac8 <_ZNK8TsUnbLib6RPPico11RPPicoTsUnbILt48EE9waitTimerEv+0x28>)
10000aa4:	6818      	ldr	r0, [r3, #0]
10000aa6:	6859      	ldr	r1, [r3, #4]
10000aa8:	220a      	movs	r2, #10
10000aaa:	4252      	negs	r2, r2
10000aac:	17d3      	asrs	r3, r2, #31
10000aae:	1880      	adds	r0, r0, r2
10000ab0:	4159      	adcs	r1, r3
10000ab2:	f002 fb11 	bl	100030d8 <sleep_us>
10000ab6:	4b05      	ldr	r3, [pc, #20]	@ (10000acc <_ZNK8TsUnbLib6RPPico11RPPicoTsUnbILt48EE9waitTimerEv+0x2c>)
10000ab8:	781b      	ldrb	r3, [r3, #0]
10000aba:	2b00      	cmp	r3, #0
10000abc:	d0fb      	beq.n	10000ab6 <_ZNK8TsUnbLib6RPPico11RPPicoTsUnbILt48EE9waitTimerEv+0x16>
10000abe:	4b03      	ldr	r3, [pc, #12]	@ (10000acc <_ZNK8TsUnbLib6RPPico11RPPicoTsUnbILt48EE9waitTimerEv+0x2c>)
10000ac0:	2200      	movs	r2, #0
10000ac2:	701a      	strb	r2, [r3, #0]
10000ac4:	bd10      	pop	{r4, pc}
10000ac6:	46c0      	nop			@ (mov r8, r8)
10000ac8:	200012d0 	.word	0x200012d0
10000acc:	200024ea 	.word	0x200024ea

10000ad0 <_ZN8TsUnbLib6RPPico11RPPicoTsUnbILt48EE14spiSendReceiveEPhh>:
10000ad0:	b5f8      	push	{r3, r4, r5, r6, r7, lr}
10000ad2:	46ce      	mov	lr, r9
10000ad4:	4647      	mov	r7, r8
10000ad6:	b580      	push	{r7, lr}
10000ad8:	af00      	add	r7, sp, #0
10000ada:	000d      	movs	r5, r1
10000adc:	0014      	movs	r4, r2
10000ade:	1dd3      	adds	r3, r2, #7
10000ae0:	08db      	lsrs	r3, r3, #3
10000ae2:	00db      	lsls	r3, r3, #3
10000ae4:	466a      	mov	r2, sp
10000ae6:	1ad3      	subs	r3, r2, r3
10000ae8:	469d      	mov	sp, r3
10000aea:	466e      	mov	r6, sp
10000aec:	23d0      	movs	r3, #208	@ 0xd0
10000aee:	061b      	lsls	r3, r3, #24
10000af0:	4698      	mov	r8, r3
10000af2:	2380      	movs	r3, #128	@ 0x80
10000af4:	029b      	lsls	r3, r3, #10
10000af6:	4699      	mov	r9, r3
10000af8:	4643      	mov	r3, r8
10000afa:	464a      	mov	r2, r9
10000afc:	619a      	str	r2, [r3, #24]
10000afe:	0023      	movs	r3, r4
10000b00:	466a      	mov	r2, sp
10000b02:	4809      	ldr	r0, [pc, #36]	@ (10000b28 <_ZN8TsUnbLib6RPPico11RPPicoTsUnbILt48EE14spiSendReceiveEPhh+0x58>)
10000b04:	f008 f960 	bl	10008dc8 <__spi_write_read_blocking_veneer>
10000b08:	4643      	mov	r3, r8
10000b0a:	464a      	mov	r2, r9
10000b0c:	615a      	str	r2, [r3, #20]
10000b0e:	2000      	movs	r0, #0
10000b10:	e002      	b.n	10000b18 <_ZN8TsUnbLib6RPPico11RPPicoTsUnbILt48EE14spiSendReceiveEPhh+0x48>
10000b12:	5c33      	ldrb	r3, [r6, r0]
10000b14:	542b      	strb	r3, [r5, r0]
10000b16:	3001      	adds	r0, #1
10000b18:	4284      	cmp	r4, r0
10000b1a:	dcfa      	bgt.n	10000b12 <_ZN8TsUnbLib6RPPico11RPPicoTsUnbILt48EE14spiSendReceiveEPhh+0x42>
10000b1c:	46bd      	mov	sp, r7
10000b1e:	bcc0      	pop	{r6, r7}
10000b20:	46b9      	mov	r9, r7
10000b22:	46b0      	mov	r8, r6
10000b24:	bdf8      	pop	{r3, r4, r5, r6, r7, pc}
10000b26:	46c0      	nop			@ (mov r8, r8)
10000b28:	4003c000 	.word	0x4003c000

10000b2c <_ZN8TsUnbLib6RPPico11RPPicoTsUnbILt48EE9spiDeinitEv>:
10000b2c:	b510      	push	{r4, lr}
10000b2e:	4808      	ldr	r0, [pc, #32]	@ (10000b50 <_ZN8TsUnbLib6RPPico11RPPicoTsUnbILt48EE9spiDeinitEv+0x24>)
10000b30:	f007 fea2 	bl	10008878 <spi_deinit>
10000b34:	2010      	movs	r0, #16
10000b36:	f001 fb25 	bl	10002184 <gpio_init>
10000b3a:	2012      	movs	r0, #18
10000b3c:	f001 fb22 	bl	10002184 <gpio_init>
10000b40:	2013      	movs	r0, #19
10000b42:	f001 fb1f 	bl	10002184 <gpio_init>
10000b46:	2011      	movs	r0, #17
10000b48:	f001 fb1c 	bl	10002184 <gpio_init>
10000b4c:	bd10      	pop	{r4, pc}
10000b4e:	46c0      	nop			@ (mov r8, r8)
10000b50:	4003c000 	.word	0x4003c000

10000b54 <_ZN8TsUnbLib3Trx6SX1280INS_6RPPico11RPPicoTsUnbILt48EEELm3ENS_5TsUnb10RadioBurstILt2ELt2EEEE12setSleepModeEv>:
10000b54:	b530      	push	{r4, r5, lr}
10000b56:	b083      	sub	sp, #12
10000b58:	a901      	add	r1, sp, #4
10000b5a:	23c2      	movs	r3, #194	@ 0xc2
10000b5c:	005b      	lsls	r3, r3, #1
10000b5e:	800b      	strh	r3, [r1, #0]
10000b60:	24d0      	movs	r4, #208	@ 0xd0
10000b62:	0624      	lsls	r4, r4, #24
10000b64:	2580      	movs	r5, #128	@ 0x80
10000b66:	02ad      	lsls	r5, r5, #10
10000b68:	61a5      	str	r5, [r4, #24]
10000b6a:	2202      	movs	r2, #2
10000b6c:	4802      	ldr	r0, [pc, #8]	@ (10000b78 <_ZN8TsUnbLib3Trx6SX1280INS_6RPPico11RPPicoTsUnbILt48EEELm3ENS_5TsUnb10RadioBurstILt2ELt2EEEE12setSleepModeEv+0x24>)
10000b6e:	f008 f923 	bl	10008db8 <__spi_write_blocking_veneer>
10000b72:	6165      	str	r5, [r4, #20]
10000b74:	b003      	add	sp, #12
10000b76:	bd30      	pop	{r4, r5, pc}
10000b78:	4003c000 	.word	0x4003c000

10000b7c <_ZN8TsUnbLib3Trx6SX1280INS_6RPPico11RPPicoTsUnbILt48EEELm3ENS_5TsUnb10RadioBurstILt2ELt2EEEE4initEv>:
10000b7c:	b510      	push	{r4, lr}
10000b7e:	b082      	sub	sp, #8
10000b80:	0004      	movs	r4, r0
10000b82:	f7ff ff0b 	bl	1000099c <_ZN8TsUnbLib6RPPico11RPPicoTsUnbILt48EE7spiInitEv>
10000b86:	4b17      	ldr	r3, [pc, #92]	@ (10000be4 <_ZN8TsUnbLib3Trx6SX1280INS_6RPPico11RPPicoTsUnbILt48EEELm3ENS_5TsUnb10RadioBurstILt2ELt2EEEE4initEv+0x68>)
10000b88:	2200      	movs	r2, #0
10000b8a:	601a      	str	r2, [r3, #0]
10000b8c:	4b16      	ldr	r3, [pc, #88]	@ (10000be8 <_ZN8TsUnbLib3Trx6SX1280INS_6RPPico11RPPicoTsUnbILt48EEELm3ENS_5TsUnb10RadioBurstILt2ELt2EEEE4initEv+0x6c>)
10000b8e:	4a17      	ldr	r2, [pc, #92]	@ (10000bec <_ZN8TsUnbLib3Trx6SX1280INS_6RPPico11RPPicoTsUnbILt48EEELm3ENS_5TsUnb10RadioBurstILt2ELt2EEEE4initEv+0x70>)
10000b90:	601a      	str	r2, [r3, #0]
10000b92:	2104      	movs	r1, #4
10000b94:	0020      	movs	r0, r4
10000b96:	f7ff ff21 	bl	100009dc <_ZN8TsUnbLib6RPPico11RPPicoTsUnbILt48EE13addTimerDelayEl>
10000b9a:	0020      	movs	r0, r4
10000b9c:	f7ff ff3e 	bl	10000a1c <_ZN8TsUnbLib6RPPico11RPPicoTsUnbILt48EE10startTimerEv>
10000ba0:	0020      	movs	r0, r4
10000ba2:	f7ff ff7d 	bl	10000aa0 <_ZNK8TsUnbLib6RPPico11RPPicoTsUnbILt48EE9waitTimerEv>
10000ba6:	6820      	ldr	r0, [r4, #0]
10000ba8:	f7ff fc31 	bl	1000040e <cancel_alarm>
10000bac:	23c0      	movs	r3, #192	@ 0xc0
10000bae:	466a      	mov	r2, sp
10000bb0:	8093      	strh	r3, [r2, #4]
10000bb2:	2202      	movs	r2, #2
10000bb4:	a901      	add	r1, sp, #4
10000bb6:	0020      	movs	r0, r4
10000bb8:	f7ff ff8a 	bl	10000ad0 <_ZN8TsUnbLib6RPPico11RPPicoTsUnbILt48EE14spiSendReceiveEPhh>
10000bbc:	466b      	mov	r3, sp
10000bbe:	795b      	ldrb	r3, [r3, #5]
10000bc0:	2b40      	cmp	r3, #64	@ 0x40
10000bc2:	d108      	bne.n	10000bd6 <_ZN8TsUnbLib3Trx6SX1280INS_6RPPico11RPPicoTsUnbILt48EEELm3ENS_5TsUnb10RadioBurstILt2ELt2EEEE4initEv+0x5a>
10000bc4:	0020      	movs	r0, r4
10000bc6:	f7ff ffc5 	bl	10000b54 <_ZN8TsUnbLib3Trx6SX1280INS_6RPPico11RPPicoTsUnbILt48EEELm3ENS_5TsUnb10RadioBurstILt2ELt2EEEE12setSleepModeEv>
10000bca:	0020      	movs	r0, r4
10000bcc:	f7ff ffae 	bl	10000b2c <_ZN8TsUnbLib6RPPico11RPPicoTsUnbILt48EE9spiDeinitEv>
10000bd0:	2000      	movs	r0, #0
10000bd2:	b002      	add	sp, #8
10000bd4:	bd10      	pop	{r4, pc}
10000bd6:	0020      	movs	r0, r4
10000bd8:	f7ff ffa8 	bl	10000b2c <_ZN8TsUnbLib6RPPico11RPPicoTsUnbILt48EE9spiDeinitEv>
10000bdc:	2001      	movs	r0, #1
10000bde:	4240      	negs	r0, r0
10000be0:	e7f7      	b.n	10000bd2 <_ZN8TsUnbLib3Trx6SX1280INS_6RPPico11RPPicoTsUnbILt48EEELm3ENS_5TsUnb10RadioBurstILt2ELt2EEEE4initEv+0x56>
10000be2:	46c0      	nop			@ (mov r8, r8)
10000be4:	20001494 	.word	0x20001494
10000be8:	20001490 	.word	0x20001490
10000bec:	43d20d21 	.word	0x43d20d21

10000bf0 <_Z15prepareForMiotyv>:
10000bf0:	b510      	push	{r4, lr}
10000bf2:	4c1d      	ldr	r4, [pc, #116]	@ (10000c68 <_Z15prepareForMiotyv+0x78>)
10000bf4:	0020      	movs	r0, r4
10000bf6:	f7ff ffc1 	bl	10000b7c <_ZN8TsUnbLib3Trx6SX1280INS_6RPPico11RPPicoTsUnbILt48EEELm3ENS_5TsUnb10RadioBurstILt2ELt2EEEE4initEv>
10000bfa:	2314      	movs	r3, #20
10000bfc:	7123      	strb	r3, [r4, #4]
10000bfe:	333f      	adds	r3, #63	@ 0x3f
10000c00:	7223      	strb	r3, [r4, #8]
10000c02:	335a      	adds	r3, #90	@ 0x5a
10000c04:	7263      	strb	r3, [r4, #9]
10000c06:	334b      	adds	r3, #75	@ 0x4b
10000c08:	72a3      	strb	r3, [r4, #10]
10000c0a:	3bf6      	subs	r3, #246	@ 0xf6
10000c0c:	72e3      	strb	r3, [r4, #11]
10000c0e:	33af      	adds	r3, #175	@ 0xaf
10000c10:	7323      	strb	r3, [r4, #12]
10000c12:	3b1a      	subs	r3, #26
10000c14:	7363      	strb	r3, [r4, #13]
10000c16:	335b      	adds	r3, #91	@ 0x5b
10000c18:	73a3      	strb	r3, [r4, #14]
10000c1a:	3b7f      	subs	r3, #127	@ 0x7f
10000c1c:	73e3      	strb	r3, [r4, #15]
10000c1e:	331a      	adds	r3, #26
10000c20:	7423      	strb	r3, [r4, #16]
10000c22:	3b30      	subs	r3, #48	@ 0x30
10000c24:	7463      	strb	r3, [r4, #17]
10000c26:	3380      	adds	r3, #128	@ 0x80
10000c28:	74a3      	strb	r3, [r4, #18]
10000c2a:	3b38      	subs	r3, #56	@ 0x38
10000c2c:	74e3      	strb	r3, [r4, #19]
10000c2e:	3b2e      	subs	r3, #46	@ 0x2e
10000c30:	7523      	strb	r3, [r4, #20]
10000c32:	336a      	adds	r3, #106	@ 0x6a
10000c34:	7563      	strb	r3, [r4, #21]
10000c36:	3319      	adds	r3, #25
10000c38:	75a3      	strb	r3, [r4, #22]
10000c3a:	3b5e      	subs	r3, #94	@ 0x5e
10000c3c:	75e3      	strb	r3, [r4, #23]
10000c3e:	3b2c      	subs	r3, #44	@ 0x2c
10000c40:	7623      	strb	r3, [r4, #24]
10000c42:	22b3      	movs	r2, #179	@ 0xb3
10000c44:	7662      	strb	r2, [r4, #25]
10000c46:	3222      	adds	r2, #34	@ 0x22
10000c48:	76a2      	strb	r2, [r4, #26]
10000c4a:	3a6e      	subs	r2, #110	@ 0x6e
10000c4c:	76e2      	strb	r2, [r4, #27]
10000c4e:	7723      	strb	r3, [r4, #28]
10000c50:	3298      	adds	r2, #152	@ 0x98
10000c52:	7762      	strb	r2, [r4, #29]
10000c54:	3afe      	subs	r2, #254	@ 0xfe
10000c56:	77a2      	strb	r2, [r4, #30]
10000c58:	2120      	movs	r1, #32
10000c5a:	5462      	strb	r2, [r4, r1]
10000c5c:	77e3      	strb	r3, [r4, #31]
10000c5e:	3101      	adds	r1, #1
10000c60:	5463      	strb	r3, [r4, r1]
10000c62:	6262      	str	r2, [r4, #36]	@ 0x24
10000c64:	bd10      	pop	{r4, pc}
10000c66:	46c0      	nop			@ (mov r8, r8)
10000c68:	20001460 	.word	0x20001460

10000c6c <_ZNK8TsUnbLib5TsUnb3PhyILm12099962ELm12099962ELm12ELm12ELNS0_12TsUnbUPGModeE0ELh3ENS0_10RadioBurstILt2ELt2EEEE8calcCRC8EPKht>:
10000c6c:	b570      	push	{r4, r5, r6, lr}
10000c6e:	2300      	movs	r3, #0
10000c70:	20ff      	movs	r0, #255	@ 0xff
10000c72:	e003      	b.n	10000c7c <_ZNK8TsUnbLib5TsUnb3PhyILm12099962ELm12099962ELm12ELm12ELNS0_12TsUnbUPGModeE0ELh3ENS0_10RadioBurstILt2ELt2EEEE8calcCRC8EPKht+0x10>
10000c74:	2601      	movs	r6, #1
10000c76:	e007      	b.n	10000c88 <_ZNK8TsUnbLib5TsUnb3PhyILm12099962ELm12099962ELm12ELm12ELNS0_12TsUnbUPGModeE0ELh3ENS0_10RadioBurstILt2ELt2EEEE8calcCRC8EPKht+0x1c>
10000c78:	3301      	adds	r3, #1
10000c7a:	b29b      	uxth	r3, r3
10000c7c:	4293      	cmp	r3, r2
10000c7e:	d216      	bcs.n	10000cae <_ZNK8TsUnbLib5TsUnb3PhyILm12099962ELm12099962ELm12ELm12ELNS0_12TsUnbUPGModeE0ELh3ENS0_10RadioBurstILt2ELt2EEEE8calcCRC8EPKht+0x42>
10000c80:	b244      	sxtb	r4, r0
10000c82:	2c00      	cmp	r4, #0
10000c84:	dbf6      	blt.n	10000c74 <_ZNK8TsUnbLib5TsUnb3PhyILm12099962ELm12099962ELm12ELm12ELNS0_12TsUnbUPGModeE0ELh3ENS0_10RadioBurstILt2ELt2EEEE8calcCRC8EPKht+0x8>
10000c86:	2600      	movs	r6, #0
10000c88:	08dc      	lsrs	r4, r3, #3
10000c8a:	2507      	movs	r5, #7
10000c8c:	401d      	ands	r5, r3
10000c8e:	5d0c      	ldrb	r4, [r1, r4]
10000c90:	40ac      	lsls	r4, r5
10000c92:	0624      	lsls	r4, r4, #24
10000c94:	d502      	bpl.n	10000c9c <_ZNK8TsUnbLib5TsUnb3PhyILm12099962ELm12099962ELm12ELm12ELNS0_12TsUnbUPGModeE0ELh3ENS0_10RadioBurstILt2ELt2EEEE8calcCRC8EPKht+0x30>
10000c96:	2401      	movs	r4, #1
10000c98:	4066      	eors	r6, r4
10000c9a:	b2f6      	uxtb	r6, r6
10000c9c:	0040      	lsls	r0, r0, #1
10000c9e:	b2c0      	uxtb	r0, r0
10000ca0:	2e00      	cmp	r6, #0
10000ca2:	d0e9      	beq.n	10000c78 <_ZNK8TsUnbLib5TsUnb3PhyILm12099962ELm12099962ELm12ELm12ELNS0_12TsUnbUPGModeE0ELh3ENS0_10RadioBurstILt2ELt2EEEE8calcCRC8EPKht+0xc>
10000ca4:	2465      	movs	r4, #101	@ 0x65
10000ca6:	4264      	negs	r4, r4
10000ca8:	4060      	eors	r0, r4
10000caa:	b2c0      	uxtb	r0, r0
10000cac:	e7e4      	b.n	10000c78 <_ZNK8TsUnbLib5TsUnb3PhyILm12099962ELm12099962ELm12ELm12ELNS0_12TsUnbUPGModeE0ELh3ENS0_10RadioBurstILt2ELt2EEEE8calcCRC8EPKht+0xc>
10000cae:	bd70      	pop	{r4, r5, r6, pc}

10000cb0 <_ZNK8TsUnbLib5TsUnb3PhyILm12099962ELm12099962ELm12ELm12ELNS0_12TsUnbUPGModeE0ELh3ENS0_10RadioBurstILt2ELt2EEEE10whitenDataEPht>:
10000cb0:	b570      	push	{r4, r5, r6, lr}
10000cb2:	000d      	movs	r5, r1
10000cb4:	0016      	movs	r6, r2
10000cb6:	2400      	movs	r4, #0
10000cb8:	4b0b      	ldr	r3, [pc, #44]	@ (10000ce8 <_ZNK8TsUnbLib5TsUnb3PhyILm12099962ELm12099962ELm12ELm12ELNS0_12TsUnbUPGModeE0ELh3ENS0_10RadioBurstILt2ELt2EEEE10whitenDataEPht+0x38>)
10000cba:	e010      	b.n	10000cde <_ZNK8TsUnbLib5TsUnb3PhyILm12099962ELm12099962ELm12ELm12ELNS0_12TsUnbUPGModeE0ELh3ENS0_10RadioBurstILt2ELt2EEEE10whitenDataEPht+0x2e>
10000cbc:	005b      	lsls	r3, r3, #1
10000cbe:	b29a      	uxth	r2, r3
10000cc0:	0a51      	lsrs	r1, r2, #9
10000cc2:	0913      	lsrs	r3, r2, #4
10000cc4:	4059      	eors	r1, r3
10000cc6:	2301      	movs	r3, #1
10000cc8:	400b      	ands	r3, r1
10000cca:	4313      	orrs	r3, r2
10000ccc:	3001      	adds	r0, #1
10000cce:	b2c0      	uxtb	r0, r0
10000cd0:	2807      	cmp	r0, #7
10000cd2:	d9f3      	bls.n	10000cbc <_ZNK8TsUnbLib5TsUnb3PhyILm12099962ELm12099962ELm12ELm12ELNS0_12TsUnbUPGModeE0ELh3ENS0_10RadioBurstILt2ELt2EEEE10whitenDataEPht+0xc>
10000cd4:	5d2a      	ldrb	r2, [r5, r4]
10000cd6:	405a      	eors	r2, r3
10000cd8:	552a      	strb	r2, [r5, r4]
10000cda:	3401      	adds	r4, #1
10000cdc:	b2a4      	uxth	r4, r4
10000cde:	42b4      	cmp	r4, r6
10000ce0:	d201      	bcs.n	10000ce6 <_ZNK8TsUnbLib5TsUnb3PhyILm12099962ELm12099962ELm12ELm12ELNS0_12TsUnbUPGModeE0ELh3ENS0_10RadioBurstILt2ELt2EEEE10whitenDataEPht+0x36>
10000ce2:	2000      	movs	r0, #0
10000ce4:	e7f4      	b.n	10000cd0 <_ZNK8TsUnbLib5TsUnb3PhyILm12099962ELm12099962ELm12ELm12ELNS0_12TsUnbUPGModeE0ELh3ENS0_10RadioBurstILt2ELt2EEEE10whitenDataEPht+0x20>
10000ce6:	bd70      	pop	{r4, r5, r6, pc}
10000ce8:	000001ff 	.word	0x000001ff

10000cec <_ZNK8TsUnbLib5TsUnb3PhyILm12099962ELm12099962ELm12ELm12ELNS0_12TsUnbUPGModeE0ELh3ENS0_10RadioBurstILt2ELt2EEEE16getRadioBurstIdxEtt>:
10000cec:	b570      	push	{r4, r5, r6, lr}
10000cee:	0008      	movs	r0, r1
10000cf0:	2390      	movs	r3, #144	@ 0x90
10000cf2:	005b      	lsls	r3, r3, #1
10000cf4:	4299      	cmp	r1, r3
10000cf6:	d317      	bcc.n	10000d28 <_ZNK8TsUnbLib5TsUnb3PhyILm12099962ELm12099962ELm12ELm12ELNS0_12TsUnbUPGModeE0ELh3ENS0_10RadioBurstILt2ELt2EEEE16getRadioBurstIdxEtt+0x3c>
10000cf8:	3821      	subs	r0, #33	@ 0x21
10000cfa:	38ff      	subs	r0, #255	@ 0xff
10000cfc:	b284      	uxth	r4, r0
10000cfe:	3a0c      	subs	r2, #12
10000d00:	b295      	uxth	r5, r2
10000d02:	0029      	movs	r1, r5
10000d04:	0020      	movs	r0, r4
10000d06:	f002 fd9f 	bl	10003848 <__wrap___aeabi_uidiv>
10000d0a:	b286      	uxth	r6, r0
10000d0c:	0029      	movs	r1, r5
10000d0e:	0020      	movs	r0, r4
10000d10:	f002 fd9a 	bl	10003848 <__wrap___aeabi_uidiv>
10000d14:	b288      	uxth	r0, r1
10000d16:	280b      	cmp	r0, #11
10000d18:	d80b      	bhi.n	10000d32 <_ZNK8TsUnbLib5TsUnb3PhyILm12099962ELm12099962ELm12ELm12ELNS0_12TsUnbUPGModeE0ELh3ENS0_10RadioBurstILt2ELt2EEEE16getRadioBurstIdxEtt+0x46>
10000d1a:	0040      	lsls	r0, r0, #1
10000d1c:	b280      	uxth	r0, r0
10000d1e:	2301      	movs	r3, #1
10000d20:	4033      	ands	r3, r6
10000d22:	18c0      	adds	r0, r0, r3
10000d24:	b280      	uxth	r0, r0
10000d26:	e003      	b.n	10000d30 <_ZNK8TsUnbLib5TsUnb3PhyILm12099962ELm12099962ELm12ELm12ELNS0_12TsUnbUPGModeE0ELh3ENS0_10RadioBurstILt2ELt2EEEE16getRadioBurstIdxEtt+0x44>
10000d28:	2118      	movs	r1, #24
10000d2a:	f002 fd8d 	bl	10003848 <__wrap___aeabi_uidiv>
10000d2e:	b288      	uxth	r0, r1
10000d30:	bd70      	pop	{r4, r5, r6, pc}
10000d32:	300c      	adds	r0, #12
10000d34:	b280      	uxth	r0, r0
10000d36:	e7fb      	b.n	10000d30 <_ZNK8TsUnbLib5TsUnb3PhyILm12099962ELm12099962ELm12ELm12ELNS0_12TsUnbUPGModeE0ELh3ENS0_10RadioBurstILt2ELt2EEEE16getRadioBurstIdxEtt+0x44>

10000d38 <_ZN8TsUnbLib5TsUnb10RadioBurstILt2ELt2EE17writeSubPacketBitEht>:
10000d38:	b510      	push	{r4, lr}
10000d3a:	0004      	movs	r4, r0
10000d3c:	0008      	movs	r0, r1
10000d3e:	7a21      	ldrb	r1, [r4, #8]
10000d40:	404a      	eors	r2, r1
10000d42:	07d2      	lsls	r2, r2, #31
10000d44:	d509      	bpl.n	10000d5a <_ZN8TsUnbLib5TsUnb10RadioBurstILt2ELt2EE17writeSubPacketBitEht+0x22>
10000d46:	0849      	lsrs	r1, r1, #1
10000d48:	3118      	adds	r1, #24
10000d4a:	3102      	adds	r1, #2
10000d4c:	0022      	movs	r2, r4
10000d4e:	f7ff fac1 	bl	100002d4 <_ZN8TsUnbLibL8writeBitEhjPh>
10000d52:	8923      	ldrh	r3, [r4, #8]
10000d54:	3301      	adds	r3, #1
10000d56:	8123      	strh	r3, [r4, #8]
10000d58:	bd10      	pop	{r4, pc}
10000d5a:	084a      	lsrs	r2, r1, #1
10000d5c:	230b      	movs	r3, #11
10000d5e:	1a9b      	subs	r3, r3, r2
10000d60:	b299      	uxth	r1, r3
10000d62:	e7f2      	b.n	10000d4a <_ZN8TsUnbLib5TsUnb10RadioBurstILt2ELt2EE17writeSubPacketBitEht+0x12>

10000d64 <_ZN8TsUnbLib5TsUnb10RadioBurstILt2ELt2EE11addMidambleEt>:
10000d64:	b530      	push	{r4, r5, lr}
10000d66:	2917      	cmp	r1, #23
10000d68:	d835      	bhi.n	10000dd6 <_ZN8TsUnbLib5TsUnb10RadioBurstILt2ELt2EE11addMidambleEt+0x72>
10000d6a:	7843      	ldrb	r3, [r0, #1]
10000d6c:	2202      	movs	r2, #2
10000d6e:	4393      	bics	r3, r2
10000d70:	7043      	strb	r3, [r0, #1]
10000d72:	2201      	movs	r2, #1
10000d74:	4313      	orrs	r3, r2
10000d76:	7043      	strb	r3, [r0, #1]
10000d78:	7883      	ldrb	r3, [r0, #2]
10000d7a:	2280      	movs	r2, #128	@ 0x80
10000d7c:	4252      	negs	r2, r2
10000d7e:	0011      	movs	r1, r2
10000d80:	4319      	orrs	r1, r3
10000d82:	7081      	strb	r1, [r0, #2]
10000d84:	2140      	movs	r1, #64	@ 0x40
10000d86:	4249      	negs	r1, r1
10000d88:	000c      	movs	r4, r1
10000d8a:	431c      	orrs	r4, r3
10000d8c:	7084      	strb	r4, [r0, #2]
10000d8e:	2420      	movs	r4, #32
10000d90:	001d      	movs	r5, r3
10000d92:	43a5      	bics	r5, r4
10000d94:	002c      	movs	r4, r5
10000d96:	4329      	orrs	r1, r5
10000d98:	7081      	strb	r1, [r0, #2]
10000d9a:	2130      	movs	r1, #48	@ 0x30
10000d9c:	4249      	negs	r1, r1
10000d9e:	430c      	orrs	r4, r1
10000da0:	7084      	strb	r4, [r0, #2]
10000da2:	2428      	movs	r4, #40	@ 0x28
10000da4:	001d      	movs	r5, r3
10000da6:	43a5      	bics	r5, r4
10000da8:	002c      	movs	r4, r5
10000daa:	430c      	orrs	r4, r1
10000dac:	7084      	strb	r4, [r0, #2]
10000dae:	242c      	movs	r4, #44	@ 0x2c
10000db0:	001d      	movs	r5, r3
10000db2:	43a5      	bics	r5, r4
10000db4:	002c      	movs	r4, r5
10000db6:	430c      	orrs	r4, r1
10000db8:	7084      	strb	r4, [r0, #2]
10000dba:	242e      	movs	r4, #46	@ 0x2e
10000dbc:	43a3      	bics	r3, r4
10000dbe:	430b      	orrs	r3, r1
10000dc0:	7083      	strb	r3, [r0, #2]
10000dc2:	7081      	strb	r1, [r0, #2]
10000dc4:	78c3      	ldrb	r3, [r0, #3]
10000dc6:	0011      	movs	r1, r2
10000dc8:	4319      	orrs	r1, r3
10000dca:	70c1      	strb	r1, [r0, #3]
10000dcc:	2140      	movs	r1, #64	@ 0x40
10000dce:	438b      	bics	r3, r1
10000dd0:	431a      	orrs	r2, r3
10000dd2:	70c2      	strb	r2, [r0, #3]
10000dd4:	bd30      	pop	{r4, r5, pc}
10000dd6:	7843      	ldrb	r3, [r0, #1]
10000dd8:	2202      	movs	r2, #2
10000dda:	4393      	bics	r3, r2
10000ddc:	7043      	strb	r3, [r0, #1]
10000dde:	2201      	movs	r2, #1
10000de0:	4313      	orrs	r3, r2
10000de2:	7043      	strb	r3, [r0, #1]
10000de4:	7882      	ldrb	r2, [r0, #2]
10000de6:	237f      	movs	r3, #127	@ 0x7f
10000de8:	4013      	ands	r3, r2
10000dea:	7083      	strb	r3, [r0, #2]
10000dec:	233f      	movs	r3, #63	@ 0x3f
10000dee:	4013      	ands	r3, r2
10000df0:	7083      	strb	r3, [r0, #2]
10000df2:	2220      	movs	r2, #32
10000df4:	431a      	orrs	r2, r3
10000df6:	7082      	strb	r2, [r0, #2]
10000df8:	2230      	movs	r2, #48	@ 0x30
10000dfa:	431a      	orrs	r2, r3
10000dfc:	7082      	strb	r2, [r0, #2]
10000dfe:	2238      	movs	r2, #56	@ 0x38
10000e00:	431a      	orrs	r2, r3
10000e02:	7082      	strb	r2, [r0, #2]
10000e04:	223c      	movs	r2, #60	@ 0x3c
10000e06:	431a      	orrs	r2, r3
10000e08:	7082      	strb	r2, [r0, #2]
10000e0a:	223e      	movs	r2, #62	@ 0x3e
10000e0c:	4313      	orrs	r3, r2
10000e0e:	7083      	strb	r3, [r0, #2]
10000e10:	233e      	movs	r3, #62	@ 0x3e
10000e12:	7083      	strb	r3, [r0, #2]
10000e14:	78c2      	ldrb	r2, [r0, #3]
10000e16:	3bbe      	subs	r3, #190	@ 0xbe
10000e18:	0019      	movs	r1, r3
10000e1a:	4311      	orrs	r1, r2
10000e1c:	70c1      	strb	r1, [r0, #3]
10000e1e:	2140      	movs	r1, #64	@ 0x40
10000e20:	438a      	bics	r2, r1
10000e22:	4313      	orrs	r3, r2
10000e24:	70c3      	strb	r3, [r0, #3]
10000e26:	e7d5      	b.n	10000dd4 <_ZN8TsUnbLib5TsUnb10RadioBurstILt2ELt2EE11addMidambleEt+0x70>

10000e28 <_ZN8TsUnbLib5TsUnb10RadioBurstILt2ELt2EE23differentialMSKEncodingEv>:
10000e28:	b510      	push	{r4, lr}
10000e2a:	2300      	movs	r3, #0
10000e2c:	2100      	movs	r1, #0
10000e2e:	e008      	b.n	10000e42 <_ZN8TsUnbLib5TsUnb10RadioBurstILt2ELt2EE23differentialMSKEncodingEv+0x1a>
10000e30:	5cc2      	ldrb	r2, [r0, r3]
10000e32:	0854      	lsrs	r4, r2, #1
10000e34:	430c      	orrs	r4, r1
10000e36:	01d1      	lsls	r1, r2, #7
10000e38:	b2c9      	uxtb	r1, r1
10000e3a:	4062      	eors	r2, r4
10000e3c:	54c2      	strb	r2, [r0, r3]
10000e3e:	3301      	adds	r3, #1
10000e40:	b29b      	uxth	r3, r3
10000e42:	2b04      	cmp	r3, #4
10000e44:	d9f4      	bls.n	10000e30 <_ZN8TsUnbLib5TsUnb10RadioBurstILt2ELt2EE23differentialMSKEncodingEv+0x8>
10000e46:	7802      	ldrb	r2, [r0, #0]
10000e48:	2380      	movs	r3, #128	@ 0x80
10000e4a:	425b      	negs	r3, r3
10000e4c:	4313      	orrs	r3, r2
10000e4e:	7003      	strb	r3, [r0, #0]
10000e50:	bd10      	pop	{r4, pc}
	...

10000e54 <_ZN8TsUnbLib3Trx6SX1280INS_6RPPico11RPPicoTsUnbILt48EEELm3ENS_5TsUnb10RadioBurstILt2ELt2EEEE18setStandbyModeXOSCEv>:
10000e54:	b530      	push	{r4, r5, lr}
10000e56:	b083      	sub	sp, #12
10000e58:	a901      	add	r1, sp, #4
10000e5a:	23c2      	movs	r3, #194	@ 0xc2
10000e5c:	005b      	lsls	r3, r3, #1
10000e5e:	800b      	strh	r3, [r1, #0]
10000e60:	24d0      	movs	r4, #208	@ 0xd0
10000e62:	0624      	lsls	r4, r4, #24
10000e64:	2580      	movs	r5, #128	@ 0x80
10000e66:	02ad      	lsls	r5, r5, #10
10000e68:	61a5      	str	r5, [r4, #24]
10000e6a:	2202      	movs	r2, #2
10000e6c:	4802      	ldr	r0, [pc, #8]	@ (10000e78 <_ZN8TsUnbLib3Trx6SX1280INS_6RPPico11RPPicoTsUnbILt48EEELm3ENS_5TsUnb10RadioBurstILt2ELt2EEEE18setStandbyModeXOSCEv+0x24>)
10000e6e:	f007 ffa3 	bl	10008db8 <__spi_write_blocking_veneer>
10000e72:	6165      	str	r5, [r4, #20]
10000e74:	b003      	add	sp, #12
10000e76:	bd30      	pop	{r4, r5, pc}
10000e78:	4003c000 	.word	0x4003c000

10000e7c <_ZN8TsUnbLib3Trx6SX1280INS_6RPPico11RPPicoTsUnbILt48EEELm3ENS_5TsUnb10RadioBurstILt2ELt2EEEE11setTxPwrRegEa>:
10000e7c:	b5f0      	push	{r4, r5, r6, r7, lr}
10000e7e:	b083      	sub	sp, #12
10000e80:	290d      	cmp	r1, #13
10000e82:	dc1f      	bgt.n	10000ec4 <_ZN8TsUnbLib3Trx6SX1280INS_6RPPico11RPPicoTsUnbILt48EEELm3ENS_5TsUnb10RadioBurstILt2ELt2EEEE11setTxPwrRegEa+0x48>
10000e84:	000b      	movs	r3, r1
10000e86:	3312      	adds	r3, #18
10000e88:	db1e      	blt.n	10000ec8 <_ZN8TsUnbLib3Trx6SX1280INS_6RPPico11RPPicoTsUnbILt48EEELm3ENS_5TsUnb10RadioBurstILt2ELt2EEEE11setTxPwrRegEa+0x4c>
10000e8a:	000c      	movs	r4, r1
10000e8c:	b2e6      	uxtb	r6, r4
10000e8e:	3612      	adds	r6, #18
10000e90:	b2f6      	uxtb	r6, r6
10000e92:	ad01      	add	r5, sp, #4
10000e94:	2203      	movs	r2, #3
10000e96:	2100      	movs	r1, #0
10000e98:	0028      	movs	r0, r5
10000e9a:	f003 fcfb 	bl	10004894 <__wrap_memset>
10000e9e:	238e      	movs	r3, #142	@ 0x8e
10000ea0:	702b      	strb	r3, [r5, #0]
10000ea2:	3352      	adds	r3, #82	@ 0x52
10000ea4:	70ab      	strb	r3, [r5, #2]
10000ea6:	706e      	strb	r6, [r5, #1]
10000ea8:	26d0      	movs	r6, #208	@ 0xd0
10000eaa:	0636      	lsls	r6, r6, #24
10000eac:	2780      	movs	r7, #128	@ 0x80
10000eae:	02bf      	lsls	r7, r7, #10
10000eb0:	61b7      	str	r7, [r6, #24]
10000eb2:	2203      	movs	r2, #3
10000eb4:	0029      	movs	r1, r5
10000eb6:	4806      	ldr	r0, [pc, #24]	@ (10000ed0 <_ZN8TsUnbLib3Trx6SX1280INS_6RPPico11RPPicoTsUnbILt48EEELm3ENS_5TsUnb10RadioBurstILt2ELt2EEEE11setTxPwrRegEa+0x54>)
10000eb8:	f007 ff7e 	bl	10008db8 <__spi_write_blocking_veneer>
10000ebc:	6177      	str	r7, [r6, #20]
10000ebe:	0020      	movs	r0, r4
10000ec0:	b003      	add	sp, #12
10000ec2:	bdf0      	pop	{r4, r5, r6, r7, pc}
10000ec4:	240d      	movs	r4, #13
10000ec6:	e7e1      	b.n	10000e8c <_ZN8TsUnbLib3Trx6SX1280INS_6RPPico11RPPicoTsUnbILt48EEELm3ENS_5TsUnb10RadioBurstILt2ELt2EEEE11setTxPwrRegEa+0x10>
10000ec8:	2412      	movs	r4, #18
10000eca:	4264      	negs	r4, r4
10000ecc:	e7de      	b.n	10000e8c <_ZN8TsUnbLib3Trx6SX1280INS_6RPPico11RPPicoTsUnbILt48EEELm3ENS_5TsUnb10RadioBurstILt2ELt2EEEE11setTxPwrRegEa+0x10>
10000ece:	46c0      	nop			@ (mov r8, r8)
10000ed0:	4003c000 	.word	0x4003c000

10000ed4 <_ZN8TsUnbLib3Trx6SX1280INS_6RPPico11RPPicoTsUnbILt48EEELm3ENS_5TsUnb10RadioBurstILt2ELt2EEEE15setFrequencyRegEm>:
10000ed4:	b530      	push	{r4, r5, lr}
10000ed6:	b083      	sub	sp, #12
10000ed8:	000b      	movs	r3, r1
10000eda:	a901      	add	r1, sp, #4
10000edc:	2200      	movs	r2, #0
10000ede:	9201      	str	r2, [sp, #4]
10000ee0:	3286      	adds	r2, #134	@ 0x86
10000ee2:	700a      	strb	r2, [r1, #0]
10000ee4:	021a      	lsls	r2, r3, #8
10000ee6:	0e12      	lsrs	r2, r2, #24
10000ee8:	704a      	strb	r2, [r1, #1]
10000eea:	041a      	lsls	r2, r3, #16
10000eec:	0e12      	lsrs	r2, r2, #24
10000eee:	708a      	strb	r2, [r1, #2]
10000ef0:	70cb      	strb	r3, [r1, #3]
10000ef2:	24d0      	movs	r4, #208	@ 0xd0
10000ef4:	0624      	lsls	r4, r4, #24
10000ef6:	2580      	movs	r5, #128	@ 0x80
10000ef8:	02ad      	lsls	r5, r5, #10
10000efa:	61a5      	str	r5, [r4, #24]
10000efc:	2204      	movs	r2, #4
10000efe:	4803      	ldr	r0, [pc, #12]	@ (10000f0c <_ZN8TsUnbLib3Trx6SX1280INS_6RPPico11RPPicoTsUnbILt48EEELm3ENS_5TsUnb10RadioBurstILt2ELt2EEEE15setFrequencyRegEm+0x38>)
10000f00:	f007 ff5a 	bl	10008db8 <__spi_write_blocking_veneer>
10000f04:	6165      	str	r5, [r4, #20]
10000f06:	b003      	add	sp, #12
10000f08:	bd30      	pop	{r4, r5, pc}
10000f0a:	46c0      	nop			@ (mov r8, r8)
10000f0c:	4003c000 	.word	0x4003c000

10000f10 <_ZN8TsUnbLib3Trx6SX1280INS_6RPPico11RPPicoTsUnbILt48EEELm3ENS_5TsUnb10RadioBurstILt2ELt2EEEE17setContinuousWaveEv>:
10000f10:	b530      	push	{r4, r5, lr}
10000f12:	b083      	sub	sp, #12
10000f14:	466b      	mov	r3, sp
10000f16:	1dd9      	adds	r1, r3, #7
10000f18:	23d1      	movs	r3, #209	@ 0xd1
10000f1a:	700b      	strb	r3, [r1, #0]
10000f1c:	24d0      	movs	r4, #208	@ 0xd0
10000f1e:	0624      	lsls	r4, r4, #24
10000f20:	2580      	movs	r5, #128	@ 0x80
10000f22:	02ad      	lsls	r5, r5, #10
10000f24:	61a5      	str	r5, [r4, #24]
10000f26:	2201      	movs	r2, #1
10000f28:	4802      	ldr	r0, [pc, #8]	@ (10000f34 <_ZN8TsUnbLib3Trx6SX1280INS_6RPPico11RPPicoTsUnbILt48EEELm3ENS_5TsUnb10RadioBurstILt2ELt2EEEE17setContinuousWaveEv+0x24>)
10000f2a:	f007 ff45 	bl	10008db8 <__spi_write_blocking_veneer>
10000f2e:	6165      	str	r5, [r4, #20]
10000f30:	b003      	add	sp, #12
10000f32:	bd30      	pop	{r4, r5, pc}
10000f34:	4003c000 	.word	0x4003c000

10000f38 <_ZN8TsUnbLib3Trx6SX1280INS_6RPPico11RPPicoTsUnbILt48EEELm3ENS_5TsUnb10RadioBurstILt2ELt2EEEE8transmitEPKS7_tm>:
10000f38:	b5f0      	push	{r4, r5, r6, r7, lr}
10000f3a:	46de      	mov	lr, fp
10000f3c:	4657      	mov	r7, sl
10000f3e:	464e      	mov	r6, r9
10000f40:	4645      	mov	r5, r8
10000f42:	b5e0      	push	{r5, r6, r7, lr}
10000f44:	b083      	sub	sp, #12
10000f46:	0007      	movs	r7, r0
10000f48:	468b      	mov	fp, r1
10000f4a:	4692      	mov	sl, r2
10000f4c:	9301      	str	r3, [sp, #4]
10000f4e:	f7ff fd25 	bl	1000099c <_ZN8TsUnbLib6RPPico11RPPicoTsUnbILt48EE7spiInitEv>
10000f52:	4b51      	ldr	r3, [pc, #324]	@ (10001098 <_ZN8TsUnbLib3Trx6SX1280INS_6RPPico11RPPicoTsUnbILt48EEELm3ENS_5TsUnb10RadioBurstILt2ELt2EEEE8transmitEPKS7_tm+0x160>)
10000f54:	2200      	movs	r2, #0
10000f56:	601a      	str	r2, [r3, #0]
10000f58:	4b50      	ldr	r3, [pc, #320]	@ (1000109c <_ZN8TsUnbLib3Trx6SX1280INS_6RPPico11RPPicoTsUnbILt48EEELm3ENS_5TsUnb10RadioBurstILt2ELt2EEEE8transmitEPKS7_tm+0x164>)
10000f5a:	4a51      	ldr	r2, [pc, #324]	@ (100010a0 <_ZN8TsUnbLib3Trx6SX1280INS_6RPPico11RPPicoTsUnbILt48EEELm3ENS_5TsUnb10RadioBurstILt2ELt2EEEE8transmitEPKS7_tm+0x168>)
10000f5c:	601a      	str	r2, [r3, #0]
10000f5e:	0038      	movs	r0, r7
10000f60:	f7ff ff78 	bl	10000e54 <_ZN8TsUnbLib3Trx6SX1280INS_6RPPico11RPPicoTsUnbILt48EEELm3ENS_5TsUnb10RadioBurstILt2ELt2EEEE18setStandbyModeXOSCEv>
10000f64:	2104      	movs	r1, #4
10000f66:	0038      	movs	r0, r7
10000f68:	f7ff fd38 	bl	100009dc <_ZN8TsUnbLib6RPPico11RPPicoTsUnbILt48EE13addTimerDelayEl>
10000f6c:	0038      	movs	r0, r7
10000f6e:	f7ff fd55 	bl	10000a1c <_ZN8TsUnbLib6RPPico11RPPicoTsUnbILt48EE10startTimerEv>
10000f72:	2300      	movs	r3, #0
10000f74:	4698      	mov	r8, r3
10000f76:	e04d      	b.n	10001014 <_ZN8TsUnbLib3Trx6SX1280INS_6RPPico11RPPicoTsUnbILt48EEELm3ENS_5TsUnb10RadioBurstILt2ELt2EEEE8transmitEPKS7_tm+0xdc>
10000f78:	0038      	movs	r0, r7
10000f7a:	f7ff fd91 	bl	10000aa0 <_ZNK8TsUnbLib6RPPico11RPPicoTsUnbILt48EE9waitTimerEv>
10000f7e:	4643      	mov	r3, r8
10000f80:	3301      	adds	r3, #1
10000f82:	4553      	cmp	r3, sl
10000f84:	da42      	bge.n	1000100c <_ZN8TsUnbLib3Trx6SX1280INS_6RPPico11RPPicoTsUnbILt48EEELm3ENS_5TsUnb10RadioBurstILt2ELt2EEEE8transmitEPKS7_tm+0xd4>
10000f86:	2308      	movs	r3, #8
10000f88:	5ee9      	ldrsh	r1, [r5, r3]
10000f8a:	88ea      	ldrh	r2, [r5, #6]
10000f8c:	4b45      	ldr	r3, [pc, #276]	@ (100010a4 <_ZN8TsUnbLib3Trx6SX1280INS_6RPPico11RPPicoTsUnbILt48EEELm3ENS_5TsUnb10RadioBurstILt2ELt2EEEE8transmitEPKS7_tm+0x16c>)
10000f8e:	429a      	cmp	r2, r3
10000f90:	d005      	beq.n	10000f9e <_ZN8TsUnbLib3Trx6SX1280INS_6RPPico11RPPicoTsUnbILt48EEELm3ENS_5TsUnb10RadioBurstILt2ELt2EEEE8transmitEPKS7_tm+0x66>
10000f92:	2328      	movs	r3, #40	@ 0x28
10000f94:	1ac9      	subs	r1, r1, r3
10000f96:	0038      	movs	r0, r7
10000f98:	f7ff fd20 	bl	100009dc <_ZN8TsUnbLib6RPPico11RPPicoTsUnbILt48EE13addTimerDelayEl>
10000f9c:	e036      	b.n	1000100c <_ZN8TsUnbLib3Trx6SX1280INS_6RPPico11RPPicoTsUnbILt48EEELm3ENS_5TsUnb10RadioBurstILt2ELt2EEEE8transmitEPKS7_tm+0xd4>
10000f9e:	2300      	movs	r3, #0
10000fa0:	e7f8      	b.n	10000f94 <_ZN8TsUnbLib3Trx6SX1280INS_6RPPico11RPPicoTsUnbILt48EEELm3ENS_5TsUnb10RadioBurstILt2ELt2EEEE8transmitEPKS7_tm+0x5c>
10000fa2:	9a01      	ldr	r2, [sp, #4]
10000fa4:	4691      	mov	r9, r2
10000fa6:	4499      	add	r9, r3
10000fa8:	2403      	movs	r4, #3
10000faa:	e047      	b.n	1000103c <_ZN8TsUnbLib3Trx6SX1280INS_6RPPico11RPPicoTsUnbILt48EEELm3ENS_5TsUnb10RadioBurstILt2ELt2EEEE8transmitEPKS7_tm+0x104>
10000fac:	2603      	movs	r6, #3
10000fae:	444e      	add	r6, r9
10000fb0:	0038      	movs	r0, r7
10000fb2:	f7ff fd75 	bl	10000aa0 <_ZNK8TsUnbLib6RPPico11RPPicoTsUnbILt48EE9waitTimerEv>
10000fb6:	0031      	movs	r1, r6
10000fb8:	0038      	movs	r0, r7
10000fba:	f7ff ff8b 	bl	10000ed4 <_ZN8TsUnbLib3Trx6SX1280INS_6RPPico11RPPicoTsUnbILt48EEELm3ENS_5TsUnb10RadioBurstILt2ELt2EEEE15setFrequencyRegEm>
10000fbe:	3401      	adds	r4, #1
10000fc0:	b2a4      	uxth	r4, r4
10000fc2:	88ea      	ldrh	r2, [r5, #6]
10000fc4:	4b37      	ldr	r3, [pc, #220]	@ (100010a4 <_ZN8TsUnbLib3Trx6SX1280INS_6RPPico11RPPicoTsUnbILt48EEELm3ENS_5TsUnb10RadioBurstILt2ELt2EEEE8transmitEPKS7_tm+0x16c>)
10000fc6:	429a      	cmp	r2, r3
10000fc8:	d00c      	beq.n	10000fe4 <_ZN8TsUnbLib3Trx6SX1280INS_6RPPico11RPPicoTsUnbILt48EEELm3ENS_5TsUnb10RadioBurstILt2ELt2EEEE8transmitEPKS7_tm+0xac>
10000fca:	2328      	movs	r3, #40	@ 0x28
10000fcc:	429c      	cmp	r4, r3
10000fce:	d20b      	bcs.n	10000fe8 <_ZN8TsUnbLib3Trx6SX1280INS_6RPPico11RPPicoTsUnbILt48EEELm3ENS_5TsUnb10RadioBurstILt2ELt2EEEE8transmitEPKS7_tm+0xb0>
10000fd0:	08e3      	lsrs	r3, r4, #3
10000fd2:	2207      	movs	r2, #7
10000fd4:	4022      	ands	r2, r4
10000fd6:	5ceb      	ldrb	r3, [r5, r3]
10000fd8:	4093      	lsls	r3, r2
10000fda:	061b      	lsls	r3, r3, #24
10000fdc:	d4e6      	bmi.n	10000fac <_ZN8TsUnbLib3Trx6SX1280INS_6RPPico11RPPicoTsUnbILt48EEELm3ENS_5TsUnb10RadioBurstILt2ELt2EEEE8transmitEPKS7_tm+0x74>
10000fde:	2603      	movs	r6, #3
10000fe0:	4276      	negs	r6, r6
10000fe2:	e7e4      	b.n	10000fae <_ZN8TsUnbLib3Trx6SX1280INS_6RPPico11RPPicoTsUnbILt48EEELm3ENS_5TsUnb10RadioBurstILt2ELt2EEEE8transmitEPKS7_tm+0x76>
10000fe4:	2300      	movs	r3, #0
10000fe6:	e7f1      	b.n	10000fcc <_ZN8TsUnbLib3Trx6SX1280INS_6RPPico11RPPicoTsUnbILt48EEELm3ENS_5TsUnb10RadioBurstILt2ELt2EEEE8transmitEPKS7_tm+0x94>
10000fe8:	0038      	movs	r0, r7
10000fea:	f7ff fd59 	bl	10000aa0 <_ZNK8TsUnbLib6RPPico11RPPicoTsUnbILt48EE9waitTimerEv>
10000fee:	0038      	movs	r0, r7
10000ff0:	f7ff fdb0 	bl	10000b54 <_ZN8TsUnbLib3Trx6SX1280INS_6RPPico11RPPicoTsUnbILt48EEELm3ENS_5TsUnb10RadioBurstILt2ELt2EEEE12setSleepModeEv>
10000ff4:	2308      	movs	r3, #8
10000ff6:	5ee9      	ldrsh	r1, [r5, r3]
10000ff8:	88ea      	ldrh	r2, [r5, #6]
10000ffa:	4b2a      	ldr	r3, [pc, #168]	@ (100010a4 <_ZN8TsUnbLib3Trx6SX1280INS_6RPPico11RPPicoTsUnbILt48EEELm3ENS_5TsUnb10RadioBurstILt2ELt2EEEE8transmitEPKS7_tm+0x16c>)
10000ffc:	429a      	cmp	r2, r3
10000ffe:	d03b      	beq.n	10001078 <_ZN8TsUnbLib3Trx6SX1280INS_6RPPico11RPPicoTsUnbILt48EEELm3ENS_5TsUnb10RadioBurstILt2ELt2EEEE8transmitEPKS7_tm+0x140>
10001000:	2328      	movs	r3, #40	@ 0x28
10001002:	1ac9      	subs	r1, r1, r3
10001004:	3903      	subs	r1, #3
10001006:	0038      	movs	r0, r7
10001008:	f7ff fce8 	bl	100009dc <_ZN8TsUnbLib6RPPico11RPPicoTsUnbILt48EE13addTimerDelayEl>
1000100c:	4643      	mov	r3, r8
1000100e:	3301      	adds	r3, #1
10001010:	b29b      	uxth	r3, r3
10001012:	4698      	mov	r8, r3
10001014:	45d0      	cmp	r8, sl
10001016:	d231      	bcs.n	1000107c <_ZN8TsUnbLib3Trx6SX1280INS_6RPPico11RPPicoTsUnbILt48EEELm3ENS_5TsUnb10RadioBurstILt2ELt2EEEE8transmitEPKS7_tm+0x144>
10001018:	4643      	mov	r3, r8
1000101a:	009d      	lsls	r5, r3, #2
1000101c:	4445      	add	r5, r8
1000101e:	006d      	lsls	r5, r5, #1
10001020:	445d      	add	r5, fp
10001022:	88eb      	ldrh	r3, [r5, #6]
10001024:	4a1f      	ldr	r2, [pc, #124]	@ (100010a4 <_ZN8TsUnbLib3Trx6SX1280INS_6RPPico11RPPicoTsUnbILt48EEELm3ENS_5TsUnb10RadioBurstILt2ELt2EEEE8transmitEPKS7_tm+0x16c>)
10001026:	4293      	cmp	r3, r2
10001028:	d0a6      	beq.n	10000f78 <_ZN8TsUnbLib3Trx6SX1280INS_6RPPico11RPPicoTsUnbILt48EEELm3ENS_5TsUnb10RadioBurstILt2ELt2EEEE8transmitEPKS7_tm+0x40>
1000102a:	2200      	movs	r2, #0
1000102c:	56aa      	ldrsb	r2, [r5, r2]
1000102e:	2a00      	cmp	r2, #0
10001030:	dbb7      	blt.n	10000fa2 <_ZN8TsUnbLib3Trx6SX1280INS_6RPPico11RPPicoTsUnbILt48EEELm3ENS_5TsUnb10RadioBurstILt2ELt2EEEE8transmitEPKS7_tm+0x6a>
10001032:	9a01      	ldr	r2, [sp, #4]
10001034:	4691      	mov	r9, r2
10001036:	4499      	add	r9, r3
10001038:	2403      	movs	r4, #3
1000103a:	4264      	negs	r4, r4
1000103c:	444c      	add	r4, r9
1000103e:	0038      	movs	r0, r7
10001040:	f7ff fd2e 	bl	10000aa0 <_ZNK8TsUnbLib6RPPico11RPPicoTsUnbILt48EE9waitTimerEv>
10001044:	0038      	movs	r0, r7
10001046:	f7ff ff05 	bl	10000e54 <_ZN8TsUnbLib3Trx6SX1280INS_6RPPico11RPPicoTsUnbILt48EEELm3ENS_5TsUnb10RadioBurstILt2ELt2EEEE18setStandbyModeXOSCEv>
1000104a:	0038      	movs	r0, r7
1000104c:	f7ff fd28 	bl	10000aa0 <_ZNK8TsUnbLib6RPPico11RPPicoTsUnbILt48EE9waitTimerEv>
10001050:	2104      	movs	r1, #4
10001052:	5679      	ldrsb	r1, [r7, r1]
10001054:	0038      	movs	r0, r7
10001056:	f7ff ff11 	bl	10000e7c <_ZN8TsUnbLib3Trx6SX1280INS_6RPPico11RPPicoTsUnbILt48EEELm3ENS_5TsUnb10RadioBurstILt2ELt2EEEE11setTxPwrRegEa>
1000105a:	0038      	movs	r0, r7
1000105c:	f7ff fd20 	bl	10000aa0 <_ZNK8TsUnbLib6RPPico11RPPicoTsUnbILt48EE9waitTimerEv>
10001060:	0021      	movs	r1, r4
10001062:	0038      	movs	r0, r7
10001064:	f7ff ff36 	bl	10000ed4 <_ZN8TsUnbLib3Trx6SX1280INS_6RPPico11RPPicoTsUnbILt48EEELm3ENS_5TsUnb10RadioBurstILt2ELt2EEEE15setFrequencyRegEm>
10001068:	0038      	movs	r0, r7
1000106a:	f7ff fd19 	bl	10000aa0 <_ZNK8TsUnbLib6RPPico11RPPicoTsUnbILt48EE9waitTimerEv>
1000106e:	0038      	movs	r0, r7
10001070:	f7ff ff4e 	bl	10000f10 <_ZN8TsUnbLib3Trx6SX1280INS_6RPPico11RPPicoTsUnbILt48EEELm3ENS_5TsUnb10RadioBurstILt2ELt2EEEE17setContinuousWaveEv>
10001074:	2401      	movs	r4, #1
10001076:	e7a4      	b.n	10000fc2 <_ZN8TsUnbLib3Trx6SX1280INS_6RPPico11RPPicoTsUnbILt48EEELm3ENS_5TsUnb10RadioBurstILt2ELt2EEEE8transmitEPKS7_tm+0x8a>
10001078:	2300      	movs	r3, #0
1000107a:	e7c2      	b.n	10001002 <_ZN8TsUnbLib3Trx6SX1280INS_6RPPico11RPPicoTsUnbILt48EEELm3ENS_5TsUnb10RadioBurstILt2ELt2EEEE8transmitEPKS7_tm+0xca>
1000107c:	6838      	ldr	r0, [r7, #0]
1000107e:	f7ff f9c6 	bl	1000040e <cancel_alarm>
10001082:	0038      	movs	r0, r7
10001084:	f7ff fd52 	bl	10000b2c <_ZN8TsUnbLib6RPPico11RPPicoTsUnbILt48EE9spiDeinitEv>
10001088:	2000      	movs	r0, #0
1000108a:	b003      	add	sp, #12
1000108c:	bcf0      	pop	{r4, r5, r6, r7}
1000108e:	46bb      	mov	fp, r7
10001090:	46b2      	mov	sl, r6
10001092:	46a9      	mov	r9, r5
10001094:	46a0      	mov	r8, r4
10001096:	bdf0      	pop	{r4, r5, r6, r7, pc}
10001098:	20001494 	.word	0x20001494
1000109c:	20001490 	.word	0x20001490
100010a0:	43d20d21 	.word	0x43d20d21
100010a4:	0000ffff 	.word	0x0000ffff

100010a8 <_ZNK8TsUnbLib5TsUnb3PhyILm12099962ELm12099962ELm12ELm12ELNS0_12TsUnbUPGModeE0ELh3ENS0_10RadioBurstILt2ELt2EEEE8get_T_RBEht>:
100010a8:	b530      	push	{r4, r5, lr}
100010aa:	b09d      	sub	sp, #116	@ 0x74
100010ac:	000d      	movs	r5, r1
100010ae:	0014      	movs	r4, r2
100010b0:	2a17      	cmp	r2, #23
100010b2:	d825      	bhi.n	10001100 <_ZNK8TsUnbLib5TsUnb3PhyILm12099962ELm12099962ELm12ELm12ELNS0_12TsUnbUPGModeE0ELh3ENS0_10RadioBurstILt2ELt2EEEE8get_T_RBEht+0x58>
100010b4:	2907      	cmp	r1, #7
100010b6:	d826      	bhi.n	10001106 <_ZNK8TsUnbLib5TsUnb3PhyILm12099962ELm12099962ELm12ELm12ELNS0_12TsUnbUPGModeE0ELh3ENS0_10RadioBurstILt2ELt2EEEE8get_T_RBEht+0x5e>
100010b8:	b2d0      	uxtb	r0, r2
100010ba:	2103      	movs	r1, #3
100010bc:	f002 fbc4 	bl	10003848 <__wrap___aeabi_uidiv>
100010c0:	b2c9      	uxtb	r1, r1
100010c2:	2901      	cmp	r1, #1
100010c4:	d016      	beq.n	100010f4 <_ZNK8TsUnbLib5TsUnb3PhyILm12099962ELm12099962ELm12ELm12ELNS0_12TsUnbUPGModeE0ELh3ENS0_10RadioBurstILt2ELt2EEEE8get_T_RBEht+0x4c>
100010c6:	2902      	cmp	r1, #2
100010c8:	d003      	beq.n	100010d2 <_ZNK8TsUnbLib5TsUnb3PhyILm12099962ELm12099962ELm12ELm12ELNS0_12TsUnbUPGModeE0ELh3ENS0_10RadioBurstILt2ELt2EEEE8get_T_RBEht+0x2a>
100010ca:	2900      	cmp	r1, #0
100010cc:	d015      	beq.n	100010fa <_ZNK8TsUnbLib5TsUnb3PhyILm12099962ELm12099962ELm12ELm12ELNS0_12TsUnbUPGModeE0ELh3ENS0_10RadioBurstILt2ELt2EEEE8get_T_RBEht+0x52>
100010ce:	2000      	movs	r0, #0
100010d0:	e017      	b.n	10001102 <_ZNK8TsUnbLib5TsUnb3PhyILm12099962ELm12099962ELm12ELm12ELNS0_12TsUnbUPGModeE0ELh3ENS0_10RadioBurstILt2ELt2EEEE8get_T_RBEht+0x5a>
100010d2:	490e      	ldr	r1, [pc, #56]	@ (1000110c <_ZNK8TsUnbLib5TsUnb3PhyILm12099962ELm12099962ELm12ELm12ELNS0_12TsUnbUPGModeE0ELh3ENS0_10RadioBurstILt2ELt2EEEE8get_T_RBEht+0x64>)
100010d4:	2270      	movs	r2, #112	@ 0x70
100010d6:	4668      	mov	r0, sp
100010d8:	f003 fbe2 	bl	100048a0 <__wrap___aeabi_memcpy>
100010dc:	2103      	movs	r1, #3
100010de:	0020      	movs	r0, r4
100010e0:	f002 fbb2 	bl	10003848 <__wrap___aeabi_uidiv>
100010e4:	b280      	uxth	r0, r0
100010e6:	00eb      	lsls	r3, r5, #3
100010e8:	1b5b      	subs	r3, r3, r5
100010ea:	181b      	adds	r3, r3, r0
100010ec:	005b      	lsls	r3, r3, #1
100010ee:	466a      	mov	r2, sp
100010f0:	5a98      	ldrh	r0, [r3, r2]
100010f2:	e006      	b.n	10001102 <_ZNK8TsUnbLib5TsUnb3PhyILm12099962ELm12099962ELm12ELm12ELNS0_12TsUnbUPGModeE0ELh3ENS0_10RadioBurstILt2ELt2EEEE8get_T_RBEht+0x5a>
100010f4:	2084      	movs	r0, #132	@ 0x84
100010f6:	30ff      	adds	r0, #255	@ 0xff
100010f8:	e003      	b.n	10001102 <_ZNK8TsUnbLib5TsUnb3PhyILm12099962ELm12099962ELm12ELm12ELNS0_12TsUnbUPGModeE0ELh3ENS0_10RadioBurstILt2ELt2EEEE8get_T_RBEht+0x5a>
100010fa:	20a5      	movs	r0, #165	@ 0xa5
100010fc:	0040      	lsls	r0, r0, #1
100010fe:	e000      	b.n	10001102 <_ZNK8TsUnbLib5TsUnb3PhyILm12099962ELm12099962ELm12ELm12ELNS0_12TsUnbUPGModeE0ELh3ENS0_10RadioBurstILt2ELt2EEEE8get_T_RBEht+0x5a>
10001100:	2000      	movs	r0, #0
10001102:	b01d      	add	sp, #116	@ 0x74
10001104:	bd30      	pop	{r4, r5, pc}
10001106:	2000      	movs	r0, #0
10001108:	e7fb      	b.n	10001102 <_ZNK8TsUnbLib5TsUnb3PhyILm12099962ELm12099962ELm12ELm12ELNS0_12TsUnbUPGModeE0ELh3ENS0_10RadioBurstILt2ELt2EEEE8get_T_RBEht+0x5a>
1000110a:	46c0      	nop			@ (mov r8, r8)
1000110c:	10009ccc 	.word	0x10009ccc

10001110 <_ZNK8TsUnbLib5TsUnb3PhyILm12099962ELm12099962ELm12ELm12ELNS0_12TsUnbUPGModeE0ELh3ENS0_10RadioBurstILt2ELt2EEEE14addTsmaPatternEthtPS4_>:
10001110:	b5f0      	push	{r4, r5, r6, r7, lr}
10001112:	46de      	mov	lr, fp
10001114:	4657      	mov	r7, sl
10001116:	464e      	mov	r6, r9
10001118:	4645      	mov	r5, r8
1000111a:	b5e0      	push	{r5, r6, r7, lr}
1000111c:	b0b1      	sub	sp, #196	@ 0xc4
1000111e:	4682      	mov	sl, r0
10001120:	468b      	mov	fp, r1
10001122:	0017      	movs	r7, r2
10001124:	4698      	mov	r8, r3
10001126:	9b3a      	ldr	r3, [sp, #232]	@ 0xe8
10001128:	4699      	mov	r9, r3
1000112a:	2400      	movs	r4, #0
1000112c:	e007      	b.n	1000113e <_ZNK8TsUnbLib5TsUnb3PhyILm12099962ELm12099962ELm12ELm12ELNS0_12TsUnbUPGModeE0ELh3ENS0_10RadioBurstILt2ELt2EEEE14addTsmaPatternEthtPS4_+0x2e>
1000112e:	0022      	movs	r2, r4
10001130:	0039      	movs	r1, r7
10001132:	4650      	mov	r0, sl
10001134:	f7ff ffb8 	bl	100010a8 <_ZNK8TsUnbLib5TsUnb3PhyILm12099962ELm12099962ELm12ELm12ELNS0_12TsUnbUPGModeE0ELh3ENS0_10RadioBurstILt2ELt2EEEE8get_T_RBEht>
10001138:	8128      	strh	r0, [r5, #8]
1000113a:	3401      	adds	r4, #1
1000113c:	b2a4      	uxth	r4, r4
1000113e:	2c17      	cmp	r4, #23
10001140:	d814      	bhi.n	1000116c <_ZNK8TsUnbLib5TsUnb3PhyILm12099962ELm12099962ELm12ELm12ELNS0_12TsUnbUPGModeE0ELh3ENS0_10RadioBurstILt2ELt2EEEE14addTsmaPatternEthtPS4_+0x5c>
10001142:	00a5      	lsls	r5, r4, #2
10001144:	192d      	adds	r5, r5, r4
10001146:	006d      	lsls	r5, r5, #1
10001148:	444d      	add	r5, r9
1000114a:	4924      	ldr	r1, [pc, #144]	@ (100011dc <_ZNK8TsUnbLib5TsUnb3PhyILm12099962ELm12099962ELm12ELm12ELNS0_12TsUnbUPGModeE0ELh3ENS0_10RadioBurstILt2ELt2EEEE14addTsmaPatternEthtPS4_+0xcc>)
1000114c:	22c0      	movs	r2, #192	@ 0xc0
1000114e:	4668      	mov	r0, sp
10001150:	f003 fba6 	bl	100048a0 <__wrap___aeabi_memcpy>
10001154:	007e      	lsls	r6, r7, #1
10001156:	19f6      	adds	r6, r6, r7
10001158:	00f6      	lsls	r6, r6, #3
1000115a:	0033      	movs	r3, r6
1000115c:	446b      	add	r3, sp
1000115e:	5d1a      	ldrb	r2, [r3, r4]
10001160:	230c      	movs	r3, #12
10001162:	4353      	muls	r3, r2
10001164:	80eb      	strh	r3, [r5, #6]
10001166:	2c17      	cmp	r4, #23
10001168:	d1e1      	bne.n	1000112e <_ZNK8TsUnbLib5TsUnb3PhyILm12099962ELm12099962ELm12ELm12ELNS0_12TsUnbUPGModeE0ELh3ENS0_10RadioBurstILt2ELt2EEEE14addTsmaPatternEthtPS4_+0x1e>
1000116a:	e7e6      	b.n	1000113a <_ZNK8TsUnbLib5TsUnb3PhyILm12099962ELm12099962ELm12ELm12ELNS0_12TsUnbUPGModeE0ELh3ENS0_10RadioBurstILt2ELt2EEEE14addTsmaPatternEthtPS4_+0x2a>
1000116c:	2518      	movs	r5, #24
1000116e:	e017      	b.n	100011a0 <_ZNK8TsUnbLib5TsUnb3PhyILm12099962ELm12099962ELm12ELm12ELNS0_12TsUnbUPGModeE0ELh3ENS0_10RadioBurstILt2ELt2EEEE14addTsmaPatternEthtPS4_+0x90>
10001170:	00ac      	lsls	r4, r5, #2
10001172:	1964      	adds	r4, r4, r5
10001174:	0064      	lsls	r4, r4, #1
10001176:	464b      	mov	r3, r9
10001178:	191e      	adds	r6, r3, r4
1000117a:	4643      	mov	r3, r8
1000117c:	0a18      	lsrs	r0, r3, #8
1000117e:	2119      	movs	r1, #25
10001180:	f002 fb62 	bl	10003848 <__wrap___aeabi_uidiv>
10001184:	b28b      	uxth	r3, r1
10001186:	210c      	movs	r1, #12
10001188:	4359      	muls	r1, r3
1000118a:	80f1      	strh	r1, [r6, #6]
1000118c:	3c0a      	subs	r4, #10
1000118e:	444c      	add	r4, r9
10001190:	237f      	movs	r3, #127	@ 0x7f
10001192:	4642      	mov	r2, r8
10001194:	4013      	ands	r3, r2
10001196:	3352      	adds	r3, #82	@ 0x52
10001198:	33ff      	adds	r3, #255	@ 0xff
1000119a:	8123      	strh	r3, [r4, #8]
1000119c:	3501      	adds	r5, #1
1000119e:	b2ad      	uxth	r5, r5
100011a0:	455d      	cmp	r5, fp
100011a2:	d20b      	bcs.n	100011bc <_ZNK8TsUnbLib5TsUnb3PhyILm12099962ELm12099962ELm12ELm12ELNS0_12TsUnbUPGModeE0ELh3ENS0_10RadioBurstILt2ELt2EEEE14addTsmaPatternEthtPS4_+0xac>
100011a4:	2301      	movs	r3, #1
100011a6:	4642      	mov	r2, r8
100011a8:	4013      	ands	r3, r2
100011aa:	0852      	lsrs	r2, r2, #1
100011ac:	4690      	mov	r8, r2
100011ae:	2b00      	cmp	r3, #0
100011b0:	d0de      	beq.n	10001170 <_ZNK8TsUnbLib5TsUnb3PhyILm12099962ELm12099962ELm12ELm12ELNS0_12TsUnbUPGModeE0ELh3ENS0_10RadioBurstILt2ELt2EEEE14addTsmaPatternEthtPS4_+0x60>
100011b2:	4b0b      	ldr	r3, [pc, #44]	@ (100011e0 <_ZNK8TsUnbLib5TsUnb3PhyILm12099962ELm12099962ELm12ELm12ELNS0_12TsUnbUPGModeE0ELh3ENS0_10RadioBurstILt2ELt2EEEE14addTsmaPatternEthtPS4_+0xd0>)
100011b4:	4053      	eors	r3, r2
100011b6:	b29b      	uxth	r3, r3
100011b8:	4698      	mov	r8, r3
100011ba:	e7d9      	b.n	10001170 <_ZNK8TsUnbLib5TsUnb3PhyILm12099962ELm12099962ELm12ELm12ELNS0_12TsUnbUPGModeE0ELh3ENS0_10RadioBurstILt2ELt2EEEE14addTsmaPatternEthtPS4_+0x60>
100011bc:	465b      	mov	r3, fp
100011be:	009b      	lsls	r3, r3, #2
100011c0:	445b      	add	r3, fp
100011c2:	005b      	lsls	r3, r3, #1
100011c4:	3b0a      	subs	r3, #10
100011c6:	444b      	add	r3, r9
100011c8:	2200      	movs	r2, #0
100011ca:	811a      	strh	r2, [r3, #8]
100011cc:	b031      	add	sp, #196	@ 0xc4
100011ce:	bcf0      	pop	{r4, r5, r6, r7}
100011d0:	46bb      	mov	fp, r7
100011d2:	46b2      	mov	sl, r6
100011d4:	46a9      	mov	r9, r5
100011d6:	46a0      	mov	r8, r4
100011d8:	bdf0      	pop	{r4, r5, r6, r7, pc}
100011da:	46c0      	nop			@ (mov r8, r8)
100011dc:	10009d3c 	.word	0x10009d3c
100011e0:	ffffb4f3 	.word	0xffffb4f3

100011e4 <_ZN8TsUnbLib5TsUnb3PhyILm12099962ELm12099962ELm12ELm12ELNS0_12TsUnbUPGModeE0ELh3ENS0_10RadioBurstILt2ELt2EEEE6encodeEPS4_PKhthh>:
100011e4:	b5f0      	push	{r4, r5, r6, r7, lr}
100011e6:	46de      	mov	lr, fp
100011e8:	4657      	mov	r7, sl
100011ea:	464e      	mov	r6, r9
100011ec:	4645      	mov	r5, r8
100011ee:	b5e0      	push	{r5, r6, r7, lr}
100011f0:	b08b      	sub	sp, #44	@ 0x2c
100011f2:	af02      	add	r7, sp, #8
100011f4:	4681      	mov	r9, r0
100011f6:	4688      	mov	r8, r1
100011f8:	001c      	movs	r4, r3
100011fa:	2330      	movs	r3, #48	@ 0x30
100011fc:	2118      	movs	r1, #24
100011fe:	185b      	adds	r3, r3, r1
10001200:	19db      	adds	r3, r3, r7
10001202:	781b      	ldrb	r3, [r3, #0]
10001204:	60fb      	str	r3, [r7, #12]
10001206:	2334      	movs	r3, #52	@ 0x34
10001208:	185b      	adds	r3, r3, r1
1000120a:	19db      	adds	r3, r3, r7
1000120c:	7819      	ldrb	r1, [r3, #0]
1000120e:	2cff      	cmp	r4, #255	@ 0xff
10001210:	d900      	bls.n	10001214 <_ZN8TsUnbLib5TsUnb3PhyILm12099962ELm12099962ELm12ELm12ELNS0_12TsUnbUPGModeE0ELh3ENS0_10RadioBurstILt2ELt2EEEE6encodeEPS4_PKhthh+0x30>
10001212:	e0f8      	b.n	10001406 <_ZN8TsUnbLib5TsUnb3PhyILm12099962ELm12099962ELm12ELm12ELNS0_12TsUnbUPGModeE0ELh3ENS0_10RadioBurstILt2ELt2EEEE6encodeEPS4_PKhthh+0x222>
10001214:	2c13      	cmp	r4, #19
10001216:	d90e      	bls.n	10001236 <_ZN8TsUnbLib5TsUnb3PhyILm12099962ELm12099962ELm12ELm12ELNS0_12TsUnbUPGModeE0ELh3ENS0_10RadioBurstILt2ELt2EEEE6encodeEPS4_PKhthh+0x52>
10001218:	1d25      	adds	r5, r4, #4
1000121a:	b2ab      	uxth	r3, r5
1000121c:	613b      	str	r3, [r7, #16]
1000121e:	693b      	ldr	r3, [r7, #16]
10001220:	1e58      	subs	r0, r3, #1
10001222:	6178      	str	r0, [r7, #20]
10001224:	3307      	adds	r3, #7
10001226:	08db      	lsrs	r3, r3, #3
10001228:	00db      	lsls	r3, r3, #3
1000122a:	4668      	mov	r0, sp
1000122c:	1ac3      	subs	r3, r0, r3
1000122e:	469d      	mov	sp, r3
10001230:	ae02      	add	r6, sp, #8
10001232:	2300      	movs	r3, #0
10001234:	e007      	b.n	10001246 <_ZN8TsUnbLib5TsUnb3PhyILm12099962ELm12099962ELm12ELm12ELNS0_12TsUnbUPGModeE0ELh3ENS0_10RadioBurstILt2ELt2EEEE6encodeEPS4_PKhthh+0x62>
10001236:	2318      	movs	r3, #24
10001238:	613b      	str	r3, [r7, #16]
1000123a:	e7f0      	b.n	1000121e <_ZN8TsUnbLib5TsUnb3PhyILm12099962ELm12099962ELm12ELm12ELNS0_12TsUnbUPGModeE0ELh3ENS0_10RadioBurstILt2ELt2EEEE6encodeEPS4_PKhthh+0x3a>
1000123c:	1cd8      	adds	r0, r3, #3
1000123e:	5cd5      	ldrb	r5, [r2, r3]
10001240:	5435      	strb	r5, [r6, r0]
10001242:	3301      	adds	r3, #1
10001244:	b29b      	uxth	r3, r3
10001246:	42a3      	cmp	r3, r4
10001248:	d3f8      	bcc.n	1000123c <_ZN8TsUnbLib5TsUnb3PhyILm12099962ELm12099962ELm12ELm12ELNS0_12TsUnbUPGModeE0ELh3ENS0_10RadioBurstILt2ELt2EEEE6encodeEPS4_PKhthh+0x58>
1000124a:	70b4      	strb	r4, [r6, #2]
1000124c:	1ce3      	adds	r3, r4, #3
1000124e:	0189      	lsls	r1, r1, #6
10001250:	b2cd      	uxtb	r5, r1
10001252:	54f5      	strb	r5, [r6, r3]
10001254:	1cf1      	adds	r1, r6, #3
10001256:	00e2      	lsls	r2, r4, #3
10001258:	3202      	adds	r2, #2
1000125a:	b292      	uxth	r2, r2
1000125c:	4648      	mov	r0, r9
1000125e:	f7ff fd05 	bl	10000c6c <_ZNK8TsUnbLib5TsUnb3PhyILm12099962ELm12099962ELm12ELm12ELNS0_12TsUnbUPGModeE0ELh3ENS0_10RadioBurstILt2ELt2EEEE8calcCRC8EPKht>
10001262:	7070      	strb	r0, [r6, #1]
10001264:	2c13      	cmp	r4, #19
10001266:	d924      	bls.n	100012b2 <_ZN8TsUnbLib5TsUnb3PhyILm12099962ELm12099962ELm12ELm12ELNS0_12TsUnbUPGModeE0ELh3ENS0_10RadioBurstILt2ELt2EEEE6encodeEPS4_PKhthh+0xce>
10001268:	1c71      	adds	r1, r6, #1
1000126a:	2210      	movs	r2, #16
1000126c:	4648      	mov	r0, r9
1000126e:	f7ff fcfd 	bl	10000c6c <_ZNK8TsUnbLib5TsUnb3PhyILm12099962ELm12099962ELm12ELm12ELNS0_12TsUnbUPGModeE0ELh3ENS0_10RadioBurstILt2ELt2EEEE8calcCRC8EPKht>
10001272:	7030      	strb	r0, [r6, #0]
10001274:	7873      	ldrb	r3, [r6, #1]
10001276:	469a      	mov	sl, r3
10001278:	0200      	lsls	r0, r0, #8
1000127a:	4318      	orrs	r0, r3
1000127c:	4b63      	ldr	r3, [pc, #396]	@ (1000140c <_ZN8TsUnbLib5TsUnb3PhyILm12099962ELm12099962ELm12ELm12ELNS0_12TsUnbUPGModeE0ELh3ENS0_10RadioBurstILt2ELt2EEEE6encodeEPS4_PKhthh+0x228>)
1000127e:	4303      	orrs	r3, r0
10001280:	b29b      	uxth	r3, r3
10001282:	60bb      	str	r3, [r7, #8]
10001284:	693c      	ldr	r4, [r7, #16]
10001286:	0022      	movs	r2, r4
10001288:	0031      	movs	r1, r6
1000128a:	4648      	mov	r0, r9
1000128c:	f7ff fd10 	bl	10000cb0 <_ZNK8TsUnbLib5TsUnb3PhyILm12099962ELm12099962ELm12ELm12ELNS0_12TsUnbUPGModeE0ELh3ENS0_10RadioBurstILt2ELt2EEEE10whitenDataEPht>
10001290:	00e3      	lsls	r3, r4, #3
10001292:	b29b      	uxth	r3, r3
10001294:	469b      	mov	fp, r3
10001296:	6979      	ldr	r1, [r7, #20]
10001298:	5c73      	ldrb	r3, [r6, r1]
1000129a:	223f      	movs	r2, #63	@ 0x3f
1000129c:	4393      	bics	r3, r2
1000129e:	5473      	strb	r3, [r6, r1]
100012a0:	2200      	movs	r2, #0
100012a2:	2300      	movs	r3, #0
100012a4:	4658      	mov	r0, fp
100012a6:	e00a      	b.n	100012be <_ZN8TsUnbLib5TsUnb3PhyILm12099962ELm12099962ELm12ELm12ELNS0_12TsUnbUPGModeE0ELh3ENS0_10RadioBurstILt2ELt2EEEE6encodeEPS4_PKhthh+0xda>
100012a8:	1ce3      	adds	r3, r4, #3
100012aa:	2200      	movs	r2, #0
100012ac:	54f2      	strb	r2, [r6, r3]
100012ae:	3401      	adds	r4, #1
100012b0:	b2a4      	uxth	r4, r4
100012b2:	2c13      	cmp	r4, #19
100012b4:	d9f8      	bls.n	100012a8 <_ZN8TsUnbLib5TsUnb3PhyILm12099962ELm12099962ELm12ELm12ELNS0_12TsUnbUPGModeE0ELh3ENS0_10RadioBurstILt2ELt2EEEE6encodeEPS4_PKhthh+0xc4>
100012b6:	75f5      	strb	r5, [r6, #23]
100012b8:	e7d6      	b.n	10001268 <_ZN8TsUnbLib5TsUnb3PhyILm12099962ELm12099962ELm12ELm12ELNS0_12TsUnbUPGModeE0ELh3ENS0_10RadioBurstILt2ELt2EEEE6encodeEPS4_PKhthh+0x84>
100012ba:	3201      	adds	r2, #1
100012bc:	b292      	uxth	r2, r2
100012be:	2a07      	cmp	r2, #7
100012c0:	d811      	bhi.n	100012e6 <_ZN8TsUnbLib5TsUnb3PhyILm12099962ELm12099962ELm12ELm12ELNS0_12TsUnbUPGModeE0ELh3ENS0_10RadioBurstILt2ELt2EEEE6encodeEPS4_PKhthh+0x102>
100012c2:	005b      	lsls	r3, r3, #1
100012c4:	b2db      	uxtb	r3, r3
100012c6:	1814      	adds	r4, r2, r0
100012c8:	b2a4      	uxth	r4, r4
100012ca:	0021      	movs	r1, r4
100012cc:	3918      	subs	r1, #24
100012ce:	b289      	uxth	r1, r1
100012d0:	08c9      	lsrs	r1, r1, #3
100012d2:	2507      	movs	r5, #7
100012d4:	402c      	ands	r4, r5
100012d6:	5c71      	ldrb	r1, [r6, r1]
100012d8:	40a1      	lsls	r1, r4
100012da:	0609      	lsls	r1, r1, #24
100012dc:	d5ed      	bpl.n	100012ba <_ZN8TsUnbLib5TsUnb3PhyILm12099962ELm12099962ELm12ELm12ELNS0_12TsUnbUPGModeE0ELh3ENS0_10RadioBurstILt2ELt2EEEE6encodeEPS4_PKhthh+0xd6>
100012de:	2101      	movs	r1, #1
100012e0:	430b      	orrs	r3, r1
100012e2:	b2db      	uxtb	r3, r3
100012e4:	e7e9      	b.n	100012ba <_ZN8TsUnbLib5TsUnb3PhyILm12099962ELm12099962ELm12ELm12ELNS0_12TsUnbUPGModeE0ELh3ENS0_10RadioBurstILt2ELt2EEEE6encodeEPS4_PKhthh+0xd6>
100012e6:	4683      	mov	fp, r0
100012e8:	2500      	movs	r5, #0
100012ea:	4652      	mov	r2, sl
100012ec:	607a      	str	r2, [r7, #4]
100012ee:	693a      	ldr	r2, [r7, #16]
100012f0:	4692      	mov	sl, r2
100012f2:	617e      	str	r6, [r7, #20]
100012f4:	001e      	movs	r6, r3
100012f6:	e01c      	b.n	10001332 <_ZN8TsUnbLib5TsUnb3PhyILm12099962ELm12099962ELm12ELm12ELNS0_12TsUnbUPGModeE0ELh3ENS0_10RadioBurstILt2ELt2EEEE6encodeEPS4_PKhthh+0x14e>
100012f8:	4459      	add	r1, fp
100012fa:	b208      	sxth	r0, r1
100012fc:	e021      	b.n	10001342 <_ZN8TsUnbLib5TsUnb3PhyILm12099962ELm12099962ELm12ELm12ELNS0_12TsUnbUPGModeE0ELh3ENS0_10RadioBurstILt2ELt2EEEE6encodeEPS4_PKhthh+0x15e>
100012fe:	0069      	lsls	r1, r5, #1
10001300:	1869      	adds	r1, r5, r1
10001302:	b289      	uxth	r1, r1
10001304:	1909      	adds	r1, r1, r4
10001306:	b289      	uxth	r1, r1
10001308:	4652      	mov	r2, sl
1000130a:	4648      	mov	r0, r9
1000130c:	f7ff fcee 	bl	10000cec <_ZNK8TsUnbLib5TsUnb3PhyILm12099962ELm12099962ELm12ELm12ELNS0_12TsUnbUPGModeE0ELh3ENS0_10RadioBurstILt2ELt2EEEE16getRadioBurstIdxEtt>
10001310:	0002      	movs	r2, r0
10001312:	0083      	lsls	r3, r0, #2
10001314:	181b      	adds	r3, r3, r0
10001316:	005b      	lsls	r3, r3, #1
10001318:	211c      	movs	r1, #28
1000131a:	1879      	adds	r1, r7, r1
1000131c:	5d09      	ldrb	r1, [r1, r4]
1000131e:	4443      	add	r3, r8
10001320:	0018      	movs	r0, r3
10001322:	f7ff fd09 	bl	10000d38 <_ZN8TsUnbLib5TsUnb10RadioBurstILt2ELt2EE17writeSubPacketBitEht>
10001326:	3401      	adds	r4, #1
10001328:	b2e4      	uxtb	r4, r4
1000132a:	2c02      	cmp	r4, #2
1000132c:	d9e7      	bls.n	100012fe <_ZN8TsUnbLib5TsUnb3PhyILm12099962ELm12099962ELm12ELm12ELNS0_12TsUnbUPGModeE0ELh3ENS0_10RadioBurstILt2ELt2EEEE6encodeEPS4_PKhthh+0x11a>
1000132e:	3501      	adds	r5, #1
10001330:	b2ad      	uxth	r5, r5
10001332:	455d      	cmp	r5, fp
10001334:	d233      	bcs.n	1000139e <_ZN8TsUnbLib5TsUnb3PhyILm12099962ELm12099962ELm12ELm12ELNS0_12TsUnbUPGModeE0ELh3ENS0_10RadioBurstILt2ELt2EEEE6encodeEPS4_PKhthh+0x1ba>
10001336:	002a      	movs	r2, r5
10001338:	3a10      	subs	r2, #16
1000133a:	b291      	uxth	r1, r2
1000133c:	b210      	sxth	r0, r2
1000133e:	0412      	lsls	r2, r2, #16
10001340:	d4da      	bmi.n	100012f8 <_ZN8TsUnbLib5TsUnb3PhyILm12099962ELm12099962ELm12ELm12ELNS0_12TsUnbUPGModeE0ELh3ENS0_10RadioBurstILt2ELt2EEEE6encodeEPS4_PKhthh+0x114>
10001342:	0076      	lsls	r6, r6, #1
10001344:	b2f6      	uxtb	r6, r6
10001346:	08c2      	lsrs	r2, r0, #3
10001348:	2107      	movs	r1, #7
1000134a:	4001      	ands	r1, r0
1000134c:	697b      	ldr	r3, [r7, #20]
1000134e:	5c9a      	ldrb	r2, [r3, r2]
10001350:	408a      	lsls	r2, r1
10001352:	0612      	lsls	r2, r2, #24
10001354:	d502      	bpl.n	1000135c <_ZN8TsUnbLib5TsUnb3PhyILm12099962ELm12099962ELm12ELm12ELNS0_12TsUnbUPGModeE0ELh3ENS0_10RadioBurstILt2ELt2EEEE6encodeEPS4_PKhthh+0x178>
10001356:	2201      	movs	r2, #1
10001358:	4316      	orrs	r6, r2
1000135a:	b2f6      	uxtb	r6, r6
1000135c:	225b      	movs	r2, #91	@ 0x5b
1000135e:	4032      	ands	r2, r6
10001360:	0911      	lsrs	r1, r2, #4
10001362:	404a      	eors	r2, r1
10001364:	0891      	lsrs	r1, r2, #2
10001366:	404a      	eors	r2, r1
10001368:	0851      	lsrs	r1, r2, #1
1000136a:	404a      	eors	r2, r1
1000136c:	2101      	movs	r1, #1
1000136e:	400a      	ands	r2, r1
10001370:	773a      	strb	r2, [r7, #28]
10001372:	2265      	movs	r2, #101	@ 0x65
10001374:	4032      	ands	r2, r6
10001376:	0910      	lsrs	r0, r2, #4
10001378:	4042      	eors	r2, r0
1000137a:	0890      	lsrs	r0, r2, #2
1000137c:	4042      	eors	r2, r0
1000137e:	0850      	lsrs	r0, r2, #1
10001380:	4042      	eors	r2, r0
10001382:	400a      	ands	r2, r1
10001384:	777a      	strb	r2, [r7, #29]
10001386:	227d      	movs	r2, #125	@ 0x7d
10001388:	4032      	ands	r2, r6
1000138a:	0910      	lsrs	r0, r2, #4
1000138c:	4042      	eors	r2, r0
1000138e:	0890      	lsrs	r0, r2, #2
10001390:	4042      	eors	r2, r0
10001392:	0850      	lsrs	r0, r2, #1
10001394:	4042      	eors	r2, r0
10001396:	4011      	ands	r1, r2
10001398:	77b9      	strb	r1, [r7, #30]
1000139a:	2400      	movs	r4, #0
1000139c:	e7c5      	b.n	1000132a <_ZN8TsUnbLib5TsUnb3PhyILm12099962ELm12099962ELm12ELm12ELNS0_12TsUnbUPGModeE0ELh3ENS0_10RadioBurstILt2ELt2EEEE6encodeEPS4_PKhthh+0x146>
1000139e:	687b      	ldr	r3, [r7, #4]
100013a0:	469a      	mov	sl, r3
100013a2:	2600      	movs	r6, #0
100013a4:	693d      	ldr	r5, [r7, #16]
100013a6:	e00c      	b.n	100013c2 <_ZN8TsUnbLib5TsUnb3PhyILm12099962ELm12099962ELm12ELm12ELNS0_12TsUnbUPGModeE0ELh3ENS0_10RadioBurstILt2ELt2EEEE6encodeEPS4_PKhthh+0x1de>
100013a8:	00b4      	lsls	r4, r6, #2
100013aa:	19a4      	adds	r4, r4, r6
100013ac:	0064      	lsls	r4, r4, #1
100013ae:	4444      	add	r4, r8
100013b0:	0031      	movs	r1, r6
100013b2:	0020      	movs	r0, r4
100013b4:	f7ff fcd6 	bl	10000d64 <_ZN8TsUnbLib5TsUnb10RadioBurstILt2ELt2EE11addMidambleEt>
100013b8:	0020      	movs	r0, r4
100013ba:	f7ff fd35 	bl	10000e28 <_ZN8TsUnbLib5TsUnb10RadioBurstILt2ELt2EE23differentialMSKEncodingEv>
100013be:	3601      	adds	r6, #1
100013c0:	b2b6      	uxth	r6, r6
100013c2:	42ae      	cmp	r6, r5
100013c4:	d3f0      	bcc.n	100013a8 <_ZN8TsUnbLib5TsUnb3PhyILm12099962ELm12099962ELm12ELm12ELNS0_12TsUnbUPGModeE0ELh3ENS0_10RadioBurstILt2ELt2EEEE6encodeEPS4_PKhthh+0x1c4>
100013c6:	2207      	movs	r2, #7
100013c8:	68fb      	ldr	r3, [r7, #12]
100013ca:	401a      	ands	r2, r3
100013cc:	4643      	mov	r3, r8
100013ce:	9300      	str	r3, [sp, #0]
100013d0:	68bb      	ldr	r3, [r7, #8]
100013d2:	6939      	ldr	r1, [r7, #16]
100013d4:	4648      	mov	r0, r9
100013d6:	f7ff fe9b 	bl	10001110 <_ZNK8TsUnbLib5TsUnb3PhyILm12099962ELm12099962ELm12ELm12ELNS0_12TsUnbUPGModeE0ELh3ENS0_10RadioBurstILt2ELt2EEEE14addTsmaPatternEthtPS4_>
100013da:	207f      	movs	r0, #127	@ 0x7f
100013dc:	4653      	mov	r3, sl
100013de:	4018      	ands	r0, r3
100013e0:	2103      	movs	r1, #3
100013e2:	f002 fa09 	bl	100037f8 <__wrap___aeabi_idiv>
100013e6:	b249      	sxtb	r1, r1
100013e8:	3901      	subs	r1, #1
100013ea:	0048      	lsls	r0, r1, #1
100013ec:	1840      	adds	r0, r0, r1
100013ee:	0080      	lsls	r0, r0, #2
100013f0:	4b07      	ldr	r3, [pc, #28]	@ (10001410 <_ZN8TsUnbLib5TsUnb3PhyILm12099962ELm12099962ELm12ELm12ELNS0_12TsUnbUPGModeE0ELh3ENS0_10RadioBurstILt2ELt2EEEE6encodeEPS4_PKhthh+0x22c>)
100013f2:	469c      	mov	ip, r3
100013f4:	4460      	add	r0, ip
100013f6:	46bd      	mov	sp, r7
100013f8:	b009      	add	sp, #36	@ 0x24
100013fa:	bcf0      	pop	{r4, r5, r6, r7}
100013fc:	46bb      	mov	fp, r7
100013fe:	46b2      	mov	sl, r6
10001400:	46a9      	mov	r9, r5
10001402:	46a0      	mov	r8, r4
10001404:	bdf0      	pop	{r4, r5, r6, r7, pc}
10001406:	2000      	movs	r0, #0
10001408:	e7f5      	b.n	100013f6 <_ZN8TsUnbLib5TsUnb3PhyILm12099962ELm12099962ELm12ELm12ELNS0_12TsUnbUPGModeE0ELh3ENS0_10RadioBurstILt2ELt2EEEE6encodeEPS4_PKhthh+0x212>
1000140a:	46c0      	nop			@ (mov r8, r8)
1000140c:	ffff8000 	.word	0xffff8000
10001410:	00b8a0ea 	.word	0x00b8a0ea

10001414 <_ZN8TsUnbLib5TsUnb10SimpleNodeINS0_14FixedUplinkMacENS0_3PhyILm12099962ELm12099962ELm12ELm12ELNS0_12TsUnbUPGModeE0ELh3ENS0_10RadioBurstILt2ELt2EEEEENS_3Trx6SX1280INS_6RPPico11RPPicoTsUnbILt48EEELm3ES6_EELb0EE4sendEPKhthb>:
10001414:	b5f0      	push	{r4, r5, r6, r7, lr}
10001416:	46de      	mov	lr, fp
10001418:	4657      	mov	r7, sl
1000141a:	464e      	mov	r6, r9
1000141c:	4645      	mov	r5, r8
1000141e:	b5e0      	push	{r5, r6, r7, lr}
10001420:	b089      	sub	sp, #36	@ 0x24
10001422:	af02      	add	r7, sp, #8
10001424:	0005      	movs	r5, r0
10001426:	2040      	movs	r0, #64	@ 0x40
10001428:	1838      	adds	r0, r7, r0
1000142a:	7800      	ldrb	r0, [r0, #0]
1000142c:	4682      	mov	sl, r0
1000142e:	001c      	movs	r4, r3
10001430:	1e60      	subs	r0, r4, #1
10001432:	4184      	sbcs	r4, r0
10001434:	b2e4      	uxtb	r4, r4
10001436:	b2d6      	uxtb	r6, r2
10001438:	0030      	movs	r0, r6
1000143a:	300a      	adds	r0, #10
1000143c:	b2c0      	uxtb	r0, r0
1000143e:	2b00      	cmp	r3, #0
10001440:	d001      	beq.n	10001446 <_ZN8TsUnbLib5TsUnb10SimpleNodeINS0_14FixedUplinkMacENS0_3PhyILm12099962ELm12099962ELm12ELm12ELNS0_12TsUnbUPGModeE0ELh3ENS0_10RadioBurstILt2ELt2EEEEENS_3Trx6SX1280INS_6RPPico11RPPicoTsUnbILt48EEELm3ES6_EELb0EE4sendEPKhthb+0x32>
10001442:	360b      	adds	r6, #11
10001444:	b2f0      	uxtb	r0, r6
10001446:	2628      	movs	r6, #40	@ 0x28
10001448:	5dae      	ldrb	r6, [r5, r6]
1000144a:	0776      	lsls	r6, r6, #29
1000144c:	d501      	bpl.n	10001452 <_ZN8TsUnbLib5TsUnb10SimpleNodeINS0_14FixedUplinkMacENS0_3PhyILm12099962ELm12099962ELm12ELm12ELNS0_12TsUnbUPGModeE0ELh3ENS0_10RadioBurstILt2ELt2EEEEENS_3Trx6SX1280INS_6RPPico11RPPicoTsUnbILt48EEELm3ES6_EELb0EE4sendEPKhthb+0x3e>
1000144e:	3006      	adds	r0, #6
10001450:	b2c0      	uxtb	r0, r0
10001452:	4680      	mov	r8, r0
10001454:	2800      	cmp	r0, #0
10001456:	d100      	bne.n	1000145a <_ZN8TsUnbLib5TsUnb10SimpleNodeINS0_14FixedUplinkMacENS0_3PhyILm12099962ELm12099962ELm12ELm12ELNS0_12TsUnbUPGModeE0ELh3ENS0_10RadioBurstILt2ELt2EEEEENS_3Trx6SX1280INS_6RPPico11RPPicoTsUnbILt48EEELm3ES6_EELb0EE4sendEPKhthb+0x46>
10001458:	e074      	b.n	10001544 <_ZN8TsUnbLib5TsUnb10SimpleNodeINS0_14FixedUplinkMacENS0_3PhyILm12099962ELm12099962ELm12ELm12ELNS0_12TsUnbUPGModeE0ELh3ENS0_10RadioBurstILt2ELt2EEEEENS_3Trx6SX1280INS_6RPPico11RPPicoTsUnbILt48EEELm3ES6_EELb0EE4sendEPKhthb+0x130>
1000145a:	3007      	adds	r0, #7
1000145c:	08c0      	lsrs	r0, r0, #3
1000145e:	00c0      	lsls	r0, r0, #3
10001460:	466e      	mov	r6, sp
10001462:	1a30      	subs	r0, r6, r0
10001464:	4685      	mov	sp, r0
10001466:	a802      	add	r0, sp, #8
10001468:	4681      	mov	r9, r0
1000146a:	0028      	movs	r0, r5
1000146c:	3008      	adds	r0, #8
1000146e:	9301      	str	r3, [sp, #4]
10001470:	9400      	str	r4, [sp, #0]
10001472:	0013      	movs	r3, r2
10001474:	000a      	movs	r2, r1
10001476:	4649      	mov	r1, r9
10001478:	f7ff f9ab 	bl	100007d2 <_ZN8TsUnbLib5TsUnb14FixedUplinkMac6encodeEPhPKhtbh>
1000147c:	4643      	mov	r3, r8
1000147e:	2b13      	cmp	r3, #19
10001480:	d912      	bls.n	100014a8 <_ZN8TsUnbLib5TsUnb10SimpleNodeINS0_14FixedUplinkMacENS0_3PhyILm12099962ELm12099962ELm12ELm12ELNS0_12TsUnbUPGModeE0ELh3ENS0_10RadioBurstILt2ELt2EEEEENS_3Trx6SX1280INS_6RPPico11RPPicoTsUnbILt48EEELm3ES6_EELb0EE4sendEPKhthb+0x94>
10001482:	1d1e      	adds	r6, r3, #4
10001484:	b2b6      	uxth	r6, r6
10001486:	1e70      	subs	r0, r6, #1
10001488:	00b3      	lsls	r3, r6, #2
1000148a:	199b      	adds	r3, r3, r6
1000148c:	005b      	lsls	r3, r3, #1
1000148e:	3307      	adds	r3, #7
10001490:	08db      	lsrs	r3, r3, #3
10001492:	00db      	lsls	r3, r3, #3
10001494:	466a      	mov	r2, sp
10001496:	1ad3      	subs	r3, r2, r3
10001498:	469d      	mov	sp, r3
1000149a:	2409      	movs	r4, #9
1000149c:	446c      	add	r4, sp
1000149e:	0864      	lsrs	r4, r4, #1
100014a0:	0063      	lsls	r3, r4, #1
100014a2:	469b      	mov	fp, r3
100014a4:	0019      	movs	r1, r3
100014a6:	e009      	b.n	100014bc <_ZN8TsUnbLib5TsUnb10SimpleNodeINS0_14FixedUplinkMacENS0_3PhyILm12099962ELm12099962ELm12ELm12ELNS0_12TsUnbUPGModeE0ELh3ENS0_10RadioBurstILt2ELt2EEEEENS_3Trx6SX1280INS_6RPPico11RPPicoTsUnbILt48EEELm3ES6_EELb0EE4sendEPKhthb+0xa8>
100014a8:	2618      	movs	r6, #24
100014aa:	e7ec      	b.n	10001486 <_ZN8TsUnbLib5TsUnb10SimpleNodeINS0_14FixedUplinkMacENS0_3PhyILm12099962ELm12099962ELm12ELm12ELNS0_12TsUnbUPGModeE0ELh3ENS0_10RadioBurstILt2ELt2EEEEENS_3Trx6SX1280INS_6RPPico11RPPicoTsUnbILt48EEELm3ES6_EELb0EE4sendEPKhthb+0x72>
100014ac:	2200      	movs	r2, #0
100014ae:	54ca      	strb	r2, [r1, r3]
100014b0:	3301      	adds	r3, #1
100014b2:	b29b      	uxth	r3, r3
100014b4:	2b04      	cmp	r3, #4
100014b6:	d9f9      	bls.n	100014ac <_ZN8TsUnbLib5TsUnb10SimpleNodeINS0_14FixedUplinkMacENS0_3PhyILm12099962ELm12099962ELm12ELm12ELNS0_12TsUnbUPGModeE0ELh3ENS0_10RadioBurstILt2ELt2EEEEENS_3Trx6SX1280INS_6RPPico11RPPicoTsUnbILt48EEELm3ES6_EELb0EE4sendEPKhthb+0x98>
100014b8:	3801      	subs	r0, #1
100014ba:	310a      	adds	r1, #10
100014bc:	2800      	cmp	r0, #0
100014be:	db05      	blt.n	100014cc <_ZN8TsUnbLib5TsUnb10SimpleNodeINS0_14FixedUplinkMacENS0_3PhyILm12099962ELm12099962ELm12ELm12ELNS0_12TsUnbUPGModeE0ELh3ENS0_10RadioBurstILt2ELt2EEEEENS_3Trx6SX1280INS_6RPPico11RPPicoTsUnbILt48EEELm3ES6_EELb0EE4sendEPKhthb+0xb8>
100014c0:	2301      	movs	r3, #1
100014c2:	425b      	negs	r3, r3
100014c4:	80cb      	strh	r3, [r1, #6]
100014c6:	2300      	movs	r3, #0
100014c8:	810b      	strh	r3, [r1, #8]
100014ca:	e7f3      	b.n	100014b4 <_ZN8TsUnbLib5TsUnb10SimpleNodeINS0_14FixedUplinkMacENS0_3PhyILm12099962ELm12099962ELm12ELm12ELNS0_12TsUnbUPGModeE0ELh3ENS0_10RadioBurstILt2ELt2EEEEENS_3Trx6SX1280INS_6RPPico11RPPicoTsUnbILt48EEELm3ES6_EELb0EE4sendEPKhthb+0xa0>
100014cc:	4653      	mov	r3, sl
100014ce:	2b00      	cmp	r3, #0
100014d0:	d01a      	beq.n	10001508 <_ZN8TsUnbLib5TsUnb10SimpleNodeINS0_14FixedUplinkMacENS0_3PhyILm12099962ELm12099962ELm12ELm12ELNS0_12TsUnbUPGModeE0ELh3ENS0_10RadioBurstILt2ELt2EEEEENS_3Trx6SX1280INS_6RPPico11RPPicoTsUnbILt48EEELm3ES6_EELb0EE4sendEPKhthb+0xf4>
100014d2:	2300      	movs	r3, #0
100014d4:	9301      	str	r3, [sp, #4]
100014d6:	3306      	adds	r3, #6
100014d8:	9300      	str	r3, [sp, #0]
100014da:	4643      	mov	r3, r8
100014dc:	464a      	mov	r2, r9
100014de:	4659      	mov	r1, fp
100014e0:	2014      	movs	r0, #20
100014e2:	1838      	adds	r0, r7, r0
100014e4:	f7ff fe7e 	bl	100011e4 <_ZN8TsUnbLib5TsUnb3PhyILm12099962ELm12099962ELm12ELm12ELNS0_12TsUnbUPGModeE0ELh3ENS0_10RadioBurstILt2ELt2EEEE6encodeEPS4_PKhthh>
100014e8:	0003      	movs	r3, r0
100014ea:	2b00      	cmp	r3, #0
100014ec:	d02d      	beq.n	1000154a <_ZN8TsUnbLib5TsUnb10SimpleNodeINS0_14FixedUplinkMacENS0_3PhyILm12099962ELm12099962ELm12ELm12ELNS0_12TsUnbUPGModeE0ELh3ENS0_10RadioBurstILt2ELt2EEEEENS_3Trx6SX1280INS_6RPPico11RPPicoTsUnbILt48EEELm3ES6_EELb0EE4sendEPKhthb+0x136>
100014ee:	0032      	movs	r2, r6
100014f0:	4659      	mov	r1, fp
100014f2:	0028      	movs	r0, r5
100014f4:	f7ff fd20 	bl	10000f38 <_ZN8TsUnbLib3Trx6SX1280INS_6RPPico11RPPicoTsUnbILt48EEELm3ENS_5TsUnb10RadioBurstILt2ELt2EEEE8transmitEPKS7_tm>
100014f8:	46bd      	mov	sp, r7
100014fa:	b007      	add	sp, #28
100014fc:	bcf0      	pop	{r4, r5, r6, r7}
100014fe:	46bb      	mov	fp, r7
10001500:	46b2      	mov	sl, r6
10001502:	46a9      	mov	r9, r5
10001504:	46a0      	mov	r8, r4
10001506:	bdf0      	pop	{r4, r5, r6, r7, pc}
10001508:	6a6b      	ldr	r3, [r5, #36]	@ 0x24
1000150a:	469c      	mov	ip, r3
1000150c:	1d3b      	adds	r3, r7, #4
1000150e:	469a      	mov	sl, r3
10001510:	4b0f      	ldr	r3, [pc, #60]	@ (10001550 <_ZN8TsUnbLib5TsUnb10SimpleNodeINS0_14FixedUplinkMacENS0_3PhyILm12099962ELm12099962ELm12ELm12ELNS0_12TsUnbUPGModeE0ELh3ENS0_10RadioBurstILt2ELt2EEEEENS_3Trx6SX1280INS_6RPPico11RPPicoTsUnbILt48EEELm3ES6_EELb0EE4sendEPKhthb+0x13c>)
10001512:	4652      	mov	r2, sl
10001514:	cb13      	ldmia	r3!, {r0, r1, r4}
10001516:	c213      	stmia	r2!, {r0, r1, r4}
10001518:	8819      	ldrh	r1, [r3, #0]
1000151a:	8011      	strh	r1, [r2, #0]
1000151c:	789b      	ldrb	r3, [r3, #2]
1000151e:	7093      	strb	r3, [r2, #2]
10001520:	210f      	movs	r1, #15
10001522:	4660      	mov	r0, ip
10001524:	f002 f990 	bl	10003848 <__wrap___aeabi_uidiv>
10001528:	4653      	mov	r3, sl
1000152a:	5c5b      	ldrb	r3, [r3, r1]
1000152c:	2200      	movs	r2, #0
1000152e:	9201      	str	r2, [sp, #4]
10001530:	9300      	str	r3, [sp, #0]
10001532:	4643      	mov	r3, r8
10001534:	464a      	mov	r2, r9
10001536:	4659      	mov	r1, fp
10001538:	2014      	movs	r0, #20
1000153a:	1838      	adds	r0, r7, r0
1000153c:	f7ff fe52 	bl	100011e4 <_ZN8TsUnbLib5TsUnb3PhyILm12099962ELm12099962ELm12ELm12ELNS0_12TsUnbUPGModeE0ELh3ENS0_10RadioBurstILt2ELt2EEEE6encodeEPS4_PKhthh>
10001540:	0003      	movs	r3, r0
10001542:	e7d2      	b.n	100014ea <_ZN8TsUnbLib5TsUnb10SimpleNodeINS0_14FixedUplinkMacENS0_3PhyILm12099962ELm12099962ELm12ELm12ELNS0_12TsUnbUPGModeE0ELh3ENS0_10RadioBurstILt2ELt2EEEEENS_3Trx6SX1280INS_6RPPico11RPPicoTsUnbILt48EEELm3ES6_EELb0EE4sendEPKhthb+0xd6>
10001544:	2001      	movs	r0, #1
10001546:	4240      	negs	r0, r0
10001548:	e7d6      	b.n	100014f8 <_ZN8TsUnbLib5TsUnb10SimpleNodeINS0_14FixedUplinkMacENS0_3PhyILm12099962ELm12099962ELm12ELm12ELNS0_12TsUnbUPGModeE0ELh3ENS0_10RadioBurstILt2ELt2EEEEENS_3Trx6SX1280INS_6RPPico11RPPicoTsUnbILt48EEELm3ES6_EELb0EE4sendEPKhthb+0xe4>
1000154a:	2001      	movs	r0, #1
1000154c:	4240      	negs	r0, r0
1000154e:	e7d3      	b.n	100014f8 <_ZN8TsUnbLib5TsUnb10SimpleNodeINS0_14FixedUplinkMacENS0_3PhyILm12099962ELm12099962ELm12ELm12ELNS0_12TsUnbUPGModeE0ELh3ENS0_10RadioBurstILt2ELt2EEEEENS_3Trx6SX1280INS_6RPPico11RPPicoTsUnbILt48EEELm3ES6_EELb0EE4sendEPKhthb+0xe4>
10001550:	10009dfc 	.word	0x10009dfc

10001554 <_GLOBAL__sub_I__ZN8TsUnbLib6RPPico14TimeAddedDelayE>:
10001554:	b510      	push	{r4, lr}
10001556:	f7ff fa19 	bl	1000098c <_Z41__static_initialization_and_destruction_0v>
1000155a:	bd10      	pop	{r4, pc}

1000155c <main>:
1000155c:	b510      	push	{r4, lr}
1000155e:	b098      	sub	sp, #96	@ 0x60
10001560:	f004 fbe0 	bl	10005d24 <stdio_init_all>
10001564:	2312      	movs	r3, #18
10001566:	9302      	str	r3, [sp, #8]
10001568:	3b02      	subs	r3, #2
1000156a:	9301      	str	r3, [sp, #4]
1000156c:	3303      	adds	r3, #3
1000156e:	9300      	str	r3, [sp, #0]
10001570:	3b0d      	subs	r3, #13
10001572:	2207      	movs	r2, #7
10001574:	2111      	movs	r1, #17
10001576:	a810      	add	r0, sp, #64	@ 0x40
10001578:	f000 fbf6 	bl	10001d68 <_ZN9SX1280HalC1Ejjjjjj>
1000157c:	f000 fcee 	bl	10001f5c <_Z21waitUntilUsbConnectedv>
10001580:	a810      	add	r0, sp, #64	@ 0x40
10001582:	f000 fc69 	bl	10001e58 <_Z15initializeRadioR9SX1280Hal>
10001586:	f000 fcdf 	bl	10001f48 <_Z13initializeLedv>
1000158a:	a810      	add	r0, sp, #64	@ 0x40
1000158c:	f000 fc28 	bl	10001de0 <_Z16prepareForBeaconR9SX1280Hal>
10001590:	e02c      	b.n	100015ec <main+0x90>
10001592:	4a21      	ldr	r2, [pc, #132]	@ (10001618 <main+0xbc>)
10001594:	5cd1      	ldrb	r1, [r2, r3]
10001596:	aa04      	add	r2, sp, #16
10001598:	54d1      	strb	r1, [r2, r3]
1000159a:	3301      	adds	r3, #1
1000159c:	2b0f      	cmp	r3, #15
1000159e:	ddf8      	ble.n	10001592 <main+0x36>
100015a0:	481e      	ldr	r0, [pc, #120]	@ (1000161c <main+0xc0>)
100015a2:	2300      	movs	r3, #0
100015a4:	9300      	str	r3, [sp, #0]
100015a6:	2210      	movs	r2, #16
100015a8:	a904      	add	r1, sp, #16
100015aa:	f7ff ff33 	bl	10001414 <_ZN8TsUnbLib5TsUnb10SimpleNodeINS0_14FixedUplinkMacENS0_3PhyILm12099962ELm12099962ELm12ELm12ELNS0_12TsUnbUPGModeE0ELh3ENS0_10RadioBurstILt2ELt2EEEEENS_3Trx6SX1280INS_6RPPico11RPPicoTsUnbILt48EEELm3ES6_EELb0EE4sendEPKhthb>
100015ae:	481c      	ldr	r0, [pc, #112]	@ (10001620 <main+0xc4>)
100015b0:	f004 fbbc 	bl	10005d2c <__wrap_puts>
100015b4:	481b      	ldr	r0, [pc, #108]	@ (10001624 <main+0xc8>)
100015b6:	f004 fbb9 	bl	10005d2c <__wrap_puts>
100015ba:	20fa      	movs	r0, #250	@ 0xfa
100015bc:	0080      	lsls	r0, r0, #2
100015be:	f001 fd9d 	bl	100030fc <sleep_ms>
100015c2:	2312      	movs	r3, #18
100015c4:	9302      	str	r3, [sp, #8]
100015c6:	3b02      	subs	r3, #2
100015c8:	9301      	str	r3, [sp, #4]
100015ca:	3303      	adds	r3, #3
100015cc:	9300      	str	r3, [sp, #0]
100015ce:	3b0d      	subs	r3, #13
100015d0:	2207      	movs	r2, #7
100015d2:	2111      	movs	r1, #17
100015d4:	a808      	add	r0, sp, #32
100015d6:	f000 fbc7 	bl	10001d68 <_ZN9SX1280HalC1Ejjjjjj>
100015da:	a808      	add	r0, sp, #32
100015dc:	f000 fc3c 	bl	10001e58 <_Z15initializeRadioR9SX1280Hal>
100015e0:	a808      	add	r0, sp, #32
100015e2:	f000 fbfd 	bl	10001de0 <_Z16prepareForBeaconR9SX1280Hal>
100015e6:	a808      	add	r0, sp, #32
100015e8:	f000 f826 	bl	10001638 <_ZN9SX1280HalD1Ev>
100015ec:	2400      	movs	r4, #0
100015ee:	4b0e      	ldr	r3, [pc, #56]	@ (10001628 <main+0xcc>)
100015f0:	781b      	ldrb	r3, [r3, #0]
100015f2:	4a0e      	ldr	r2, [pc, #56]	@ (1000162c <main+0xd0>)
100015f4:	7812      	ldrb	r2, [r2, #0]
100015f6:	490e      	ldr	r1, [pc, #56]	@ (10001630 <main+0xd4>)
100015f8:	20fa      	movs	r0, #250	@ 0xfa
100015fa:	0080      	lsls	r0, r0, #2
100015fc:	9000      	str	r0, [sp, #0]
100015fe:	a810      	add	r0, sp, #64	@ 0x40
10001600:	f000 fc46 	bl	10001e90 <_Z12transmitDataR9SX1280HalPKhhhm>
10001604:	3401      	adds	r4, #1
10001606:	2c01      	cmp	r4, #1
10001608:	ddf1      	ble.n	100015ee <main+0x92>
1000160a:	480a      	ldr	r0, [pc, #40]	@ (10001634 <main+0xd8>)
1000160c:	f004 fb8e 	bl	10005d2c <__wrap_puts>
10001610:	f7ff faee 	bl	10000bf0 <_Z15prepareForMiotyv>
10001614:	2300      	movs	r3, #0
10001616:	e7c1      	b.n	1000159c <main+0x40>
10001618:	20000cac 	.word	0x20000cac
1000161c:	20001460 	.word	0x20001460
10001620:	10008ea4 	.word	0x10008ea4
10001624:	10008eb0 	.word	0x10008eb0
10001628:	20000c88 	.word	0x20000c88
1000162c:	20000c89 	.word	0x20000c89
10001630:	20000c8c 	.word	0x20000c8c
10001634:	10008e90 	.word	0x10008e90

10001638 <_ZN9SX1280HalD1Ev>:
10001638:	4b02      	ldr	r3, [pc, #8]	@ (10001644 <_ZN9SX1280HalD1Ev+0xc>)
1000163a:	6003      	str	r3, [r0, #0]
1000163c:	4b02      	ldr	r3, [pc, #8]	@ (10001648 <_ZN9SX1280HalD1Ev+0x10>)
1000163e:	6003      	str	r3, [r0, #0]
10001640:	4770      	bx	lr
10001642:	46c0      	nop			@ (mov r8, r8)
10001644:	10009e94 	.word	0x10009e94
10001648:	10009e14 	.word	0x10009e14

1000164c <_ZN9SX1280Hal10SetStandbyE19RadioStandbyModes_t>:
1000164c:	b530      	push	{r4, r5, lr}
1000164e:	b083      	sub	sp, #12
10001650:	0004      	movs	r4, r0
10001652:	466b      	mov	r3, sp
10001654:	71d9      	strb	r1, [r3, #7]
10001656:	6803      	ldr	r3, [r0, #0]
10001658:	6add      	ldr	r5, [r3, #44]	@ 0x2c
1000165a:	2301      	movs	r3, #1
1000165c:	466a      	mov	r2, sp
1000165e:	3207      	adds	r2, #7
10001660:	2180      	movs	r1, #128	@ 0x80
10001662:	47a8      	blx	r5
10001664:	466b      	mov	r3, sp
10001666:	79db      	ldrb	r3, [r3, #7]
10001668:	2b00      	cmp	r3, #0
1000166a:	d103      	bne.n	10001674 <_ZN9SX1280Hal10SetStandbyE19RadioStandbyModes_t+0x28>
1000166c:	3303      	adds	r3, #3
1000166e:	7163      	strb	r3, [r4, #5]
10001670:	b003      	add	sp, #12
10001672:	bd30      	pop	{r4, r5, pc}
10001674:	2304      	movs	r3, #4
10001676:	7163      	strb	r3, [r4, #5]
10001678:	e7fa      	b.n	10001670 <_ZN9SX1280Hal10SetStandbyE19RadioStandbyModes_t+0x24>

1000167a <_ZN9SX1280Hal16SetRegulatorModeE21RadioRegulatorModes_t>:
1000167a:	b510      	push	{r4, lr}
1000167c:	b082      	sub	sp, #8
1000167e:	466b      	mov	r3, sp
10001680:	1dda      	adds	r2, r3, #7
10001682:	7011      	strb	r1, [r2, #0]
10001684:	6803      	ldr	r3, [r0, #0]
10001686:	6adc      	ldr	r4, [r3, #44]	@ 0x2c
10001688:	2301      	movs	r3, #1
1000168a:	2196      	movs	r1, #150	@ 0x96
1000168c:	47a0      	blx	r4
1000168e:	b002      	add	sp, #8
10001690:	bd10      	pop	{r4, pc}

10001692 <_ZN9SX1280Hal13WriteRegisterEth>:
10001692:	b510      	push	{r4, lr}
10001694:	b082      	sub	sp, #8
10001696:	0013      	movs	r3, r2
10001698:	466a      	mov	r2, sp
1000169a:	3207      	adds	r2, #7
1000169c:	7013      	strb	r3, [r2, #0]
1000169e:	6803      	ldr	r3, [r0, #0]
100016a0:	69dc      	ldr	r4, [r3, #28]
100016a2:	2301      	movs	r3, #1
100016a4:	47a0      	blx	r4
100016a6:	b002      	add	sp, #8
100016a8:	bd10      	pop	{r4, pc}

100016aa <_ZN9SX1280Hal12ReadRegisterEt>:
100016aa:	b530      	push	{r4, r5, lr}
100016ac:	b083      	sub	sp, #12
100016ae:	466b      	mov	r3, sp
100016b0:	1ddc      	adds	r4, r3, #7
100016b2:	6803      	ldr	r3, [r0, #0]
100016b4:	6a5d      	ldr	r5, [r3, #36]	@ 0x24
100016b6:	2301      	movs	r3, #1
100016b8:	0022      	movs	r2, r4
100016ba:	47a8      	blx	r5
100016bc:	7820      	ldrb	r0, [r4, #0]
100016be:	b003      	add	sp, #12
100016c0:	bd30      	pop	{r4, r5, pc}

100016c2 <_ZN9SX1280Hal13SetPacketTypeE18RadioPacketTypes_t>:
100016c2:	b510      	push	{r4, lr}
100016c4:	b082      	sub	sp, #8
100016c6:	466b      	mov	r3, sp
100016c8:	71d9      	strb	r1, [r3, #7]
100016ca:	b2cb      	uxtb	r3, r1
100016cc:	7103      	strb	r3, [r0, #4]
100016ce:	6803      	ldr	r3, [r0, #0]
100016d0:	6adc      	ldr	r4, [r3, #44]	@ 0x2c
100016d2:	2301      	movs	r3, #1
100016d4:	466a      	mov	r2, sp
100016d6:	3207      	adds	r2, #7
100016d8:	218a      	movs	r1, #138	@ 0x8a
100016da:	47a0      	blx	r4
100016dc:	b002      	add	sp, #8
100016de:	bd10      	pop	{r4, pc}

100016e0 <_ZN9SX1280Hal14SetRfFrequencyEm>:
100016e0:	b530      	push	{r4, r5, lr}
100016e2:	b083      	sub	sp, #12
100016e4:	0004      	movs	r4, r0
100016e6:	0008      	movs	r0, r1
100016e8:	f002 fb84 	bl	10003df4 <__wrap___aeabi_ui2d>
100016ec:	2200      	movs	r2, #0
100016ee:	4b09      	ldr	r3, [pc, #36]	@ (10001714 <_ZN9SX1280Hal14SetRfFrequencyEm+0x34>)
100016f0:	f002 faf7 	bl	10003ce2 <__wrap___aeabi_ddiv>
100016f4:	f002 fbbe 	bl	10003e74 <__wrap___aeabi_d2uiz>
100016f8:	0c03      	lsrs	r3, r0, #16
100016fa:	aa01      	add	r2, sp, #4
100016fc:	7013      	strb	r3, [r2, #0]
100016fe:	0a03      	lsrs	r3, r0, #8
10001700:	7053      	strb	r3, [r2, #1]
10001702:	7090      	strb	r0, [r2, #2]
10001704:	6823      	ldr	r3, [r4, #0]
10001706:	6add      	ldr	r5, [r3, #44]	@ 0x2c
10001708:	2303      	movs	r3, #3
1000170a:	2186      	movs	r1, #134	@ 0x86
1000170c:	0020      	movs	r0, r4
1000170e:	47a8      	blx	r5
10001710:	b003      	add	sp, #12
10001712:	bd30      	pop	{r4, r5, pc}
10001714:	4068cba8 	.word	0x4068cba8

10001718 <_ZN9SX1280Hal22SetBufferBaseAddressesEhh>:
10001718:	b510      	push	{r4, lr}
1000171a:	b082      	sub	sp, #8
1000171c:	466b      	mov	r3, sp
1000171e:	7119      	strb	r1, [r3, #4]
10001720:	715a      	strb	r2, [r3, #5]
10001722:	6803      	ldr	r3, [r0, #0]
10001724:	6adc      	ldr	r4, [r3, #44]	@ 0x2c
10001726:	2302      	movs	r3, #2
10001728:	aa01      	add	r2, sp, #4
1000172a:	218f      	movs	r1, #143	@ 0x8f
1000172c:	47a0      	blx	r4
1000172e:	b002      	add	sp, #8
10001730:	bd10      	pop	{r4, pc}

10001732 <_ZN9SX1280Hal19SetModulationParamsEhhh>:
10001732:	b530      	push	{r4, r5, lr}
10001734:	b083      	sub	sp, #12
10001736:	ac01      	add	r4, sp, #4
10001738:	7021      	strb	r1, [r4, #0]
1000173a:	7062      	strb	r2, [r4, #1]
1000173c:	70a3      	strb	r3, [r4, #2]
1000173e:	6803      	ldr	r3, [r0, #0]
10001740:	6add      	ldr	r5, [r3, #44]	@ 0x2c
10001742:	2303      	movs	r3, #3
10001744:	0022      	movs	r2, r4
10001746:	218b      	movs	r1, #139	@ 0x8b
10001748:	47a8      	blx	r5
1000174a:	b003      	add	sp, #12
1000174c:	bd30      	pop	{r4, r5, pc}

1000174e <_ZN9SX1280Hal15SetPacketParamsEhhhhhhh>:
1000174e:	b5f0      	push	{r4, r5, r6, r7, lr}
10001750:	b083      	sub	sp, #12
10001752:	469c      	mov	ip, r3
10001754:	ac08      	add	r4, sp, #32
10001756:	7827      	ldrb	r7, [r4, #0]
10001758:	ac09      	add	r4, sp, #36	@ 0x24
1000175a:	7826      	ldrb	r6, [r4, #0]
1000175c:	ac0a      	add	r4, sp, #40	@ 0x28
1000175e:	7825      	ldrb	r5, [r4, #0]
10001760:	ac0b      	add	r4, sp, #44	@ 0x2c
10001762:	7824      	ldrb	r4, [r4, #0]
10001764:	466b      	mov	r3, sp
10001766:	7019      	strb	r1, [r3, #0]
10001768:	705a      	strb	r2, [r3, #1]
1000176a:	4662      	mov	r2, ip
1000176c:	709a      	strb	r2, [r3, #2]
1000176e:	70df      	strb	r7, [r3, #3]
10001770:	711e      	strb	r6, [r3, #4]
10001772:	715d      	strb	r5, [r3, #5]
10001774:	719c      	strb	r4, [r3, #6]
10001776:	6803      	ldr	r3, [r0, #0]
10001778:	6adc      	ldr	r4, [r3, #44]	@ 0x2c
1000177a:	2307      	movs	r3, #7
1000177c:	466a      	mov	r2, sp
1000177e:	218c      	movs	r1, #140	@ 0x8c
10001780:	47a0      	blx	r4
10001782:	b003      	add	sp, #12
10001784:	bdf0      	pop	{r4, r5, r6, r7, pc}
	...

10001788 <_ZN9SX1280Hal19SetBleAccessAddressEm>:
10001788:	b570      	push	{r4, r5, r6, lr}
1000178a:	0004      	movs	r4, r0
1000178c:	000d      	movs	r5, r1
1000178e:	0e0a      	lsrs	r2, r1, #24
10001790:	6803      	ldr	r3, [r0, #0]
10001792:	6a1b      	ldr	r3, [r3, #32]
10001794:	490b      	ldr	r1, [pc, #44]	@ (100017c4 <_ZN9SX1280Hal19SetBleAccessAddressEm+0x3c>)
10001796:	4798      	blx	r3
10001798:	0c2a      	lsrs	r2, r5, #16
1000179a:	b2d2      	uxtb	r2, r2
1000179c:	219d      	movs	r1, #157	@ 0x9d
1000179e:	6823      	ldr	r3, [r4, #0]
100017a0:	6a1b      	ldr	r3, [r3, #32]
100017a2:	0109      	lsls	r1, r1, #4
100017a4:	0020      	movs	r0, r4
100017a6:	4798      	blx	r3
100017a8:	0a2a      	lsrs	r2, r5, #8
100017aa:	b2d2      	uxtb	r2, r2
100017ac:	6823      	ldr	r3, [r4, #0]
100017ae:	6a1b      	ldr	r3, [r3, #32]
100017b0:	4905      	ldr	r1, [pc, #20]	@ (100017c8 <_ZN9SX1280Hal19SetBleAccessAddressEm+0x40>)
100017b2:	0020      	movs	r0, r4
100017b4:	4798      	blx	r3
100017b6:	b2ea      	uxtb	r2, r5
100017b8:	6823      	ldr	r3, [r4, #0]
100017ba:	6a1b      	ldr	r3, [r3, #32]
100017bc:	4903      	ldr	r1, [pc, #12]	@ (100017cc <_ZN9SX1280Hal19SetBleAccessAddressEm+0x44>)
100017be:	0020      	movs	r0, r4
100017c0:	4798      	blx	r3
100017c2:	bd70      	pop	{r4, r5, r6, pc}
100017c4:	000009cf 	.word	0x000009cf
100017c8:	000009d1 	.word	0x000009d1
100017cc:	000009d2 	.word	0x000009d2

100017d0 <_ZN9SX1280Hal29SetBleAdvertizerAccessAddressEv>:
100017d0:	b510      	push	{r4, lr}
100017d2:	6803      	ldr	r3, [r0, #0]
100017d4:	6c9b      	ldr	r3, [r3, #72]	@ 0x48
100017d6:	4901      	ldr	r1, [pc, #4]	@ (100017dc <_ZN9SX1280Hal29SetBleAdvertizerAccessAddressEv+0xc>)
100017d8:	4798      	blx	r3
100017da:	bd10      	pop	{r4, pc}
100017dc:	8e89bed6 	.word	0x8e89bed6

100017e0 <_ZN9SX1280Hal16SetWhiteningSeedEh>:
100017e0:	b510      	push	{r4, lr}
100017e2:	000a      	movs	r2, r1
100017e4:	6803      	ldr	r3, [r0, #0]
100017e6:	6a1b      	ldr	r3, [r3, #32]
100017e8:	4901      	ldr	r1, [pc, #4]	@ (100017f0 <_ZN9SX1280Hal16SetWhiteningSeedEh+0x10>)
100017ea:	4798      	blx	r3
100017ec:	bd10      	pop	{r4, pc}
100017ee:	46c0      	nop			@ (mov r8, r8)
100017f0:	000009c5 	.word	0x000009c5

100017f4 <_ZN9SX1280Hal10SetCrcSeedEPh>:
100017f4:	b570      	push	{r4, r5, r6, lr}
100017f6:	0004      	movs	r4, r0
100017f8:	000d      	movs	r5, r1
100017fa:	788a      	ldrb	r2, [r1, #2]
100017fc:	6803      	ldr	r3, [r0, #0]
100017fe:	6a1b      	ldr	r3, [r3, #32]
10001800:	4907      	ldr	r1, [pc, #28]	@ (10001820 <_ZN9SX1280Hal10SetCrcSeedEPh+0x2c>)
10001802:	4798      	blx	r3
10001804:	786a      	ldrb	r2, [r5, #1]
10001806:	6823      	ldr	r3, [r4, #0]
10001808:	6a1b      	ldr	r3, [r3, #32]
1000180a:	4906      	ldr	r1, [pc, #24]	@ (10001824 <_ZN9SX1280Hal10SetCrcSeedEPh+0x30>)
1000180c:	0020      	movs	r0, r4
1000180e:	4798      	blx	r3
10001810:	782a      	ldrb	r2, [r5, #0]
10001812:	6823      	ldr	r3, [r4, #0]
10001814:	6a1b      	ldr	r3, [r3, #32]
10001816:	4904      	ldr	r1, [pc, #16]	@ (10001828 <_ZN9SX1280Hal10SetCrcSeedEPh+0x34>)
10001818:	0020      	movs	r0, r4
1000181a:	4798      	blx	r3
1000181c:	2001      	movs	r0, #1
1000181e:	bd70      	pop	{r4, r5, r6, pc}
10001820:	000009c7 	.word	0x000009c7
10001824:	000009c8 	.word	0x000009c8
10001828:	000009c9 	.word	0x000009c9

1000182c <_ZN9SX1280Hal11SetTxParamsEa16RadioRampTimes_t>:
1000182c:	b510      	push	{r4, lr}
1000182e:	b082      	sub	sp, #8
10001830:	3112      	adds	r1, #18
10001832:	466b      	mov	r3, sp
10001834:	7119      	strb	r1, [r3, #4]
10001836:	715a      	strb	r2, [r3, #5]
10001838:	6803      	ldr	r3, [r0, #0]
1000183a:	6adc      	ldr	r4, [r3, #44]	@ 0x2c
1000183c:	2302      	movs	r3, #2
1000183e:	aa01      	add	r2, sp, #4
10001840:	218e      	movs	r1, #142	@ 0x8e
10001842:	47a0      	blx	r4
10001844:	b002      	add	sp, #8
10001846:	bd10      	pop	{r4, pc}

10001848 <_ZN9SX1280Hal15SetDioIrqParamsEtttt>:
10001848:	b570      	push	{r4, r5, r6, lr}
1000184a:	b082      	sub	sp, #8
1000184c:	ac06      	add	r4, sp, #24
1000184e:	8824      	ldrh	r4, [r4, #0]
10001850:	0a0d      	lsrs	r5, r1, #8
10001852:	466e      	mov	r6, sp
10001854:	7035      	strb	r5, [r6, #0]
10001856:	7071      	strb	r1, [r6, #1]
10001858:	0a11      	lsrs	r1, r2, #8
1000185a:	70b1      	strb	r1, [r6, #2]
1000185c:	70f2      	strb	r2, [r6, #3]
1000185e:	0a1a      	lsrs	r2, r3, #8
10001860:	7132      	strb	r2, [r6, #4]
10001862:	466a      	mov	r2, sp
10001864:	7173      	strb	r3, [r6, #5]
10001866:	0a23      	lsrs	r3, r4, #8
10001868:	71b3      	strb	r3, [r6, #6]
1000186a:	71f4      	strb	r4, [r6, #7]
1000186c:	6803      	ldr	r3, [r0, #0]
1000186e:	6adc      	ldr	r4, [r3, #44]	@ 0x2c
10001870:	2308      	movs	r3, #8
10001872:	218d      	movs	r1, #141	@ 0x8d
10001874:	47a0      	blx	r4
10001876:	b002      	add	sp, #8
10001878:	bd70      	pop	{r4, r5, r6, pc}

1000187a <_ZN9SX1280Hal5SetTxE10TickTime_s>:
1000187a:	b530      	push	{r4, r5, lr}
1000187c:	b085      	sub	sp, #20
1000187e:	0004      	movs	r4, r0
10001880:	ab01      	add	r3, sp, #4
10001882:	9101      	str	r1, [sp, #4]
10001884:	7819      	ldrb	r1, [r3, #0]
10001886:	aa03      	add	r2, sp, #12
10001888:	7011      	strb	r1, [r2, #0]
1000188a:	885b      	ldrh	r3, [r3, #2]
1000188c:	0a19      	lsrs	r1, r3, #8
1000188e:	7051      	strb	r1, [r2, #1]
10001890:	7093      	strb	r3, [r2, #2]
10001892:	6803      	ldr	r3, [r0, #0]
10001894:	6add      	ldr	r5, [r3, #44]	@ 0x2c
10001896:	2303      	movs	r3, #3
10001898:	2183      	movs	r1, #131	@ 0x83
1000189a:	47a8      	blx	r5
1000189c:	2300      	movs	r3, #0
1000189e:	7163      	strb	r3, [r4, #5]
100018a0:	b005      	add	sp, #20
100018a2:	bd30      	pop	{r4, r5, pc}

100018a4 <_ZN9SX1280Hal15GetPacketStatusEP14PacketStatus_t>:
100018a4:	b5f0      	push	{r4, r5, r6, r7, lr}
100018a6:	b083      	sub	sp, #12
100018a8:	000c      	movs	r4, r1
100018aa:	6803      	ldr	r3, [r0, #0]
100018ac:	6b1d      	ldr	r5, [r3, #48]	@ 0x30
100018ae:	2305      	movs	r3, #5
100018b0:	466a      	mov	r2, sp
100018b2:	211d      	movs	r1, #29
100018b4:	47a8      	blx	r5
100018b6:	2604      	movs	r6, #4
100018b8:	7026      	strb	r6, [r4, #0]
100018ba:	466b      	mov	r3, sp
100018bc:	785b      	ldrb	r3, [r3, #1]
100018be:	085b      	lsrs	r3, r3, #1
100018c0:	425b      	negs	r3, r3
100018c2:	7063      	strb	r3, [r4, #1]
100018c4:	466b      	mov	r3, sp
100018c6:	789b      	ldrb	r3, [r3, #2]
100018c8:	099d      	lsrs	r5, r3, #6
100018ca:	2001      	movs	r0, #1
100018cc:	2201      	movs	r2, #1
100018ce:	4015      	ands	r5, r2
100018d0:	78a1      	ldrb	r1, [r4, #2]
100018d2:	4381      	bics	r1, r0
100018d4:	4329      	orrs	r1, r5
100018d6:	70a1      	strb	r1, [r4, #2]
100018d8:	095d      	lsrs	r5, r3, #5
100018da:	4015      	ands	r5, r2
100018dc:	006d      	lsls	r5, r5, #1
100018de:	b2c9      	uxtb	r1, r1
100018e0:	2702      	movs	r7, #2
100018e2:	43b9      	bics	r1, r7
100018e4:	4329      	orrs	r1, r5
100018e6:	70a1      	strb	r1, [r4, #2]
100018e8:	091d      	lsrs	r5, r3, #4
100018ea:	4015      	ands	r5, r2
100018ec:	00ad      	lsls	r5, r5, #2
100018ee:	b2c9      	uxtb	r1, r1
100018f0:	43b1      	bics	r1, r6
100018f2:	4329      	orrs	r1, r5
100018f4:	70a1      	strb	r1, [r4, #2]
100018f6:	08dd      	lsrs	r5, r3, #3
100018f8:	4015      	ands	r5, r2
100018fa:	00ed      	lsls	r5, r5, #3
100018fc:	b2c9      	uxtb	r1, r1
100018fe:	3604      	adds	r6, #4
10001900:	43b1      	bics	r1, r6
10001902:	4329      	orrs	r1, r5
10001904:	70a1      	strb	r1, [r4, #2]
10001906:	089d      	lsrs	r5, r3, #2
10001908:	4015      	ands	r5, r2
1000190a:	012d      	lsls	r5, r5, #4
1000190c:	b2c9      	uxtb	r1, r1
1000190e:	3608      	adds	r6, #8
10001910:	43b1      	bics	r1, r6
10001912:	4329      	orrs	r1, r5
10001914:	70a1      	strb	r1, [r4, #2]
10001916:	085d      	lsrs	r5, r3, #1
10001918:	4015      	ands	r5, r2
1000191a:	016d      	lsls	r5, r5, #5
1000191c:	b2c9      	uxtb	r1, r1
1000191e:	3610      	adds	r6, #16
10001920:	43b1      	bics	r1, r6
10001922:	4329      	orrs	r1, r5
10001924:	70a1      	strb	r1, [r4, #2]
10001926:	4013      	ands	r3, r2
10001928:	019b      	lsls	r3, r3, #6
1000192a:	b2c9      	uxtb	r1, r1
1000192c:	2540      	movs	r5, #64	@ 0x40
1000192e:	43a9      	bics	r1, r5
10001930:	430b      	orrs	r3, r1
10001932:	70a3      	strb	r3, [r4, #2]
10001934:	466b      	mov	r3, sp
10001936:	78db      	ldrb	r3, [r3, #3]
10001938:	401a      	ands	r2, r3
1000193a:	78e3      	ldrb	r3, [r4, #3]
1000193c:	4383      	bics	r3, r0
1000193e:	4313      	orrs	r3, r2
10001940:	70e3      	strb	r3, [r4, #3]
10001942:	466b      	mov	r3, sp
10001944:	791b      	ldrb	r3, [r3, #4]
10001946:	2207      	movs	r2, #7
10001948:	401a      	ands	r2, r3
1000194a:	7923      	ldrb	r3, [r4, #4]
1000194c:	2107      	movs	r1, #7
1000194e:	438b      	bics	r3, r1
10001950:	4313      	orrs	r3, r2
10001952:	7123      	strb	r3, [r4, #4]
10001954:	2000      	movs	r0, #0
10001956:	b003      	add	sp, #12
10001958:	bdf0      	pop	{r4, r5, r6, r7, pc}

1000195a <_ZN9SX1280Hal14ClearIrqStatusEt>:
1000195a:	b510      	push	{r4, lr}
1000195c:	b082      	sub	sp, #8
1000195e:	0a0b      	lsrs	r3, r1, #8
10001960:	466a      	mov	r2, sp
10001962:	7113      	strb	r3, [r2, #4]
10001964:	7151      	strb	r1, [r2, #5]
10001966:	6803      	ldr	r3, [r0, #0]
10001968:	6adc      	ldr	r4, [r3, #44]	@ 0x2c
1000196a:	2302      	movs	r3, #2
1000196c:	aa01      	add	r2, sp, #4
1000196e:	2197      	movs	r1, #151	@ 0x97
10001970:	47a0      	blx	r4
10001972:	b002      	add	sp, #8
10001974:	bd10      	pop	{r4, pc}

10001976 <_ZN9SX1280HalD0Ev>:
10001976:	b510      	push	{r4, lr}
10001978:	0004      	movs	r4, r0
1000197a:	f7ff fe5d 	bl	10001638 <_ZN9SX1280HalD1Ev>
1000197e:	2120      	movs	r1, #32
10001980:	0020      	movs	r0, r4
10001982:	f002 ff93 	bl	100048ac <_ZdlPvj>
10001986:	0020      	movs	r0, r4
10001988:	bd10      	pop	{r4, pc}

1000198a <_ZN9SX1280Hal5ResetEv>:
1000198a:	b570      	push	{r4, r5, r6, lr}
1000198c:	0005      	movs	r5, r0
1000198e:	2014      	movs	r0, #20
10001990:	f001 fbb4 	bl	100030fc <sleep_ms>
10001994:	68eb      	ldr	r3, [r5, #12]
10001996:	2401      	movs	r4, #1
10001998:	0022      	movs	r2, r4
1000199a:	409a      	lsls	r2, r3
1000199c:	26d0      	movs	r6, #208	@ 0xd0
1000199e:	0636      	lsls	r6, r6, #24
100019a0:	61b2      	str	r2, [r6, #24]
100019a2:	2032      	movs	r0, #50	@ 0x32
100019a4:	f001 fbaa 	bl	100030fc <sleep_ms>
100019a8:	68eb      	ldr	r3, [r5, #12]
100019aa:	409c      	lsls	r4, r3
100019ac:	6174      	str	r4, [r6, #20]
100019ae:	2014      	movs	r0, #20
100019b0:	f001 fba4 	bl	100030fc <sleep_ms>
100019b4:	bd70      	pop	{r4, r5, r6, pc}

100019b6 <_ZN9SX1280Hal9IoIrqInitEPFvjmE>:
100019b6:	b510      	push	{r4, lr}
100019b8:	000c      	movs	r4, r1
100019ba:	000b      	movs	r3, r1
100019bc:	2201      	movs	r2, #1
100019be:	210c      	movs	r1, #12
100019c0:	2002      	movs	r0, #2
100019c2:	f000 fb7b 	bl	100020bc <gpio_set_irq_enabled_with_callback>
100019c6:	0023      	movs	r3, r4
100019c8:	2201      	movs	r2, #1
100019ca:	210c      	movs	r1, #12
100019cc:	2003      	movs	r0, #3
100019ce:	f000 fb75 	bl	100020bc <gpio_set_irq_enabled_with_callback>
100019d2:	0023      	movs	r3, r4
100019d4:	2201      	movs	r2, #1
100019d6:	210c      	movs	r1, #12
100019d8:	2004      	movs	r0, #4
100019da:	f000 fb6f 	bl	100020bc <gpio_set_irq_enabled_with_callback>
100019de:	bd10      	pop	{r4, pc}

100019e0 <_ZN9SX1280Hal11SetupAdvPduEhhhPKhS1_>:
100019e0:	b570      	push	{r4, r5, r6, lr}
100019e2:	b08a      	sub	sp, #40	@ 0x28
100019e4:	0005      	movs	r5, r0
100019e6:	000e      	movs	r6, r1
100019e8:	001c      	movs	r4, r3
100019ea:	466b      	mov	r3, sp
100019ec:	701a      	strb	r2, [r3, #0]
100019ee:	1da3      	adds	r3, r4, #6
100019f0:	466a      	mov	r2, sp
100019f2:	7053      	strb	r3, [r2, #1]
100019f4:	2206      	movs	r2, #6
100019f6:	990f      	ldr	r1, [sp, #60]	@ 0x3c
100019f8:	466b      	mov	r3, sp
100019fa:	1c98      	adds	r0, r3, #2
100019fc:	f002 ff50 	bl	100048a0 <__wrap___aeabi_memcpy>
10001a00:	0022      	movs	r2, r4
10001a02:	990e      	ldr	r1, [sp, #56]	@ 0x38
10001a04:	a802      	add	r0, sp, #8
10001a06:	f002 ff4b 	bl	100048a0 <__wrap___aeabi_memcpy>
10001a0a:	3408      	adds	r4, #8
10001a0c:	b2e3      	uxtb	r3, r4
10001a0e:	682a      	ldr	r2, [r5, #0]
10001a10:	6dd4      	ldr	r4, [r2, #92]	@ 0x5c
10001a12:	466a      	mov	r2, sp
10001a14:	0031      	movs	r1, r6
10001a16:	0028      	movs	r0, r5
10001a18:	47a0      	blx	r4
10001a1a:	b00a      	add	sp, #40	@ 0x28
10001a1c:	bd70      	pop	{r4, r5, r6, pc}

10001a1e <_ZN9SX1280Hal10WaitOnBusyEv>:
10001a1e:	6901      	ldr	r1, [r0, #16]
10001a20:	23d0      	movs	r3, #208	@ 0xd0
10001a22:	061b      	lsls	r3, r3, #24
10001a24:	685a      	ldr	r2, [r3, #4]
10001a26:	2301      	movs	r3, #1
10001a28:	408b      	lsls	r3, r1
10001a2a:	4213      	tst	r3, r2
10001a2c:	d1f7      	bne.n	10001a1e <_ZN9SX1280Hal10WaitOnBusyEv>
10001a2e:	4770      	bx	lr

10001a30 <_ZN9SX1280Hal6WakeupEv>:
10001a30:	b5f0      	push	{r4, r5, r6, r7, lr}
10001a32:	46c6      	mov	lr, r8
10001a34:	b500      	push	{lr}
10001a36:	b082      	sub	sp, #8
10001a38:	0004      	movs	r4, r0
10001a3a:	f3ef 8810 	mrs	r8, PRIMASK
10001a3e:	b672      	cpsid	i
10001a40:	6883      	ldr	r3, [r0, #8]
10001a42:	2501      	movs	r5, #1
10001a44:	002a      	movs	r2, r5
10001a46:	409a      	lsls	r2, r3
10001a48:	26d0      	movs	r6, #208	@ 0xd0
10001a4a:	0636      	lsls	r6, r6, #24
10001a4c:	61b2      	str	r2, [r6, #24]
10001a4e:	466b      	mov	r3, sp
10001a50:	1dd9      	adds	r1, r3, #7
10001a52:	23c0      	movs	r3, #192	@ 0xc0
10001a54:	700b      	strb	r3, [r1, #0]
10001a56:	4f0c      	ldr	r7, [pc, #48]	@ (10001a88 <_ZN9SX1280Hal6WakeupEv+0x58>)
10001a58:	2201      	movs	r2, #1
10001a5a:	0038      	movs	r0, r7
10001a5c:	f007 f9ac 	bl	10008db8 <__spi_write_blocking_veneer>
10001a60:	466b      	mov	r3, sp
10001a62:	1d99      	adds	r1, r3, #6
10001a64:	2300      	movs	r3, #0
10001a66:	700b      	strb	r3, [r1, #0]
10001a68:	2201      	movs	r2, #1
10001a6a:	0038      	movs	r0, r7
10001a6c:	f007 f9a4 	bl	10008db8 <__spi_write_blocking_veneer>
10001a70:	68a3      	ldr	r3, [r4, #8]
10001a72:	409d      	lsls	r5, r3
10001a74:	6175      	str	r5, [r6, #20]
10001a76:	f388 8810 	msr	PRIMASK, r8
10001a7a:	0020      	movs	r0, r4
10001a7c:	f7ff ffcf 	bl	10001a1e <_ZN9SX1280Hal10WaitOnBusyEv>
10001a80:	b002      	add	sp, #8
10001a82:	bc80      	pop	{r7}
10001a84:	46b8      	mov	r8, r7
10001a86:	bdf0      	pop	{r4, r5, r6, r7, pc}
10001a88:	4003c000 	.word	0x4003c000

10001a8c <_ZN9SX1280Hal13WriteRegisterEtPKht>:
10001a8c:	b5f0      	push	{r4, r5, r6, r7, lr}
10001a8e:	46d6      	mov	lr, sl
10001a90:	464f      	mov	r7, r9
10001a92:	4646      	mov	r6, r8
10001a94:	b5c0      	push	{r6, r7, lr}
10001a96:	b082      	sub	sp, #8
10001a98:	0004      	movs	r4, r0
10001a9a:	000f      	movs	r7, r1
10001a9c:	4690      	mov	r8, r2
10001a9e:	4699      	mov	r9, r3
10001aa0:	f7ff ffbd 	bl	10001a1e <_ZN9SX1280Hal10WaitOnBusyEv>
10001aa4:	68a3      	ldr	r3, [r4, #8]
10001aa6:	2601      	movs	r6, #1
10001aa8:	0032      	movs	r2, r6
10001aaa:	409a      	lsls	r2, r3
10001aac:	0013      	movs	r3, r2
10001aae:	22d0      	movs	r2, #208	@ 0xd0
10001ab0:	0612      	lsls	r2, r2, #24
10001ab2:	4692      	mov	sl, r2
10001ab4:	6193      	str	r3, [r2, #24]
10001ab6:	ad01      	add	r5, sp, #4
10001ab8:	2203      	movs	r2, #3
10001aba:	2100      	movs	r1, #0
10001abc:	0028      	movs	r0, r5
10001abe:	f002 fee9 	bl	10004894 <__wrap_memset>
10001ac2:	2318      	movs	r3, #24
10001ac4:	702b      	strb	r3, [r5, #0]
10001ac6:	0a3b      	lsrs	r3, r7, #8
10001ac8:	706b      	strb	r3, [r5, #1]
10001aca:	70af      	strb	r7, [r5, #2]
10001acc:	4f0b      	ldr	r7, [pc, #44]	@ (10001afc <_ZN9SX1280Hal13WriteRegisterEtPKht+0x70>)
10001ace:	2203      	movs	r2, #3
10001ad0:	0029      	movs	r1, r5
10001ad2:	0038      	movs	r0, r7
10001ad4:	f007 f970 	bl	10008db8 <__spi_write_blocking_veneer>
10001ad8:	464a      	mov	r2, r9
10001ada:	4641      	mov	r1, r8
10001adc:	0038      	movs	r0, r7
10001ade:	f007 f96b 	bl	10008db8 <__spi_write_blocking_veneer>
10001ae2:	68a3      	ldr	r3, [r4, #8]
10001ae4:	409e      	lsls	r6, r3
10001ae6:	4653      	mov	r3, sl
10001ae8:	615e      	str	r6, [r3, #20]
10001aea:	0020      	movs	r0, r4
10001aec:	f7ff ff97 	bl	10001a1e <_ZN9SX1280Hal10WaitOnBusyEv>
10001af0:	b002      	add	sp, #8
10001af2:	bce0      	pop	{r5, r6, r7}
10001af4:	46ba      	mov	sl, r7
10001af6:	46b1      	mov	r9, r6
10001af8:	46a8      	mov	r8, r5
10001afa:	bdf0      	pop	{r4, r5, r6, r7, pc}
10001afc:	4003c000 	.word	0x4003c000

10001b00 <_ZN9SX1280Hal12ReadRegisterEtPht>:
10001b00:	b5f0      	push	{r4, r5, r6, r7, lr}
10001b02:	46ce      	mov	lr, r9
10001b04:	4647      	mov	r7, r8
10001b06:	b580      	push	{r7, lr}
10001b08:	b083      	sub	sp, #12
10001b0a:	0004      	movs	r4, r0
10001b0c:	000e      	movs	r6, r1
10001b0e:	4691      	mov	r9, r2
10001b10:	4698      	mov	r8, r3
10001b12:	f7ff ff84 	bl	10001a1e <_ZN9SX1280Hal10WaitOnBusyEv>
10001b16:	68a3      	ldr	r3, [r4, #8]
10001b18:	2501      	movs	r5, #1
10001b1a:	002a      	movs	r2, r5
10001b1c:	409a      	lsls	r2, r3
10001b1e:	27d0      	movs	r7, #208	@ 0xd0
10001b20:	063f      	lsls	r7, r7, #24
10001b22:	61ba      	str	r2, [r7, #24]
10001b24:	a901      	add	r1, sp, #4
10001b26:	2300      	movs	r3, #0
10001b28:	9301      	str	r3, [sp, #4]
10001b2a:	3319      	adds	r3, #25
10001b2c:	700b      	strb	r3, [r1, #0]
10001b2e:	0a33      	lsrs	r3, r6, #8
10001b30:	704b      	strb	r3, [r1, #1]
10001b32:	708e      	strb	r6, [r1, #2]
10001b34:	4e0a      	ldr	r6, [pc, #40]	@ (10001b60 <_ZN9SX1280Hal12ReadRegisterEtPht+0x60>)
10001b36:	2204      	movs	r2, #4
10001b38:	0030      	movs	r0, r6
10001b3a:	f007 f93d 	bl	10008db8 <__spi_write_blocking_veneer>
10001b3e:	4643      	mov	r3, r8
10001b40:	464a      	mov	r2, r9
10001b42:	2100      	movs	r1, #0
10001b44:	0030      	movs	r0, r6
10001b46:	f007 f907 	bl	10008d58 <__spi_read_blocking_veneer>
10001b4a:	68a3      	ldr	r3, [r4, #8]
10001b4c:	409d      	lsls	r5, r3
10001b4e:	617d      	str	r5, [r7, #20]
10001b50:	0020      	movs	r0, r4
10001b52:	f7ff ff64 	bl	10001a1e <_ZN9SX1280Hal10WaitOnBusyEv>
10001b56:	b003      	add	sp, #12
10001b58:	bcc0      	pop	{r6, r7}
10001b5a:	46b9      	mov	r9, r7
10001b5c:	46b0      	mov	r8, r6
10001b5e:	bdf0      	pop	{r4, r5, r6, r7, pc}
10001b60:	4003c000 	.word	0x4003c000

10001b64 <_ZN9SX1280Hal12WriteCommandEhPht>:
10001b64:	b5f0      	push	{r4, r5, r6, r7, lr}
10001b66:	46ce      	mov	lr, r9
10001b68:	4647      	mov	r7, r8
10001b6a:	b580      	push	{r7, lr}
10001b6c:	b083      	sub	sp, #12
10001b6e:	0004      	movs	r4, r0
10001b70:	4690      	mov	r8, r2
10001b72:	4699      	mov	r9, r3
10001b74:	466b      	mov	r3, sp
10001b76:	71d9      	strb	r1, [r3, #7]
10001b78:	f7ff ff51 	bl	10001a1e <_ZN9SX1280Hal10WaitOnBusyEv>
10001b7c:	68a3      	ldr	r3, [r4, #8]
10001b7e:	2501      	movs	r5, #1
10001b80:	002a      	movs	r2, r5
10001b82:	409a      	lsls	r2, r3
10001b84:	26d0      	movs	r6, #208	@ 0xd0
10001b86:	0636      	lsls	r6, r6, #24
10001b88:	61b2      	str	r2, [r6, #24]
10001b8a:	4f0e      	ldr	r7, [pc, #56]	@ (10001bc4 <_ZN9SX1280Hal12WriteCommandEhPht+0x60>)
10001b8c:	2201      	movs	r2, #1
10001b8e:	466b      	mov	r3, sp
10001b90:	1dd9      	adds	r1, r3, #7
10001b92:	0038      	movs	r0, r7
10001b94:	f007 f910 	bl	10008db8 <__spi_write_blocking_veneer>
10001b98:	464a      	mov	r2, r9
10001b9a:	4641      	mov	r1, r8
10001b9c:	0038      	movs	r0, r7
10001b9e:	f007 f90b 	bl	10008db8 <__spi_write_blocking_veneer>
10001ba2:	68a3      	ldr	r3, [r4, #8]
10001ba4:	409d      	lsls	r5, r3
10001ba6:	6175      	str	r5, [r6, #20]
10001ba8:	466b      	mov	r3, sp
10001baa:	79db      	ldrb	r3, [r3, #7]
10001bac:	2b84      	cmp	r3, #132	@ 0x84
10001bae:	d104      	bne.n	10001bba <_ZN9SX1280Hal12WriteCommandEhPht+0x56>
10001bb0:	b003      	add	sp, #12
10001bb2:	bcc0      	pop	{r6, r7}
10001bb4:	46b9      	mov	r9, r7
10001bb6:	46b0      	mov	r8, r6
10001bb8:	bdf0      	pop	{r4, r5, r6, r7, pc}
10001bba:	0020      	movs	r0, r4
10001bbc:	f7ff ff2f 	bl	10001a1e <_ZN9SX1280Hal10WaitOnBusyEv>
10001bc0:	e7f6      	b.n	10001bb0 <_ZN9SX1280Hal12WriteCommandEhPht+0x4c>
10001bc2:	46c0      	nop			@ (mov r8, r8)
10001bc4:	4003c000 	.word	0x4003c000

10001bc8 <_ZN9SX1280Hal11ReadCommandEhPht>:
10001bc8:	b5f0      	push	{r4, r5, r6, r7, lr}
10001bca:	b085      	sub	sp, #20
10001bcc:	0007      	movs	r7, r0
10001bce:	0016      	movs	r6, r2
10001bd0:	001d      	movs	r5, r3
10001bd2:	466b      	mov	r3, sp
10001bd4:	1ddc      	adds	r4, r3, #7
10001bd6:	71d9      	strb	r1, [r3, #7]
10001bd8:	f7ff ff21 	bl	10001a1e <_ZN9SX1280Hal10WaitOnBusyEv>
10001bdc:	68ba      	ldr	r2, [r7, #8]
10001bde:	2301      	movs	r3, #1
10001be0:	4093      	lsls	r3, r2
10001be2:	22d0      	movs	r2, #208	@ 0xd0
10001be4:	0612      	lsls	r2, r2, #24
10001be6:	6193      	str	r3, [r2, #24]
10001be8:	7823      	ldrb	r3, [r4, #0]
10001bea:	2bc0      	cmp	r3, #192	@ 0xc0
10001bec:	d010      	beq.n	10001c10 <_ZN9SX1280Hal11ReadCommandEhPht+0x48>
10001bee:	4c1f      	ldr	r4, [pc, #124]	@ (10001c6c <_ZN9SX1280Hal11ReadCommandEhPht+0xa4>)
10001bf0:	2201      	movs	r2, #1
10001bf2:	466b      	mov	r3, sp
10001bf4:	1dd9      	adds	r1, r3, #7
10001bf6:	0020      	movs	r0, r4
10001bf8:	f007 f8de 	bl	10008db8 <__spi_write_blocking_veneer>
10001bfc:	210f      	movs	r1, #15
10001bfe:	4469      	add	r1, sp
10001c00:	2300      	movs	r3, #0
10001c02:	700b      	strb	r3, [r1, #0]
10001c04:	2201      	movs	r2, #1
10001c06:	0020      	movs	r0, r4
10001c08:	f007 f8d6 	bl	10008db8 <__spi_write_blocking_veneer>
10001c0c:	2400      	movs	r4, #0
10001c0e:	e01f      	b.n	10001c50 <_ZN9SX1280Hal11ReadCommandEhPht+0x88>
10001c10:	4c16      	ldr	r4, [pc, #88]	@ (10001c6c <_ZN9SX1280Hal11ReadCommandEhPht+0xa4>)
10001c12:	2201      	movs	r2, #1
10001c14:	466b      	mov	r3, sp
10001c16:	1dd9      	adds	r1, r3, #7
10001c18:	0020      	movs	r0, r4
10001c1a:	f007 f8cd 	bl	10008db8 <__spi_write_blocking_veneer>
10001c1e:	7030      	strb	r0, [r6, #0]
10001c20:	250f      	movs	r5, #15
10001c22:	446d      	add	r5, sp
10001c24:	2300      	movs	r3, #0
10001c26:	702b      	strb	r3, [r5, #0]
10001c28:	2201      	movs	r2, #1
10001c2a:	0029      	movs	r1, r5
10001c2c:	0020      	movs	r0, r4
10001c2e:	f007 f8c3 	bl	10008db8 <__spi_write_blocking_veneer>
10001c32:	2201      	movs	r2, #1
10001c34:	0029      	movs	r1, r5
10001c36:	0020      	movs	r0, r4
10001c38:	f007 f8be 	bl	10008db8 <__spi_write_blocking_veneer>
10001c3c:	e00a      	b.n	10001c54 <_ZN9SX1280Hal11ReadCommandEhPht+0x8c>
10001c3e:	2201      	movs	r2, #1
10001c40:	210f      	movs	r1, #15
10001c42:	4469      	add	r1, sp
10001c44:	4809      	ldr	r0, [pc, #36]	@ (10001c6c <_ZN9SX1280Hal11ReadCommandEhPht+0xa4>)
10001c46:	f007 f8b7 	bl	10008db8 <__spi_write_blocking_veneer>
10001c4a:	5530      	strb	r0, [r6, r4]
10001c4c:	3401      	adds	r4, #1
10001c4e:	b2a4      	uxth	r4, r4
10001c50:	42ac      	cmp	r4, r5
10001c52:	d3f4      	bcc.n	10001c3e <_ZN9SX1280Hal11ReadCommandEhPht+0x76>
10001c54:	68ba      	ldr	r2, [r7, #8]
10001c56:	2301      	movs	r3, #1
10001c58:	4093      	lsls	r3, r2
10001c5a:	22d0      	movs	r2, #208	@ 0xd0
10001c5c:	0612      	lsls	r2, r2, #24
10001c5e:	6153      	str	r3, [r2, #20]
10001c60:	0038      	movs	r0, r7
10001c62:	f7ff fedc 	bl	10001a1e <_ZN9SX1280Hal10WaitOnBusyEv>
10001c66:	b005      	add	sp, #20
10001c68:	bdf0      	pop	{r4, r5, r6, r7, pc}
10001c6a:	46c0      	nop			@ (mov r8, r8)
10001c6c:	4003c000 	.word	0x4003c000

10001c70 <_ZN9SX1280Hal11WriteBufferEhPhh>:
10001c70:	b5f0      	push	{r4, r5, r6, r7, lr}
10001c72:	46ce      	mov	lr, r9
10001c74:	4647      	mov	r7, r8
10001c76:	b580      	push	{r7, lr}
10001c78:	b083      	sub	sp, #12
10001c7a:	0004      	movs	r4, r0
10001c7c:	000f      	movs	r7, r1
10001c7e:	4690      	mov	r8, r2
10001c80:	4699      	mov	r9, r3
10001c82:	f7ff fecc 	bl	10001a1e <_ZN9SX1280Hal10WaitOnBusyEv>
10001c86:	68a3      	ldr	r3, [r4, #8]
10001c88:	2501      	movs	r5, #1
10001c8a:	002a      	movs	r2, r5
10001c8c:	409a      	lsls	r2, r3
10001c8e:	26d0      	movs	r6, #208	@ 0xd0
10001c90:	0636      	lsls	r6, r6, #24
10001c92:	61b2      	str	r2, [r6, #24]
10001c94:	a901      	add	r1, sp, #4
10001c96:	2300      	movs	r3, #0
10001c98:	800b      	strh	r3, [r1, #0]
10001c9a:	331a      	adds	r3, #26
10001c9c:	700b      	strb	r3, [r1, #0]
10001c9e:	704f      	strb	r7, [r1, #1]
10001ca0:	4f0a      	ldr	r7, [pc, #40]	@ (10001ccc <_ZN9SX1280Hal11WriteBufferEhPhh+0x5c>)
10001ca2:	2202      	movs	r2, #2
10001ca4:	0038      	movs	r0, r7
10001ca6:	f007 f887 	bl	10008db8 <__spi_write_blocking_veneer>
10001caa:	464a      	mov	r2, r9
10001cac:	4641      	mov	r1, r8
10001cae:	0038      	movs	r0, r7
10001cb0:	f007 f882 	bl	10008db8 <__spi_write_blocking_veneer>
10001cb4:	68a3      	ldr	r3, [r4, #8]
10001cb6:	409d      	lsls	r5, r3
10001cb8:	6175      	str	r5, [r6, #20]
10001cba:	0020      	movs	r0, r4
10001cbc:	f7ff feaf 	bl	10001a1e <_ZN9SX1280Hal10WaitOnBusyEv>
10001cc0:	b003      	add	sp, #12
10001cc2:	bcc0      	pop	{r6, r7}
10001cc4:	46b9      	mov	r9, r7
10001cc6:	46b0      	mov	r8, r6
10001cc8:	bdf0      	pop	{r4, r5, r6, r7, pc}
10001cca:	46c0      	nop			@ (mov r8, r8)
10001ccc:	4003c000 	.word	0x4003c000

10001cd0 <_ZN9SX1280Hal10ReadBufferEhPhh>:
10001cd0:	b5f0      	push	{r4, r5, r6, r7, lr}
10001cd2:	46ce      	mov	lr, r9
10001cd4:	4647      	mov	r7, r8
10001cd6:	b580      	push	{r7, lr}
10001cd8:	b083      	sub	sp, #12
10001cda:	0004      	movs	r4, r0
10001cdc:	000f      	movs	r7, r1
10001cde:	4691      	mov	r9, r2
10001ce0:	4698      	mov	r8, r3
10001ce2:	f7ff fe9c 	bl	10001a1e <_ZN9SX1280Hal10WaitOnBusyEv>
10001ce6:	68a3      	ldr	r3, [r4, #8]
10001ce8:	2501      	movs	r5, #1
10001cea:	002a      	movs	r2, r5
10001cec:	409a      	lsls	r2, r3
10001cee:	26d0      	movs	r6, #208	@ 0xd0
10001cf0:	0636      	lsls	r6, r6, #24
10001cf2:	61b2      	str	r2, [r6, #24]
10001cf4:	2203      	movs	r2, #3
10001cf6:	2100      	movs	r1, #0
10001cf8:	a801      	add	r0, sp, #4
10001cfa:	f002 fdcb 	bl	10004894 <__wrap_memset>
10001cfe:	231b      	movs	r3, #27
10001d00:	466a      	mov	r2, sp
10001d02:	7113      	strb	r3, [r2, #4]
10001d04:	7157      	strb	r7, [r2, #5]
10001d06:	4f0b      	ldr	r7, [pc, #44]	@ (10001d34 <_ZN9SX1280Hal10ReadBufferEhPhh+0x64>)
10001d08:	2203      	movs	r2, #3
10001d0a:	a901      	add	r1, sp, #4
10001d0c:	0038      	movs	r0, r7
10001d0e:	f007 f853 	bl	10008db8 <__spi_write_blocking_veneer>
10001d12:	4643      	mov	r3, r8
10001d14:	464a      	mov	r2, r9
10001d16:	2100      	movs	r1, #0
10001d18:	0038      	movs	r0, r7
10001d1a:	f007 f81d 	bl	10008d58 <__spi_read_blocking_veneer>
10001d1e:	68a3      	ldr	r3, [r4, #8]
10001d20:	409d      	lsls	r5, r3
10001d22:	6175      	str	r5, [r6, #20]
10001d24:	0020      	movs	r0, r4
10001d26:	f7ff fe7a 	bl	10001a1e <_ZN9SX1280Hal10WaitOnBusyEv>
10001d2a:	b003      	add	sp, #12
10001d2c:	bcc0      	pop	{r6, r7}
10001d2e:	46b9      	mov	r9, r7
10001d30:	46b0      	mov	r8, r6
10001d32:	bdf0      	pop	{r4, r5, r6, r7, pc}
10001d34:	4003c000 	.word	0x4003c000

10001d38 <_ZN9SX1280Hal14initialize_spiEv>:
10001d38:	b510      	push	{r4, lr}
10001d3a:	0004      	movs	r4, r0
10001d3c:	4908      	ldr	r1, [pc, #32]	@ (10001d60 <_ZN9SX1280Hal14initialize_spiEv+0x28>)
10001d3e:	4809      	ldr	r0, [pc, #36]	@ (10001d64 <_ZN9SX1280Hal14initialize_spiEv+0x2c>)
10001d40:	f006 fe10 	bl	10008964 <spi_init>
10001d44:	6960      	ldr	r0, [r4, #20]
10001d46:	2101      	movs	r1, #1
10001d48:	f000 f920 	bl	10001f8c <gpio_set_function>
10001d4c:	69a0      	ldr	r0, [r4, #24]
10001d4e:	2101      	movs	r1, #1
10001d50:	f000 f91c 	bl	10001f8c <gpio_set_function>
10001d54:	69e0      	ldr	r0, [r4, #28]
10001d56:	2101      	movs	r1, #1
10001d58:	f000 f918 	bl	10001f8c <gpio_set_function>
10001d5c:	bd10      	pop	{r4, pc}
10001d5e:	46c0      	nop			@ (mov r8, r8)
10001d60:	000f4240 	.word	0x000f4240
10001d64:	4003c000 	.word	0x4003c000

10001d68 <_ZN9SX1280HalC1Ejjjjjj>:
10001d68:	b570      	push	{r4, r5, r6, lr}
10001d6a:	0004      	movs	r4, r0
10001d6c:	4816      	ldr	r0, [pc, #88]	@ (10001dc8 <_ZN9SX1280HalC1Ejjjjjj+0x60>)
10001d6e:	6020      	str	r0, [r4, #0]
10001d70:	4816      	ldr	r0, [pc, #88]	@ (10001dcc <_ZN9SX1280HalC1Ejjjjjj+0x64>)
10001d72:	6020      	str	r0, [r4, #0]
10001d74:	60a1      	str	r1, [r4, #8]
10001d76:	60e2      	str	r2, [r4, #12]
10001d78:	6123      	str	r3, [r4, #16]
10001d7a:	9b04      	ldr	r3, [sp, #16]
10001d7c:	6163      	str	r3, [r4, #20]
10001d7e:	9b05      	ldr	r3, [sp, #20]
10001d80:	61a3      	str	r3, [r4, #24]
10001d82:	9b06      	ldr	r3, [sp, #24]
10001d84:	61e3      	str	r3, [r4, #28]
10001d86:	0020      	movs	r0, r4
10001d88:	f7ff ffd6 	bl	10001d38 <_ZN9SX1280Hal14initialize_spiEv>
10001d8c:	68a0      	ldr	r0, [r4, #8]
10001d8e:	f000 f9f9 	bl	10002184 <gpio_init>
10001d92:	68a3      	ldr	r3, [r4, #8]
10001d94:	2501      	movs	r5, #1
10001d96:	002a      	movs	r2, r5
10001d98:	409a      	lsls	r2, r3
10001d9a:	26d0      	movs	r6, #208	@ 0xd0
10001d9c:	0636      	lsls	r6, r6, #24
10001d9e:	6272      	str	r2, [r6, #36]	@ 0x24
10001da0:	68a3      	ldr	r3, [r4, #8]
10001da2:	002a      	movs	r2, r5
10001da4:	409a      	lsls	r2, r3
10001da6:	6172      	str	r2, [r6, #20]
10001da8:	68e0      	ldr	r0, [r4, #12]
10001daa:	f000 f9eb 	bl	10002184 <gpio_init>
10001dae:	68e3      	ldr	r3, [r4, #12]
10001db0:	002a      	movs	r2, r5
10001db2:	409a      	lsls	r2, r3
10001db4:	6272      	str	r2, [r6, #36]	@ 0x24
10001db6:	6920      	ldr	r0, [r4, #16]
10001db8:	f000 f9e4 	bl	10002184 <gpio_init>
10001dbc:	6923      	ldr	r3, [r4, #16]
10001dbe:	409d      	lsls	r5, r3
10001dc0:	62b5      	str	r5, [r6, #40]	@ 0x28
10001dc2:	0020      	movs	r0, r4
10001dc4:	bd70      	pop	{r4, r5, r6, pc}
10001dc6:	46c0      	nop			@ (mov r8, r8)
10001dc8:	10009e14 	.word	0x10009e14
10001dcc:	10009e94 	.word	0x10009e94

10001dd0 <_Z15dio_irq_handlerjm>:
10001dd0:	0709      	lsls	r1, r1, #28
10001dd2:	d502      	bpl.n	10001dda <_Z15dio_irq_handlerjm+0xa>
10001dd4:	4b01      	ldr	r3, [pc, #4]	@ (10001ddc <_Z15dio_irq_handlerjm+0xc>)
10001dd6:	2201      	movs	r2, #1
10001dd8:	701a      	strb	r2, [r3, #0]
10001dda:	4770      	bx	lr
10001ddc:	200024f3 	.word	0x200024f3

10001de0 <_Z16prepareForBeaconR9SX1280Hal>:
10001de0:	b570      	push	{r4, r5, r6, lr}
10001de2:	b086      	sub	sp, #24
10001de4:	0004      	movs	r4, r0
10001de6:	6803      	ldr	r3, [r0, #0]
10001de8:	6b5b      	ldr	r3, [r3, #52]	@ 0x34
10001dea:	2104      	movs	r1, #4
10001dec:	4798      	blx	r3
10001dee:	6823      	ldr	r3, [r4, #0]
10001df0:	6c1d      	ldr	r5, [r3, #64]	@ 0x40
10001df2:	2320      	movs	r3, #32
10001df4:	2201      	movs	r2, #1
10001df6:	2145      	movs	r1, #69	@ 0x45
10001df8:	0020      	movs	r0, r4
10001dfa:	47a8      	blx	r5
10001dfc:	6823      	ldr	r3, [r4, #0]
10001dfe:	2500      	movs	r5, #0
10001e00:	9503      	str	r5, [sp, #12]
10001e02:	9502      	str	r5, [sp, #8]
10001e04:	9501      	str	r5, [sp, #4]
10001e06:	9500      	str	r5, [sp, #0]
10001e08:	6c5e      	ldr	r6, [r3, #68]	@ 0x44
10001e0a:	2304      	movs	r3, #4
10001e0c:	2210      	movs	r2, #16
10001e0e:	2120      	movs	r1, #32
10001e10:	0020      	movs	r0, r4
10001e12:	47b0      	blx	r6
10001e14:	6823      	ldr	r3, [r4, #0]
10001e16:	6cdb      	ldr	r3, [r3, #76]	@ 0x4c
10001e18:	0020      	movs	r0, r4
10001e1a:	4798      	blx	r3
10001e1c:	4b0d      	ldr	r3, [pc, #52]	@ (10001e54 <_Z16prepareForBeaconR9SX1280Hal+0x74>)
10001e1e:	881a      	ldrh	r2, [r3, #0]
10001e20:	4669      	mov	r1, sp
10001e22:	828a      	strh	r2, [r1, #20]
10001e24:	789b      	ldrb	r3, [r3, #2]
10001e26:	758b      	strb	r3, [r1, #22]
10001e28:	6823      	ldr	r3, [r4, #0]
10001e2a:	6d5b      	ldr	r3, [r3, #84]	@ 0x54
10001e2c:	a905      	add	r1, sp, #20
10001e2e:	0020      	movs	r0, r4
10001e30:	4798      	blx	r3
10001e32:	6823      	ldr	r3, [r4, #0]
10001e34:	6d9b      	ldr	r3, [r3, #88]	@ 0x58
10001e36:	2200      	movs	r2, #0
10001e38:	210a      	movs	r1, #10
10001e3a:	0020      	movs	r0, r4
10001e3c:	4798      	blx	r3
10001e3e:	6823      	ldr	r3, [r4, #0]
10001e40:	9500      	str	r5, [sp, #0]
10001e42:	6e9d      	ldr	r5, [r3, #104]	@ 0x68
10001e44:	2300      	movs	r3, #0
10001e46:	2201      	movs	r2, #1
10001e48:	2101      	movs	r1, #1
10001e4a:	0020      	movs	r0, r4
10001e4c:	47a8      	blx	r5
10001e4e:	b006      	add	sp, #24
10001e50:	bd70      	pop	{r4, r5, r6, pc}
10001e52:	46c0      	nop			@ (mov r8, r8)
10001e54:	10008ec4 	.word	0x10008ec4

10001e58 <_Z15initializeRadioR9SX1280Hal>:
10001e58:	b510      	push	{r4, lr}
10001e5a:	0004      	movs	r4, r0
10001e5c:	6803      	ldr	r3, [r0, #0]
10001e5e:	689b      	ldr	r3, [r3, #8]
10001e60:	4798      	blx	r3
10001e62:	6823      	ldr	r3, [r4, #0]
10001e64:	68db      	ldr	r3, [r3, #12]
10001e66:	0020      	movs	r0, r4
10001e68:	4798      	blx	r3
10001e6a:	4908      	ldr	r1, [pc, #32]	@ (10001e8c <_Z15initializeRadioR9SX1280Hal+0x34>)
10001e6c:	6823      	ldr	r3, [r4, #0]
10001e6e:	691b      	ldr	r3, [r3, #16]
10001e70:	0020      	movs	r0, r4
10001e72:	4798      	blx	r3
10001e74:	6823      	ldr	r3, [r4, #0]
10001e76:	699b      	ldr	r3, [r3, #24]
10001e78:	2101      	movs	r1, #1
10001e7a:	0020      	movs	r0, r4
10001e7c:	4798      	blx	r3
10001e7e:	6823      	ldr	r3, [r4, #0]
10001e80:	695b      	ldr	r3, [r3, #20]
10001e82:	2100      	movs	r1, #0
10001e84:	0020      	movs	r0, r4
10001e86:	4798      	blx	r3
10001e88:	bd10      	pop	{r4, pc}
10001e8a:	46c0      	nop			@ (mov r8, r8)
10001e8c:	10001dd1 	.word	0x10001dd1

10001e90 <_Z12transmitDataR9SX1280HalPKhhhm>:
10001e90:	b5f0      	push	{r4, r5, r6, r7, lr}
10001e92:	46d6      	mov	lr, sl
10001e94:	464f      	mov	r7, r9
10001e96:	4646      	mov	r6, r8
10001e98:	b5c0      	push	{r6, r7, lr}
10001e9a:	b084      	sub	sp, #16
10001e9c:	0005      	movs	r5, r0
10001e9e:	468a      	mov	sl, r1
10001ea0:	4691      	mov	r9, r2
10001ea2:	4698      	mov	r8, r3
10001ea4:	2700      	movs	r7, #0
10001ea6:	e03c      	b.n	10001f22 <_Z12transmitDataR9SX1280HalPKhhhm+0x92>
10001ea8:	4c22      	ldr	r4, [pc, #136]	@ (10001f34 <_Z12transmitDataR9SX1280HalPKhhhm+0xa4>)
10001eaa:	00fe      	lsls	r6, r7, #3
10001eac:	5931      	ldr	r1, [r6, r4]
10001eae:	682b      	ldr	r3, [r5, #0]
10001eb0:	6b9b      	ldr	r3, [r3, #56]	@ 0x38
10001eb2:	0028      	movs	r0, r5
10001eb4:	4798      	blx	r3
10001eb6:	19a4      	adds	r4, r4, r6
10001eb8:	7921      	ldrb	r1, [r4, #4]
10001eba:	682b      	ldr	r3, [r5, #0]
10001ebc:	6d1b      	ldr	r3, [r3, #80]	@ 0x50
10001ebe:	0028      	movs	r0, r5
10001ec0:	4798      	blx	r3
10001ec2:	4b1d      	ldr	r3, [pc, #116]	@ (10001f38 <_Z12transmitDataR9SX1280HalPKhhhm+0xa8>)
10001ec4:	2200      	movs	r2, #0
10001ec6:	701a      	strb	r2, [r3, #0]
10001ec8:	682b      	ldr	r3, [r5, #0]
10001eca:	4a1c      	ldr	r2, [pc, #112]	@ (10001f3c <_Z12transmitDataR9SX1280HalPKhhhm+0xac>)
10001ecc:	9201      	str	r2, [sp, #4]
10001ece:	4652      	mov	r2, sl
10001ed0:	9200      	str	r2, [sp, #0]
10001ed2:	6e5c      	ldr	r4, [r3, #100]	@ 0x64
10001ed4:	4643      	mov	r3, r8
10001ed6:	464a      	mov	r2, r9
10001ed8:	2180      	movs	r1, #128	@ 0x80
10001eda:	0028      	movs	r0, r5
10001edc:	47a0      	blx	r4
10001ede:	682b      	ldr	r3, [r5, #0]
10001ee0:	6bdb      	ldr	r3, [r3, #60]	@ 0x3c
10001ee2:	2200      	movs	r2, #0
10001ee4:	2180      	movs	r1, #128	@ 0x80
10001ee6:	0028      	movs	r0, r5
10001ee8:	4798      	blx	r3
10001eea:	682b      	ldr	r3, [r5, #0]
10001eec:	6edb      	ldr	r3, [r3, #108]	@ 0x6c
10001eee:	4a14      	ldr	r2, [pc, #80]	@ (10001f40 <_Z12transmitDataR9SX1280HalPKhhhm+0xb0>)
10001ef0:	6811      	ldr	r1, [r2, #0]
10001ef2:	9103      	str	r1, [sp, #12]
10001ef4:	0028      	movs	r0, r5
10001ef6:	4798      	blx	r3
10001ef8:	4c0f      	ldr	r4, [pc, #60]	@ (10001f38 <_Z12transmitDataR9SX1280HalPKhhhm+0xa8>)
10001efa:	7824      	ldrb	r4, [r4, #0]
10001efc:	2c00      	cmp	r4, #0
10001efe:	d0fb      	beq.n	10001ef8 <_Z12transmitDataR9SX1280HalPKhhhm+0x68>
10001f00:	0039      	movs	r1, r7
10001f02:	3125      	adds	r1, #37	@ 0x25
10001f04:	480f      	ldr	r0, [pc, #60]	@ (10001f44 <_Z12transmitDataR9SX1280HalPKhhhm+0xb4>)
10001f06:	f003 ff41 	bl	10005d8c <__wrap_printf>
10001f0a:	0028      	movs	r0, r5
10001f0c:	f000 f82c 	bl	10001f68 <_Z19displayPacketStatusR9SX1280Hal>
10001f10:	682b      	ldr	r3, [r5, #0]
10001f12:	6f5b      	ldr	r3, [r3, #116]	@ 0x74
10001f14:	2101      	movs	r1, #1
10001f16:	0028      	movs	r0, r5
10001f18:	4798      	blx	r3
10001f1a:	980c      	ldr	r0, [sp, #48]	@ 0x30
10001f1c:	f001 f8ee 	bl	100030fc <sleep_ms>
10001f20:	3701      	adds	r7, #1
10001f22:	2f02      	cmp	r7, #2
10001f24:	d9c0      	bls.n	10001ea8 <_Z12transmitDataR9SX1280HalPKhhhm+0x18>
10001f26:	b004      	add	sp, #16
10001f28:	bce0      	pop	{r5, r6, r7}
10001f2a:	46ba      	mov	sl, r7
10001f2c:	46b1      	mov	r9, r6
10001f2e:	46a8      	mov	r8, r5
10001f30:	bdf0      	pop	{r4, r5, r6, r7, pc}
10001f32:	46c0      	nop			@ (mov r8, r8)
10001f34:	10009f0c 	.word	0x10009f0c
10001f38:	200024f3 	.word	0x200024f3
10001f3c:	20000cbc 	.word	0x20000cbc
10001f40:	10009f24 	.word	0x10009f24
10001f44:	10008ec8 	.word	0x10008ec8

10001f48 <_Z13initializeLedv>:
10001f48:	b510      	push	{r4, lr}
10001f4a:	2019      	movs	r0, #25
10001f4c:	f000 f91a 	bl	10002184 <gpio_init>
10001f50:	23d0      	movs	r3, #208	@ 0xd0
10001f52:	061b      	lsls	r3, r3, #24
10001f54:	2280      	movs	r2, #128	@ 0x80
10001f56:	0492      	lsls	r2, r2, #18
10001f58:	625a      	str	r2, [r3, #36]	@ 0x24
10001f5a:	bd10      	pop	{r4, pc}

10001f5c <_Z21waitUntilUsbConnectedv>:
10001f5c:	b510      	push	{r4, lr}
10001f5e:	f004 f917 	bl	10006190 <stdio_usb_connected>
10001f62:	2800      	cmp	r0, #0
10001f64:	d0fb      	beq.n	10001f5e <_Z21waitUntilUsbConnectedv+0x2>
10001f66:	bd10      	pop	{r4, pc}

10001f68 <_Z19displayPacketStatusR9SX1280Hal>:
10001f68:	b500      	push	{lr}
10001f6a:	b083      	sub	sp, #12
10001f6c:	6803      	ldr	r3, [r0, #0]
10001f6e:	6f1b      	ldr	r3, [r3, #112]	@ 0x70
10001f70:	4669      	mov	r1, sp
10001f72:	4798      	blx	r3
10001f74:	466b      	mov	r3, sp
10001f76:	78d9      	ldrb	r1, [r3, #3]
10001f78:	07c9      	lsls	r1, r1, #31
10001f7a:	0fc9      	lsrs	r1, r1, #31
10001f7c:	4802      	ldr	r0, [pc, #8]	@ (10001f88 <_Z19displayPacketStatusR9SX1280Hal+0x20>)
10001f7e:	f003 ff05 	bl	10005d8c <__wrap_printf>
10001f82:	b003      	add	sp, #12
10001f84:	bd00      	pop	{pc}
10001f86:	46c0      	nop			@ (mov r8, r8)
10001f88:	10008ee0 	.word	0x10008ee0

10001f8c <gpio_set_function>:
10001f8c:	b510      	push	{r4, lr}
10001f8e:	0083      	lsls	r3, r0, #2
10001f90:	4a08      	ldr	r2, [pc, #32]	@ (10001fb4 <gpio_set_function+0x28>)
10001f92:	189a      	adds	r2, r3, r2
10001f94:	6814      	ldr	r4, [r2, #0]
10001f96:	2240      	movs	r2, #64	@ 0x40
10001f98:	4054      	eors	r4, r2
10001f9a:	3280      	adds	r2, #128	@ 0x80
10001f9c:	4022      	ands	r2, r4
10001f9e:	4c06      	ldr	r4, [pc, #24]	@ (10001fb8 <gpio_set_function+0x2c>)
10001fa0:	46a4      	mov	ip, r4
10001fa2:	4463      	add	r3, ip
10001fa4:	601a      	str	r2, [r3, #0]
10001fa6:	00c0      	lsls	r0, r0, #3
10001fa8:	4b04      	ldr	r3, [pc, #16]	@ (10001fbc <gpio_set_function+0x30>)
10001faa:	469c      	mov	ip, r3
10001fac:	4460      	add	r0, ip
10001fae:	6041      	str	r1, [r0, #4]
10001fb0:	bd10      	pop	{r4, pc}
10001fb2:	46c0      	nop			@ (mov r8, r8)
10001fb4:	4001c004 	.word	0x4001c004
10001fb8:	4001d004 	.word	0x4001d004
10001fbc:	40014000 	.word	0x40014000

10001fc0 <gpio_set_irq_callback>:
10001fc0:	b570      	push	{r4, r5, r6, lr}
10001fc2:	0004      	movs	r4, r0
10001fc4:	23d0      	movs	r3, #208	@ 0xd0
10001fc6:	061b      	lsls	r3, r3, #24
10001fc8:	681d      	ldr	r5, [r3, #0]
10001fca:	4b0d      	ldr	r3, [pc, #52]	@ (10002000 <gpio_set_irq_callback+0x40>)
10001fcc:	00aa      	lsls	r2, r5, #2
10001fce:	58d3      	ldr	r3, [r2, r3]
10001fd0:	2b00      	cmp	r3, #0
10001fd2:	d00a      	beq.n	10001fea <gpio_set_irq_callback+0x2a>
10001fd4:	2800      	cmp	r0, #0
10001fd6:	d003      	beq.n	10001fe0 <gpio_set_irq_callback+0x20>
10001fd8:	4b09      	ldr	r3, [pc, #36]	@ (10002000 <gpio_set_irq_callback+0x40>)
10001fda:	00ad      	lsls	r5, r5, #2
10001fdc:	50ec      	str	r4, [r5, r3]
10001fde:	bd70      	pop	{r4, r5, r6, pc}
10001fe0:	4908      	ldr	r1, [pc, #32]	@ (10002004 <gpio_set_irq_callback+0x44>)
10001fe2:	200d      	movs	r0, #13
10001fe4:	f000 fba2 	bl	1000272c <irq_remove_handler>
10001fe8:	e7f6      	b.n	10001fd8 <gpio_set_irq_callback+0x18>
10001fea:	2800      	cmp	r0, #0
10001fec:	d0f7      	beq.n	10001fde <gpio_set_irq_callback+0x1e>
10001fee:	4b04      	ldr	r3, [pc, #16]	@ (10002000 <gpio_set_irq_callback+0x40>)
10001ff0:	00ad      	lsls	r5, r5, #2
10001ff2:	50e8      	str	r0, [r5, r3]
10001ff4:	4903      	ldr	r1, [pc, #12]	@ (10002004 <gpio_set_irq_callback+0x44>)
10001ff6:	2200      	movs	r2, #0
10001ff8:	200d      	movs	r0, #13
10001ffa:	f000 fa8b 	bl	10002514 <irq_add_shared_handler>
10001ffe:	e7ee      	b.n	10001fde <gpio_set_irq_callback+0x1e>
10002000:	20001e04 	.word	0x20001e04
10002004:	100020e5 	.word	0x100020e5

10002008 <gpio_acknowledge_irq>:
10002008:	2307      	movs	r3, #7
1000200a:	4003      	ands	r3, r0
1000200c:	009b      	lsls	r3, r3, #2
1000200e:	08c0      	lsrs	r0, r0, #3
10002010:	4099      	lsls	r1, r3
10002012:	303c      	adds	r0, #60	@ 0x3c
10002014:	0080      	lsls	r0, r0, #2
10002016:	4b01      	ldr	r3, [pc, #4]	@ (1000201c <gpio_acknowledge_irq+0x14>)
10002018:	50c1      	str	r1, [r0, r3]
1000201a:	4770      	bx	lr
1000201c:	40014000 	.word	0x40014000

10002020 <_gpio_set_irq_enabled>:
10002020:	b5f8      	push	{r3, r4, r5, r6, r7, lr}
10002022:	0007      	movs	r7, r0
10002024:	000d      	movs	r5, r1
10002026:	0016      	movs	r6, r2
10002028:	001c      	movs	r4, r3
1000202a:	f7ff ffed 	bl	10002008 <gpio_acknowledge_irq>
1000202e:	08fb      	lsrs	r3, r7, #3
10002030:	009b      	lsls	r3, r3, #2
10002032:	18e4      	adds	r4, r4, r3
10002034:	2007      	movs	r0, #7
10002036:	4038      	ands	r0, r7
10002038:	0080      	lsls	r0, r0, #2
1000203a:	4085      	lsls	r5, r0
1000203c:	2e00      	cmp	r6, #0
1000203e:	d005      	beq.n	1000204c <_gpio_set_irq_enabled+0x2c>
10002040:	2380      	movs	r3, #128	@ 0x80
10002042:	019b      	lsls	r3, r3, #6
10002044:	469c      	mov	ip, r3
10002046:	4464      	add	r4, ip
10002048:	6025      	str	r5, [r4, #0]
1000204a:	bdf8      	pop	{r3, r4, r5, r6, r7, pc}
1000204c:	23c0      	movs	r3, #192	@ 0xc0
1000204e:	019b      	lsls	r3, r3, #6
10002050:	469c      	mov	ip, r3
10002052:	4464      	add	r4, ip
10002054:	6025      	str	r5, [r4, #0]
10002056:	e7f8      	b.n	1000204a <_gpio_set_irq_enabled+0x2a>

10002058 <gpio_set_irq_enabled>:
10002058:	b570      	push	{r4, r5, r6, lr}
1000205a:	2a00      	cmp	r2, #0
1000205c:	d00e      	beq.n	1000207c <gpio_set_irq_enabled+0x24>
1000205e:	23d0      	movs	r3, #208	@ 0xd0
10002060:	061b      	lsls	r3, r3, #24
10002062:	681c      	ldr	r4, [r3, #0]
10002064:	4b0e      	ldr	r3, [pc, #56]	@ (100020a0 <gpio_set_irq_enabled+0x48>)
10002066:	00a5      	lsls	r5, r4, #2
10002068:	58ed      	ldr	r5, [r5, r3]
1000206a:	2301      	movs	r3, #1
1000206c:	4083      	lsls	r3, r0
1000206e:	422b      	tst	r3, r5
10002070:	d104      	bne.n	1000207c <gpio_set_irq_enabled+0x24>
10002072:	4b0c      	ldr	r3, [pc, #48]	@ (100020a4 <gpio_set_irq_enabled+0x4c>)
10002074:	00a4      	lsls	r4, r4, #2
10002076:	58e3      	ldr	r3, [r4, r3]
10002078:	2b00      	cmp	r3, #0
1000207a:	d008      	beq.n	1000208e <gpio_set_irq_enabled+0x36>
1000207c:	23d0      	movs	r3, #208	@ 0xd0
1000207e:	061b      	lsls	r3, r3, #24
10002080:	681b      	ldr	r3, [r3, #0]
10002082:	2b00      	cmp	r3, #0
10002084:	d009      	beq.n	1000209a <gpio_set_irq_enabled+0x42>
10002086:	4b08      	ldr	r3, [pc, #32]	@ (100020a8 <gpio_set_irq_enabled+0x50>)
10002088:	f7ff ffca 	bl	10002020 <_gpio_set_irq_enabled>
1000208c:	bd70      	pop	{r4, r5, r6, pc}
1000208e:	4b07      	ldr	r3, [pc, #28]	@ (100020ac <gpio_set_irq_enabled+0x54>)
10002090:	4a07      	ldr	r2, [pc, #28]	@ (100020b0 <gpio_set_irq_enabled+0x58>)
10002092:	4808      	ldr	r0, [pc, #32]	@ (100020b4 <gpio_set_irq_enabled+0x5c>)
10002094:	21be      	movs	r1, #190	@ 0xbe
10002096:	f003 fd0b 	bl	10005ab0 <__assert_func>
1000209a:	4b07      	ldr	r3, [pc, #28]	@ (100020b8 <gpio_set_irq_enabled+0x60>)
1000209c:	e7f4      	b.n	10002088 <gpio_set_irq_enabled+0x30>
1000209e:	46c0      	nop			@ (mov r8, r8)
100020a0:	200022b8 	.word	0x200022b8
100020a4:	20001e04 	.word	0x20001e04
100020a8:	40014130 	.word	0x40014130
100020ac:	10008f68 	.word	0x10008f68
100020b0:	10009f28 	.word	0x10009f28
100020b4:	10008f20 	.word	0x10008f20
100020b8:	40014100 	.word	0x40014100

100020bc <gpio_set_irq_enabled_with_callback>:
100020bc:	b570      	push	{r4, r5, r6, lr}
100020be:	0005      	movs	r5, r0
100020c0:	000e      	movs	r6, r1
100020c2:	0014      	movs	r4, r2
100020c4:	0018      	movs	r0, r3
100020c6:	f7ff ff7b 	bl	10001fc0 <gpio_set_irq_callback>
100020ca:	0022      	movs	r2, r4
100020cc:	0031      	movs	r1, r6
100020ce:	0028      	movs	r0, r5
100020d0:	f7ff ffc2 	bl	10002058 <gpio_set_irq_enabled>
100020d4:	2c00      	cmp	r4, #0
100020d6:	d100      	bne.n	100020da <gpio_set_irq_enabled_with_callback+0x1e>
100020d8:	bd70      	pop	{r4, r5, r6, pc}
100020da:	2101      	movs	r1, #1
100020dc:	200d      	movs	r0, #13
100020de:	f000 f9c3 	bl	10002468 <irq_set_enabled>
100020e2:	e7f9      	b.n	100020d8 <gpio_set_irq_enabled_with_callback+0x1c>

100020e4 <gpio_default_irq_handler>:
100020e4:	b5f0      	push	{r4, r5, r6, r7, lr}
100020e6:	46d6      	mov	lr, sl
100020e8:	464f      	mov	r7, r9
100020ea:	4646      	mov	r6, r8
100020ec:	b5c0      	push	{r6, r7, lr}
100020ee:	23d0      	movs	r3, #208	@ 0xd0
100020f0:	061b      	lsls	r3, r3, #24
100020f2:	681f      	ldr	r7, [r3, #0]
100020f4:	4b1f      	ldr	r3, [pc, #124]	@ (10002174 <gpio_default_irq_handler+0x90>)
100020f6:	00ba      	lsls	r2, r7, #2
100020f8:	58d3      	ldr	r3, [r2, r3]
100020fa:	4698      	mov	r8, r3
100020fc:	2f00      	cmp	r7, #0
100020fe:	d003      	beq.n	10002108 <gpio_default_irq_handler+0x24>
10002100:	4b1d      	ldr	r3, [pc, #116]	@ (10002178 <gpio_default_irq_handler+0x94>)
10002102:	4699      	mov	r9, r3
10002104:	2600      	movs	r6, #0
10002106:	e026      	b.n	10002156 <gpio_default_irq_handler+0x72>
10002108:	4b1c      	ldr	r3, [pc, #112]	@ (1000217c <gpio_default_irq_handler+0x98>)
1000210a:	4699      	mov	r9, r3
1000210c:	e7fa      	b.n	10002104 <gpio_default_irq_handler+0x20>
1000210e:	40eb      	lsrs	r3, r5
10002110:	07db      	lsls	r3, r3, #31
10002112:	d514      	bpl.n	1000213e <gpio_default_irq_handler+0x5a>
10002114:	0924      	lsrs	r4, r4, #4
10002116:	3501      	adds	r5, #1
10002118:	2c00      	cmp	r4, #0
1000211a:	d01b      	beq.n	10002154 <gpio_default_irq_handler+0x70>
1000211c:	0033      	movs	r3, r6
1000211e:	3308      	adds	r3, #8
10002120:	42ab      	cmp	r3, r5
10002122:	d917      	bls.n	10002154 <gpio_default_irq_handler+0x70>
10002124:	230f      	movs	r3, #15
10002126:	001a      	movs	r2, r3
10002128:	4022      	ands	r2, r4
1000212a:	4692      	mov	sl, r2
1000212c:	4223      	tst	r3, r4
1000212e:	d0f1      	beq.n	10002114 <gpio_default_irq_handler+0x30>
10002130:	4b13      	ldr	r3, [pc, #76]	@ (10002180 <gpio_default_irq_handler+0x9c>)
10002132:	00ba      	lsls	r2, r7, #2
10002134:	58d3      	ldr	r3, [r2, r3]
10002136:	2d20      	cmp	r5, #32
10002138:	d4e9      	bmi.n	1000210e <gpio_default_irq_handler+0x2a>
1000213a:	2300      	movs	r3, #0
1000213c:	e7e8      	b.n	10002110 <gpio_default_irq_handler+0x2c>
1000213e:	4651      	mov	r1, sl
10002140:	0028      	movs	r0, r5
10002142:	f7ff ff61 	bl	10002008 <gpio_acknowledge_irq>
10002146:	4643      	mov	r3, r8
10002148:	2b00      	cmp	r3, #0
1000214a:	d0e3      	beq.n	10002114 <gpio_default_irq_handler+0x30>
1000214c:	4651      	mov	r1, sl
1000214e:	0028      	movs	r0, r5
10002150:	47c0      	blx	r8
10002152:	e7df      	b.n	10002114 <gpio_default_irq_handler+0x30>
10002154:	3608      	adds	r6, #8
10002156:	2e1d      	cmp	r6, #29
10002158:	d806      	bhi.n	10002168 <gpio_default_irq_handler+0x84>
1000215a:	08f3      	lsrs	r3, r6, #3
1000215c:	3308      	adds	r3, #8
1000215e:	009b      	lsls	r3, r3, #2
10002160:	464a      	mov	r2, r9
10002162:	589c      	ldr	r4, [r3, r2]
10002164:	0035      	movs	r5, r6
10002166:	e7d7      	b.n	10002118 <gpio_default_irq_handler+0x34>
10002168:	bce0      	pop	{r5, r6, r7}
1000216a:	46ba      	mov	sl, r7
1000216c:	46b1      	mov	r9, r6
1000216e:	46a8      	mov	r8, r5
10002170:	bdf0      	pop	{r4, r5, r6, r7, pc}
10002172:	46c0      	nop			@ (mov r8, r8)
10002174:	20001e04 	.word	0x20001e04
10002178:	40014130 	.word	0x40014130
1000217c:	40014100 	.word	0x40014100
10002180:	200022b8 	.word	0x200022b8

10002184 <gpio_init>:
10002184:	b510      	push	{r4, lr}
10002186:	2301      	movs	r3, #1
10002188:	4083      	lsls	r3, r0
1000218a:	22d0      	movs	r2, #208	@ 0xd0
1000218c:	0612      	lsls	r2, r2, #24
1000218e:	6293      	str	r3, [r2, #40]	@ 0x28
10002190:	6193      	str	r3, [r2, #24]
10002192:	2105      	movs	r1, #5
10002194:	f7ff fefa 	bl	10001f8c <gpio_set_function>
10002198:	bd10      	pop	{r4, pc}
	...

1000219c <rp2040_chip_version>:
1000219c:	b510      	push	{r4, lr}
1000219e:	2380      	movs	r3, #128	@ 0x80
100021a0:	05db      	lsls	r3, r3, #23
100021a2:	6818      	ldr	r0, [r3, #0]
100021a4:	0503      	lsls	r3, r0, #20
100021a6:	0d1b      	lsrs	r3, r3, #20
100021a8:	4a0b      	ldr	r2, [pc, #44]	@ (100021d8 <rp2040_chip_version+0x3c>)
100021aa:	4293      	cmp	r3, r2
100021ac:	d107      	bne.n	100021be <rp2040_chip_version+0x22>
100021ae:	4b0b      	ldr	r3, [pc, #44]	@ (100021dc <rp2040_chip_version+0x40>)
100021b0:	4003      	ands	r3, r0
100021b2:	2280      	movs	r2, #128	@ 0x80
100021b4:	0192      	lsls	r2, r2, #6
100021b6:	4293      	cmp	r3, r2
100021b8:	d107      	bne.n	100021ca <rp2040_chip_version+0x2e>
100021ba:	0f00      	lsrs	r0, r0, #28
100021bc:	bd10      	pop	{r4, pc}
100021be:	4b08      	ldr	r3, [pc, #32]	@ (100021e0 <rp2040_chip_version+0x44>)
100021c0:	4a08      	ldr	r2, [pc, #32]	@ (100021e4 <rp2040_chip_version+0x48>)
100021c2:	4809      	ldr	r0, [pc, #36]	@ (100021e8 <rp2040_chip_version+0x4c>)
100021c4:	2122      	movs	r1, #34	@ 0x22
100021c6:	f003 fc73 	bl	10005ab0 <__assert_func>
100021ca:	4b08      	ldr	r3, [pc, #32]	@ (100021ec <rp2040_chip_version+0x50>)
100021cc:	4a05      	ldr	r2, [pc, #20]	@ (100021e4 <rp2040_chip_version+0x48>)
100021ce:	4806      	ldr	r0, [pc, #24]	@ (100021e8 <rp2040_chip_version+0x4c>)
100021d0:	2123      	movs	r1, #35	@ 0x23
100021d2:	f003 fc6d 	bl	10005ab0 <__assert_func>
100021d6:	46c0      	nop			@ (mov r8, r8)
100021d8:	00000927 	.word	0x00000927
100021dc:	0ffff000 	.word	0x0ffff000
100021e0:	10008fc0 	.word	0x10008fc0
100021e4:	10009f40 	.word	0x10009f40
100021e8:	10008fe4 	.word	0x10008fe4
100021ec:	1000902c 	.word	0x1000902c

100021f0 <panic>:
100021f0:	b40f      	push	{r0, r1, r2, r3}
100021f2:	b500      	push	{lr}
100021f4:	b083      	sub	sp, #12
100021f6:	4808      	ldr	r0, [pc, #32]	@ (10002218 <panic+0x28>)
100021f8:	f003 fd98 	bl	10005d2c <__wrap_puts>
100021fc:	9b04      	ldr	r3, [sp, #16]
100021fe:	2b00      	cmp	r3, #0
10002200:	d007      	beq.n	10002212 <panic+0x22>
10002202:	a905      	add	r1, sp, #20
10002204:	9101      	str	r1, [sp, #4]
10002206:	0018      	movs	r0, r3
10002208:	f003 fda0 	bl	10005d4c <__wrap_vprintf>
1000220c:	4803      	ldr	r0, [pc, #12]	@ (1000221c <panic+0x2c>)
1000220e:	f003 fd8d 	bl	10005d2c <__wrap_puts>
10002212:	2001      	movs	r0, #1
10002214:	f003 fc2a 	bl	10005a6c <_exit>
10002218:	10009040 	.word	0x10009040
1000221c:	10008edc 	.word	0x10008edc

10002220 <hw_claim_lock>:
10002220:	f3ef 8010 	mrs	r0, PRIMASK
10002224:	b672      	cpsid	i
10002226:	4b03      	ldr	r3, [pc, #12]	@ (10002234 <hw_claim_lock+0x14>)
10002228:	681b      	ldr	r3, [r3, #0]
1000222a:	2b00      	cmp	r3, #0
1000222c:	d0fb      	beq.n	10002226 <hw_claim_lock+0x6>
1000222e:	f3bf 8f5f 	dmb	sy
10002232:	4770      	bx	lr
10002234:	d000012c 	.word	0xd000012c

10002238 <hw_claim_unlock>:
10002238:	f3bf 8f5f 	dmb	sy
1000223c:	4b02      	ldr	r3, [pc, #8]	@ (10002248 <hw_claim_unlock+0x10>)
1000223e:	2200      	movs	r2, #0
10002240:	601a      	str	r2, [r3, #0]
10002242:	f380 8810 	msr	PRIMASK, r0
10002246:	4770      	bx	lr
10002248:	d000012c 	.word	0xd000012c

1000224c <hw_claim_or_assert>:
1000224c:	b5f8      	push	{r3, r4, r5, r6, r7, lr}
1000224e:	0006      	movs	r6, r0
10002250:	000c      	movs	r4, r1
10002252:	0015      	movs	r5, r2
10002254:	f7ff ffe4 	bl	10002220 <hw_claim_lock>
10002258:	08e3      	lsrs	r3, r4, #3
1000225a:	18f7      	adds	r7, r6, r3
1000225c:	5cf1      	ldrb	r1, [r6, r3]
1000225e:	2207      	movs	r2, #7
10002260:	4022      	ands	r2, r4
10002262:	2301      	movs	r3, #1
10002264:	4093      	lsls	r3, r2
10002266:	420b      	tst	r3, r1
10002268:	d105      	bne.n	10002276 <hw_claim_or_assert+0x2a>
1000226a:	b2db      	uxtb	r3, r3
1000226c:	430b      	orrs	r3, r1
1000226e:	703b      	strb	r3, [r7, #0]
10002270:	f7ff ffe2 	bl	10002238 <hw_claim_unlock>
10002274:	bdf8      	pop	{r3, r4, r5, r6, r7, pc}
10002276:	0021      	movs	r1, r4
10002278:	0028      	movs	r0, r5
1000227a:	f7ff ffb9 	bl	100021f0 <panic>

1000227e <hw_claim_unused_from_range>:
1000227e:	b5f0      	push	{r4, r5, r6, r7, lr}
10002280:	b083      	sub	sp, #12
10002282:	0006      	movs	r6, r0
10002284:	9101      	str	r1, [sp, #4]
10002286:	0014      	movs	r4, r2
10002288:	001f      	movs	r7, r3
1000228a:	f7ff ffc9 	bl	10002220 <hw_claim_lock>
1000228e:	e000      	b.n	10002292 <hw_claim_unused_from_range+0x14>
10002290:	3401      	adds	r4, #1
10002292:	42bc      	cmp	r4, r7
10002294:	d80c      	bhi.n	100022b0 <hw_claim_unused_from_range+0x32>
10002296:	08e3      	lsrs	r3, r4, #3
10002298:	18f5      	adds	r5, r6, r3
1000229a:	5cf3      	ldrb	r3, [r6, r3]
1000229c:	2107      	movs	r1, #7
1000229e:	4021      	ands	r1, r4
100022a0:	2201      	movs	r2, #1
100022a2:	408a      	lsls	r2, r1
100022a4:	421a      	tst	r2, r3
100022a6:	d1f3      	bne.n	10002290 <hw_claim_unused_from_range+0x12>
100022a8:	b2d2      	uxtb	r2, r2
100022aa:	431a      	orrs	r2, r3
100022ac:	702a      	strb	r2, [r5, #0]
100022ae:	e001      	b.n	100022b4 <hw_claim_unused_from_range+0x36>
100022b0:	2401      	movs	r4, #1
100022b2:	4264      	negs	r4, r4
100022b4:	f7ff ffc0 	bl	10002238 <hw_claim_unlock>
100022b8:	2c00      	cmp	r4, #0
100022ba:	db02      	blt.n	100022c2 <hw_claim_unused_from_range+0x44>
100022bc:	0020      	movs	r0, r4
100022be:	b003      	add	sp, #12
100022c0:	bdf0      	pop	{r4, r5, r6, r7, pc}
100022c2:	9b01      	ldr	r3, [sp, #4]
100022c4:	2b00      	cmp	r3, #0
100022c6:	d0f9      	beq.n	100022bc <hw_claim_unused_from_range+0x3e>
100022c8:	9808      	ldr	r0, [sp, #32]
100022ca:	f7ff ff91 	bl	100021f0 <panic>
	...

100022d0 <next_striped_spin_lock_num>:
100022d0:	4a05      	ldr	r2, [pc, #20]	@ (100022e8 <next_striped_spin_lock_num+0x18>)
100022d2:	7810      	ldrb	r0, [r2, #0]
100022d4:	1c43      	adds	r3, r0, #1
100022d6:	b2db      	uxtb	r3, r3
100022d8:	7013      	strb	r3, [r2, #0]
100022da:	2b17      	cmp	r3, #23
100022dc:	d902      	bls.n	100022e4 <next_striped_spin_lock_num+0x14>
100022de:	0013      	movs	r3, r2
100022e0:	2210      	movs	r2, #16
100022e2:	701a      	strb	r2, [r3, #0]
100022e4:	4770      	bx	lr
100022e6:	46c0      	nop			@ (mov r8, r8)
100022e8:	20000cc2 	.word	0x20000cc2

100022ec <spin_lock_claim_unused>:
100022ec:	b510      	push	{r4, lr}
100022ee:	b082      	sub	sp, #8
100022f0:	0001      	movs	r1, r0
100022f2:	4c05      	ldr	r4, [pc, #20]	@ (10002308 <spin_lock_claim_unused+0x1c>)
100022f4:	4b05      	ldr	r3, [pc, #20]	@ (1000230c <spin_lock_claim_unused+0x20>)
100022f6:	9300      	str	r3, [sp, #0]
100022f8:	231f      	movs	r3, #31
100022fa:	2218      	movs	r2, #24
100022fc:	0020      	movs	r0, r4
100022fe:	f7ff ffbe 	bl	1000227e <hw_claim_unused_from_range>
10002302:	b002      	add	sp, #8
10002304:	bd10      	pop	{r4, pc}
10002306:	46c0      	nop			@ (mov r8, r8)
10002308:	20001e14 	.word	0x20001e14
1000230c:	10009050 	.word	0x10009050

10002310 <spin_locks_reset>:
10002310:	2300      	movs	r3, #0
10002312:	e007      	b.n	10002324 <spin_locks_reset+0x14>
10002314:	4a05      	ldr	r2, [pc, #20]	@ (1000232c <spin_locks_reset+0x1c>)
10002316:	189a      	adds	r2, r3, r2
10002318:	0092      	lsls	r2, r2, #2
1000231a:	f3bf 8f5f 	dmb	sy
1000231e:	2100      	movs	r1, #0
10002320:	6011      	str	r1, [r2, #0]
10002322:	3301      	adds	r3, #1
10002324:	2b1f      	cmp	r3, #31
10002326:	d9f5      	bls.n	10002314 <spin_locks_reset+0x4>
10002328:	4770      	bx	lr
1000232a:	46c0      	nop			@ (mov r8, r8)
1000232c:	34000040 	.word	0x34000040

10002330 <set_raw_irq_handler_and_unlock>:
10002330:	4b07      	ldr	r3, [pc, #28]	@ (10002350 <set_raw_irq_handler_and_unlock+0x20>)
10002332:	689b      	ldr	r3, [r3, #8]
10002334:	3010      	adds	r0, #16
10002336:	0080      	lsls	r0, r0, #2
10002338:	5019      	str	r1, [r3, r0]
1000233a:	f3bf 8f5f 	dmb	sy
1000233e:	f3bf 8f5f 	dmb	sy
10002342:	4b04      	ldr	r3, [pc, #16]	@ (10002354 <set_raw_irq_handler_and_unlock+0x24>)
10002344:	2100      	movs	r1, #0
10002346:	6019      	str	r1, [r3, #0]
10002348:	f382 8810 	msr	PRIMASK, r2
1000234c:	4770      	bx	lr
1000234e:	46c0      	nop			@ (mov r8, r8)
10002350:	e000ed00 	.word	0xe000ed00
10002354:	d0000124 	.word	0xd0000124

10002358 <nvic_ipr0>:
10002358:	4800      	ldr	r0, [pc, #0]	@ (1000235c <nvic_ipr0+0x4>)
1000235a:	4770      	bx	lr
1000235c:	e000e400 	.word	0xe000e400

10002360 <runtime_init_per_core_irq_priorities>:
10002360:	b510      	push	{r4, lr}
10002362:	f7ff fff9 	bl	10002358 <nvic_ipr0>
10002366:	2300      	movs	r3, #0
10002368:	e002      	b.n	10002370 <runtime_init_per_core_irq_priorities+0x10>
1000236a:	4a03      	ldr	r2, [pc, #12]	@ (10002378 <runtime_init_per_core_irq_priorities+0x18>)
1000236c:	c004      	stmia	r0!, {r2}
1000236e:	3301      	adds	r3, #1
10002370:	2b07      	cmp	r3, #7
10002372:	d9fa      	bls.n	1000236a <runtime_init_per_core_irq_priorities+0xa>
10002374:	bd10      	pop	{r4, pc}
10002376:	46c0      	nop			@ (mov r8, r8)
10002378:	80808080 	.word	0x80808080

1000237c <resolve_j_16>:
1000237c:	b510      	push	{r4, lr}
1000237e:	8803      	ldrh	r3, [r0, #0]
10002380:	0ada      	lsrs	r2, r3, #11
10002382:	2a1c      	cmp	r2, #28
10002384:	d105      	bne.n	10002392 <resolve_j_16+0x16>
10002386:	055b      	lsls	r3, r3, #21
10002388:	155b      	asrs	r3, r3, #21
1000238a:	3302      	adds	r3, #2
1000238c:	005b      	lsls	r3, r3, #1
1000238e:	18c0      	adds	r0, r0, r3
10002390:	bd10      	pop	{r4, pc}
10002392:	4b03      	ldr	r3, [pc, #12]	@ (100023a0 <resolve_j_16+0x24>)
10002394:	4a03      	ldr	r2, [pc, #12]	@ (100023a4 <resolve_j_16+0x28>)
10002396:	2110      	movs	r1, #16
10002398:	4803      	ldr	r0, [pc, #12]	@ (100023a8 <resolve_j_16+0x2c>)
1000239a:	31ff      	adds	r1, #255	@ 0xff
1000239c:	f003 fb88 	bl	10005ab0 <__assert_func>
100023a0:	1000906c 	.word	0x1000906c
100023a4:	10009fa0 	.word	0x10009fa0
100023a8:	10009084 	.word	0x10009084

100023ac <make_j_16>:
100023ac:	b510      	push	{r4, lr}
100023ae:	1a09      	subs	r1, r1, r0
100023b0:	1f0b      	subs	r3, r1, #4
100023b2:	4a0a      	ldr	r2, [pc, #40]	@ (100023dc <make_j_16+0x30>)
100023b4:	1888      	adds	r0, r1, r2
100023b6:	4a0a      	ldr	r2, [pc, #40]	@ (100023e0 <make_j_16+0x34>)
100023b8:	4290      	cmp	r0, r2
100023ba:	d808      	bhi.n	100023ce <make_j_16+0x22>
100023bc:	07c9      	lsls	r1, r1, #31
100023be:	d406      	bmi.n	100023ce <make_j_16+0x22>
100023c0:	105b      	asrs	r3, r3, #1
100023c2:	055b      	lsls	r3, r3, #21
100023c4:	0d5b      	lsrs	r3, r3, #21
100023c6:	4807      	ldr	r0, [pc, #28]	@ (100023e4 <make_j_16+0x38>)
100023c8:	4318      	orrs	r0, r3
100023ca:	b280      	uxth	r0, r0
100023cc:	bd10      	pop	{r4, pc}
100023ce:	4b06      	ldr	r3, [pc, #24]	@ (100023e8 <make_j_16+0x3c>)
100023d0:	4a06      	ldr	r2, [pc, #24]	@ (100023ec <make_j_16+0x40>)
100023d2:	2102      	movs	r1, #2
100023d4:	4806      	ldr	r0, [pc, #24]	@ (100023f0 <make_j_16+0x44>)
100023d6:	31ff      	adds	r1, #255	@ 0xff
100023d8:	f003 fb6a 	bl	10005ab0 <__assert_func>
100023dc:	000007fc 	.word	0x000007fc
100023e0:	00000ffe 	.word	0x00000ffe
100023e4:	ffffe000 	.word	0xffffe000
100023e8:	100090cc 	.word	0x100090cc
100023ec:	10009f94 	.word	0x10009f94
100023f0:	10009084 	.word	0x10009084

100023f4 <insert_bl_32>:
100023f4:	b510      	push	{r4, lr}
100023f6:	1a09      	subs	r1, r1, r0
100023f8:	3904      	subs	r1, #4
100023fa:	084a      	lsrs	r2, r1, #1
100023fc:	0b09      	lsrs	r1, r1, #12
100023fe:	d108      	bne.n	10002412 <insert_bl_32+0x1e>
10002400:	0549      	lsls	r1, r1, #21
10002402:	0d49      	lsrs	r1, r1, #21
10002404:	4b06      	ldr	r3, [pc, #24]	@ (10002420 <insert_bl_32+0x2c>)
10002406:	430b      	orrs	r3, r1
10002408:	8003      	strh	r3, [r0, #0]
1000240a:	4b06      	ldr	r3, [pc, #24]	@ (10002424 <insert_bl_32+0x30>)
1000240c:	4313      	orrs	r3, r2
1000240e:	8043      	strh	r3, [r0, #2]
10002410:	bd10      	pop	{r4, pc}
10002412:	4b05      	ldr	r3, [pc, #20]	@ (10002428 <insert_bl_32+0x34>)
10002414:	4a05      	ldr	r2, [pc, #20]	@ (1000242c <insert_bl_32+0x38>)
10002416:	210a      	movs	r1, #10
10002418:	4805      	ldr	r0, [pc, #20]	@ (10002430 <insert_bl_32+0x3c>)
1000241a:	31ff      	adds	r1, #255	@ 0xff
1000241c:	f003 fb48 	bl	10005ab0 <__assert_func>
10002420:	fffff000 	.word	0xfffff000
10002424:	fffff800 	.word	0xfffff800
10002428:	100090fc 	.word	0x100090fc
1000242c:	10009f70 	.word	0x10009f70
10002430:	10009084 	.word	0x10009084

10002434 <irq_is_enabled>:
10002434:	2301      	movs	r3, #1
10002436:	4083      	lsls	r3, r0
10002438:	4a03      	ldr	r2, [pc, #12]	@ (10002448 <irq_is_enabled+0x14>)
1000243a:	6810      	ldr	r0, [r2, #0]
1000243c:	4018      	ands	r0, r3
1000243e:	1e43      	subs	r3, r0, #1
10002440:	4198      	sbcs	r0, r3
10002442:	b2c0      	uxtb	r0, r0
10002444:	4770      	bx	lr
10002446:	46c0      	nop			@ (mov r8, r8)
10002448:	e000e100 	.word	0xe000e100

1000244c <irq_set_mask_n_enabled>:
1000244c:	2a00      	cmp	r2, #0
1000244e:	d005      	beq.n	1000245c <irq_set_mask_n_enabled+0x10>
10002450:	4b04      	ldr	r3, [pc, #16]	@ (10002464 <irq_set_mask_n_enabled+0x18>)
10002452:	22c0      	movs	r2, #192	@ 0xc0
10002454:	0052      	lsls	r2, r2, #1
10002456:	5099      	str	r1, [r3, r2]
10002458:	6019      	str	r1, [r3, #0]
1000245a:	4770      	bx	lr
1000245c:	4a01      	ldr	r2, [pc, #4]	@ (10002464 <irq_set_mask_n_enabled+0x18>)
1000245e:	2380      	movs	r3, #128	@ 0x80
10002460:	50d1      	str	r1, [r2, r3]
10002462:	e7fa      	b.n	1000245a <irq_set_mask_n_enabled+0xe>
10002464:	e000e100 	.word	0xe000e100

10002468 <irq_set_enabled>:
10002468:	b510      	push	{r4, lr}
1000246a:	000a      	movs	r2, r1
1000246c:	231f      	movs	r3, #31
1000246e:	4003      	ands	r3, r0
10002470:	2101      	movs	r1, #1
10002472:	4099      	lsls	r1, r3
10002474:	0940      	lsrs	r0, r0, #5
10002476:	f7ff ffe9 	bl	1000244c <irq_set_mask_n_enabled>
1000247a:	bd10      	pop	{r4, pc}

1000247c <irq_set_pending>:
1000247c:	2301      	movs	r3, #1
1000247e:	4083      	lsls	r3, r0
10002480:	4a01      	ldr	r2, [pc, #4]	@ (10002488 <irq_set_pending+0xc>)
10002482:	6013      	str	r3, [r2, #0]
10002484:	4770      	bx	lr
10002486:	46c0      	nop			@ (mov r8, r8)
10002488:	e000e200 	.word	0xe000e200

1000248c <irq_get_vtable_handler>:
1000248c:	4b02      	ldr	r3, [pc, #8]	@ (10002498 <irq_get_vtable_handler+0xc>)
1000248e:	689b      	ldr	r3, [r3, #8]
10002490:	3010      	adds	r0, #16
10002492:	0080      	lsls	r0, r0, #2
10002494:	58c0      	ldr	r0, [r0, r3]
10002496:	4770      	bx	lr
10002498:	e000ed00 	.word	0xe000ed00

1000249c <irq_has_shared_handler>:
1000249c:	b510      	push	{r4, lr}
1000249e:	f7ff fff5 	bl	1000248c <irq_get_vtable_handler>
100024a2:	2800      	cmp	r0, #0
100024a4:	d005      	beq.n	100024b2 <irq_has_shared_handler+0x16>
100024a6:	4b05      	ldr	r3, [pc, #20]	@ (100024bc <irq_has_shared_handler+0x20>)
100024a8:	1ac0      	subs	r0, r0, r3
100024aa:	282f      	cmp	r0, #47	@ 0x2f
100024ac:	d803      	bhi.n	100024b6 <irq_has_shared_handler+0x1a>
100024ae:	2001      	movs	r0, #1
100024b0:	bd10      	pop	{r4, pc}
100024b2:	2000      	movs	r0, #0
100024b4:	e7fc      	b.n	100024b0 <irq_has_shared_handler+0x14>
100024b6:	2000      	movs	r0, #0
100024b8:	e7fa      	b.n	100024b0 <irq_has_shared_handler+0x14>
100024ba:	46c0      	nop			@ (mov r8, r8)
100024bc:	20000cc4 	.word	0x20000cc4

100024c0 <irq_set_exclusive_handler>:
100024c0:	b570      	push	{r4, r5, r6, lr}
100024c2:	0004      	movs	r4, r0
100024c4:	000d      	movs	r5, r1
100024c6:	f3ef 8610 	mrs	r6, PRIMASK
100024ca:	b672      	cpsid	i
100024cc:	4b0c      	ldr	r3, [pc, #48]	@ (10002500 <irq_set_exclusive_handler+0x40>)
100024ce:	681b      	ldr	r3, [r3, #0]
100024d0:	2b00      	cmp	r3, #0
100024d2:	d0fb      	beq.n	100024cc <irq_set_exclusive_handler+0xc>
100024d4:	f3bf 8f5f 	dmb	sy
100024d8:	0020      	movs	r0, r4
100024da:	f7ff ffd7 	bl	1000248c <irq_get_vtable_handler>
100024de:	4b09      	ldr	r3, [pc, #36]	@ (10002504 <irq_set_exclusive_handler+0x44>)
100024e0:	4298      	cmp	r0, r3
100024e2:	d001      	beq.n	100024e8 <irq_set_exclusive_handler+0x28>
100024e4:	42a8      	cmp	r0, r5
100024e6:	d105      	bne.n	100024f4 <irq_set_exclusive_handler+0x34>
100024e8:	0032      	movs	r2, r6
100024ea:	0029      	movs	r1, r5
100024ec:	0020      	movs	r0, r4
100024ee:	f7ff ff1f 	bl	10002330 <set_raw_irq_handler_and_unlock>
100024f2:	bd70      	pop	{r4, r5, r6, pc}
100024f4:	4b04      	ldr	r3, [pc, #16]	@ (10002508 <irq_set_exclusive_handler+0x48>)
100024f6:	4a05      	ldr	r2, [pc, #20]	@ (1000250c <irq_set_exclusive_handler+0x4c>)
100024f8:	4805      	ldr	r0, [pc, #20]	@ (10002510 <irq_set_exclusive_handler+0x50>)
100024fa:	21e1      	movs	r1, #225	@ 0xe1
100024fc:	f003 fad8 	bl	10005ab0 <__assert_func>
10002500:	d0000124 	.word	0xd0000124
10002504:	100001cd 	.word	0x100001cd
10002508:	1000910c 	.word	0x1000910c
1000250c:	10009fc8 	.word	0x10009fc8
10002510:	10009084 	.word	0x10009084

10002514 <irq_add_shared_handler>:
10002514:	b5f0      	push	{r4, r5, r6, r7, lr}
10002516:	46de      	mov	lr, fp
10002518:	4657      	mov	r7, sl
1000251a:	464e      	mov	r6, r9
1000251c:	4645      	mov	r5, r8
1000251e:	b5e0      	push	{r5, r6, r7, lr}
10002520:	b089      	sub	sp, #36	@ 0x24
10002522:	4681      	mov	r9, r0
10002524:	9101      	str	r1, [sp, #4]
10002526:	0015      	movs	r5, r2
10002528:	f3ef 8b10 	mrs	fp, PRIMASK
1000252c:	b672      	cpsid	i
1000252e:	4b6f      	ldr	r3, [pc, #444]	@ (100026ec <irq_add_shared_handler+0x1d8>)
10002530:	681b      	ldr	r3, [r3, #0]
10002532:	2b00      	cmp	r3, #0
10002534:	d0fb      	beq.n	1000252e <irq_add_shared_handler+0x1a>
10002536:	f3bf 8f5f 	dmb	sy
1000253a:	4b6d      	ldr	r3, [pc, #436]	@ (100026f0 <irq_add_shared_handler+0x1dc>)
1000253c:	2600      	movs	r6, #0
1000253e:	579e      	ldrsb	r6, [r3, r6]
10002540:	2e00      	cmp	r6, #0
10002542:	db40      	blt.n	100025c6 <irq_add_shared_handler+0xb2>
10002544:	0074      	lsls	r4, r6, #1
10002546:	19a4      	adds	r4, r4, r6
10002548:	00a4      	lsls	r4, r4, #2
1000254a:	486a      	ldr	r0, [pc, #424]	@ (100026f4 <irq_add_shared_handler+0x1e0>)
1000254c:	1824      	adds	r4, r4, r0
1000254e:	2206      	movs	r2, #6
10002550:	56a2      	ldrsb	r2, [r4, r2]
10002552:	4b67      	ldr	r3, [pc, #412]	@ (100026f0 <irq_add_shared_handler+0x1dc>)
10002554:	701a      	strb	r2, [r3, #0]
10002556:	4b68      	ldr	r3, [pc, #416]	@ (100026f8 <irq_add_shared_handler+0x1e4>)
10002558:	689a      	ldr	r2, [r3, #8]
1000255a:	464b      	mov	r3, r9
1000255c:	3310      	adds	r3, #16
1000255e:	009b      	lsls	r3, r3, #2
10002560:	58d3      	ldr	r3, [r2, r3]
10002562:	4698      	mov	r8, r3
10002564:	1a1b      	subs	r3, r3, r0
10002566:	2b2f      	cmp	r3, #47	@ 0x2f
10002568:	d93b      	bls.n	100025e2 <irq_add_shared_handler+0xce>
1000256a:	4b64      	ldr	r3, [pc, #400]	@ (100026fc <irq_add_shared_handler+0x1e8>)
1000256c:	4598      	cmp	r8, r3
1000256e:	d131      	bne.n	100025d4 <irq_add_shared_handler+0xc0>
10002570:	af05      	add	r7, sp, #20
10002572:	4b63      	ldr	r3, [pc, #396]	@ (10002700 <irq_add_shared_handler+0x1ec>)
10002574:	803b      	strh	r3, [r7, #0]
10002576:	4963      	ldr	r1, [pc, #396]	@ (10002704 <irq_add_shared_handler+0x1f0>)
10002578:	0073      	lsls	r3, r6, #1
1000257a:	469a      	mov	sl, r3
1000257c:	1998      	adds	r0, r3, r6
1000257e:	0080      	lsls	r0, r0, #2
10002580:	4b5c      	ldr	r3, [pc, #368]	@ (100026f4 <irq_add_shared_handler+0x1e0>)
10002582:	4698      	mov	r8, r3
10002584:	4440      	add	r0, r8
10002586:	3002      	adds	r0, #2
10002588:	f7ff ff10 	bl	100023ac <make_j_16>
1000258c:	8078      	strh	r0, [r7, #2]
1000258e:	4b5e      	ldr	r3, [pc, #376]	@ (10002708 <irq_add_shared_handler+0x1f4>)
10002590:	80bb      	strh	r3, [r7, #4]
10002592:	23ff      	movs	r3, #255	@ 0xff
10002594:	71bb      	strb	r3, [r7, #6]
10002596:	71fd      	strb	r5, [r7, #7]
10002598:	9b01      	ldr	r3, [sp, #4]
1000259a:	9307      	str	r3, [sp, #28]
1000259c:	0033      	movs	r3, r6
1000259e:	4453      	add	r3, sl
100025a0:	009b      	lsls	r3, r3, #2
100025a2:	4443      	add	r3, r8
100025a4:	cf07      	ldmia	r7!, {r0, r1, r2}
100025a6:	c307      	stmia	r3!, {r0, r1, r2}
100025a8:	2301      	movs	r3, #1
100025aa:	431c      	orrs	r4, r3
100025ac:	46a0      	mov	r8, r4
100025ae:	465a      	mov	r2, fp
100025b0:	4641      	mov	r1, r8
100025b2:	4648      	mov	r0, r9
100025b4:	f7ff febc 	bl	10002330 <set_raw_irq_handler_and_unlock>
100025b8:	b009      	add	sp, #36	@ 0x24
100025ba:	bcf0      	pop	{r4, r5, r6, r7}
100025bc:	46bb      	mov	fp, r7
100025be:	46b2      	mov	sl, r6
100025c0:	46a9      	mov	r9, r5
100025c2:	46a0      	mov	r8, r4
100025c4:	bdf0      	pop	{r4, r5, r6, r7, pc}
100025c6:	4b51      	ldr	r3, [pc, #324]	@ (1000270c <irq_add_shared_handler+0x1f8>)
100025c8:	4a51      	ldr	r2, [pc, #324]	@ (10002710 <irq_add_shared_handler+0x1fc>)
100025ca:	216e      	movs	r1, #110	@ 0x6e
100025cc:	4851      	ldr	r0, [pc, #324]	@ (10002714 <irq_add_shared_handler+0x200>)
100025ce:	31ff      	adds	r1, #255	@ 0xff
100025d0:	f003 fa6e 	bl	10005ab0 <__assert_func>
100025d4:	4b50      	ldr	r3, [pc, #320]	@ (10002718 <irq_add_shared_handler+0x204>)
100025d6:	4a4e      	ldr	r2, [pc, #312]	@ (10002710 <irq_add_shared_handler+0x1fc>)
100025d8:	21ba      	movs	r1, #186	@ 0xba
100025da:	484e      	ldr	r0, [pc, #312]	@ (10002714 <irq_add_shared_handler+0x200>)
100025dc:	0049      	lsls	r1, r1, #1
100025de:	f003 fa67 	bl	10005ab0 <__assert_func>
100025e2:	2301      	movs	r3, #1
100025e4:	4642      	mov	r2, r8
100025e6:	439a      	bics	r2, r3
100025e8:	4692      	mov	sl, r2
100025ea:	1a10      	subs	r0, r2, r0
100025ec:	210c      	movs	r1, #12
100025ee:	f001 f92b 	bl	10003848 <__wrap___aeabi_uidiv>
100025f2:	2900      	cmp	r1, #0
100025f4:	d10f      	bne.n	10002616 <irq_add_shared_handler+0x102>
100025f6:	4653      	mov	r3, sl
100025f8:	2700      	movs	r7, #0
100025fa:	79da      	ldrb	r2, [r3, #7]
100025fc:	42aa      	cmp	r2, r5
100025fe:	d912      	bls.n	10002626 <irq_add_shared_handler+0x112>
10002600:	2106      	movs	r1, #6
10002602:	5659      	ldrsb	r1, [r3, r1]
10002604:	2900      	cmp	r1, #0
10002606:	db0d      	blt.n	10002624 <irq_add_shared_handler+0x110>
10002608:	004a      	lsls	r2, r1, #1
1000260a:	1852      	adds	r2, r2, r1
1000260c:	0092      	lsls	r2, r2, #2
1000260e:	4939      	ldr	r1, [pc, #228]	@ (100026f4 <irq_add_shared_handler+0x1e0>)
10002610:	001f      	movs	r7, r3
10002612:	188b      	adds	r3, r1, r2
10002614:	e7f1      	b.n	100025fa <irq_add_shared_handler+0xe6>
10002616:	4b41      	ldr	r3, [pc, #260]	@ (1000271c <irq_add_shared_handler+0x208>)
10002618:	4a3d      	ldr	r2, [pc, #244]	@ (10002710 <irq_add_shared_handler+0x1fc>)
1000261a:	2186      	movs	r1, #134	@ 0x86
1000261c:	483d      	ldr	r0, [pc, #244]	@ (10002714 <irq_add_shared_handler+0x200>)
1000261e:	31ff      	adds	r1, #255	@ 0xff
10002620:	f003 fa46 	bl	10005ab0 <__assert_func>
10002624:	001f      	movs	r7, r3
10002626:	2f00      	cmp	r7, #0
10002628:	d02e      	beq.n	10002688 <irq_add_shared_handler+0x174>
1000262a:	ab05      	add	r3, sp, #20
1000262c:	4a3c      	ldr	r2, [pc, #240]	@ (10002720 <irq_add_shared_handler+0x20c>)
1000262e:	801a      	strh	r2, [r3, #0]
10002630:	3a81      	subs	r2, #129	@ 0x81
10002632:	805a      	strh	r2, [r3, #2]
10002634:	2306      	movs	r3, #6
10002636:	56fb      	ldrsb	r3, [r7, r3]
10002638:	9302      	str	r3, [sp, #8]
1000263a:	2b00      	cmp	r3, #0
1000263c:	da17      	bge.n	1000266e <irq_add_shared_handler+0x15a>
1000263e:	4839      	ldr	r0, [pc, #228]	@ (10002724 <irq_add_shared_handler+0x210>)
10002640:	ab05      	add	r3, sp, #20
10002642:	469a      	mov	sl, r3
10002644:	8098      	strh	r0, [r3, #4]
10002646:	9a02      	ldr	r2, [sp, #8]
10002648:	719a      	strb	r2, [r3, #6]
1000264a:	71dd      	strb	r5, [r3, #7]
1000264c:	9a01      	ldr	r2, [sp, #4]
1000264e:	9207      	str	r2, [sp, #28]
10002650:	1d38      	adds	r0, r7, #4
10002652:	0021      	movs	r1, r4
10002654:	f7ff feaa 	bl	100023ac <make_j_16>
10002658:	80b8      	strh	r0, [r7, #4]
1000265a:	71be      	strb	r6, [r7, #6]
1000265c:	4b25      	ldr	r3, [pc, #148]	@ (100026f4 <irq_add_shared_handler+0x1e0>)
1000265e:	0072      	lsls	r2, r6, #1
10002660:	1992      	adds	r2, r2, r6
10002662:	0092      	lsls	r2, r2, #2
10002664:	189b      	adds	r3, r3, r2
10002666:	4652      	mov	r2, sl
10002668:	ca13      	ldmia	r2!, {r0, r1, r4}
1000266a:	c313      	stmia	r3!, {r0, r1, r4}
1000266c:	e79f      	b.n	100025ae <irq_add_shared_handler+0x9a>
1000266e:	1d38      	adds	r0, r7, #4
10002670:	f7ff fe84 	bl	1000237c <resolve_j_16>
10002674:	0001      	movs	r1, r0
10002676:	0070      	lsls	r0, r6, #1
10002678:	1980      	adds	r0, r0, r6
1000267a:	0080      	lsls	r0, r0, #2
1000267c:	4b1d      	ldr	r3, [pc, #116]	@ (100026f4 <irq_add_shared_handler+0x1e0>)
1000267e:	18c0      	adds	r0, r0, r3
10002680:	3004      	adds	r0, #4
10002682:	f7ff fe93 	bl	100023ac <make_j_16>
10002686:	e7db      	b.n	10002640 <irq_add_shared_handler+0x12c>
10002688:	af05      	add	r7, sp, #20
1000268a:	4b1d      	ldr	r3, [pc, #116]	@ (10002700 <irq_add_shared_handler+0x1ec>)
1000268c:	803b      	strh	r3, [r7, #0]
1000268e:	491d      	ldr	r1, [pc, #116]	@ (10002704 <irq_add_shared_handler+0x1f0>)
10002690:	0073      	lsls	r3, r6, #1
10002692:	9302      	str	r3, [sp, #8]
10002694:	199b      	adds	r3, r3, r6
10002696:	009b      	lsls	r3, r3, #2
10002698:	4a16      	ldr	r2, [pc, #88]	@ (100026f4 <irq_add_shared_handler+0x1e0>)
1000269a:	4690      	mov	r8, r2
1000269c:	001a      	movs	r2, r3
1000269e:	4442      	add	r2, r8
100026a0:	9203      	str	r2, [sp, #12]
100026a2:	1c90      	adds	r0, r2, #2
100026a4:	f7ff fe82 	bl	100023ac <make_j_16>
100026a8:	8078      	strh	r0, [r7, #2]
100026aa:	9a03      	ldr	r2, [sp, #12]
100026ac:	1d10      	adds	r0, r2, #4
100026ae:	4651      	mov	r1, sl
100026b0:	f7ff fe7c 	bl	100023ac <make_j_16>
100026b4:	80b8      	strh	r0, [r7, #4]
100026b6:	4b1c      	ldr	r3, [pc, #112]	@ (10002728 <irq_add_shared_handler+0x214>)
100026b8:	4652      	mov	r2, sl
100026ba:	4641      	mov	r1, r8
100026bc:	1a52      	subs	r2, r2, r1
100026be:	4152      	adcs	r2, r2
100026c0:	4353      	muls	r3, r2
100026c2:	0d1b      	lsrs	r3, r3, #20
100026c4:	71bb      	strb	r3, [r7, #6]
100026c6:	71fd      	strb	r5, [r7, #7]
100026c8:	9a01      	ldr	r2, [sp, #4]
100026ca:	9207      	str	r2, [sp, #28]
100026cc:	9b02      	ldr	r3, [sp, #8]
100026ce:	199b      	adds	r3, r3, r6
100026d0:	009b      	lsls	r3, r3, #2
100026d2:	4443      	add	r3, r8
100026d4:	cf07      	ldmia	r7!, {r0, r1, r2}
100026d6:	c307      	stmia	r3!, {r0, r1, r2}
100026d8:	4b11      	ldr	r3, [pc, #68]	@ (10002720 <irq_add_shared_handler+0x20c>)
100026da:	4652      	mov	r2, sl
100026dc:	8013      	strh	r3, [r2, #0]
100026de:	3b81      	subs	r3, #129	@ 0x81
100026e0:	8053      	strh	r3, [r2, #2]
100026e2:	2301      	movs	r3, #1
100026e4:	431c      	orrs	r4, r3
100026e6:	46a0      	mov	r8, r4
100026e8:	e761      	b.n	100025ae <irq_add_shared_handler+0x9a>
100026ea:	46c0      	nop			@ (mov r8, r8)
100026ec:	d0000124 	.word	0xd0000124
100026f0:	200024ef 	.word	0x200024ef
100026f4:	20000cc4 	.word	0x20000cc4
100026f8:	e000ed00 	.word	0xe000ed00
100026fc:	100001cd 	.word	0x100001cd
10002700:	ffffa100 	.word	0xffffa100
10002704:	20000cf4 	.word	0x20000cf4
10002708:	ffffbd01 	.word	0xffffbd01
1000270c:	10009144 	.word	0x10009144
10002710:	10009fb0 	.word	0x10009fb0
10002714:	10009084 	.word	0x10009084
10002718:	1000916c 	.word	0x1000916c
1000271c:	10009194 	.word	0x10009194
10002720:	00004801 	.word	0x00004801
10002724:	0000bd01 	.word	0x0000bd01
10002728:	0000aaaa 	.word	0x0000aaaa

1000272c <irq_remove_handler>:
1000272c:	b5f0      	push	{r4, r5, r6, r7, lr}
1000272e:	46ce      	mov	lr, r9
10002730:	4647      	mov	r7, r8
10002732:	b580      	push	{r7, lr}
10002734:	b083      	sub	sp, #12
10002736:	0006      	movs	r6, r0
10002738:	000d      	movs	r5, r1
1000273a:	f3ef 8810 	mrs	r8, PRIMASK
1000273e:	b672      	cpsid	i
10002740:	4b4f      	ldr	r3, [pc, #316]	@ (10002880 <irq_remove_handler+0x154>)
10002742:	681b      	ldr	r3, [r3, #0]
10002744:	2b00      	cmp	r3, #0
10002746:	d0fb      	beq.n	10002740 <irq_remove_handler+0x14>
10002748:	f3bf 8f5f 	dmb	sy
1000274c:	4b4d      	ldr	r3, [pc, #308]	@ (10002884 <irq_remove_handler+0x158>)
1000274e:	689a      	ldr	r2, [r3, #8]
10002750:	0034      	movs	r4, r6
10002752:	3410      	adds	r4, #16
10002754:	00a3      	lsls	r3, r4, #2
10002756:	58d7      	ldr	r7, [r2, r3]
10002758:	4b4b      	ldr	r3, [pc, #300]	@ (10002888 <irq_remove_handler+0x15c>)
1000275a:	429f      	cmp	r7, r3
1000275c:	d007      	beq.n	1000276e <irq_remove_handler+0x42>
1000275e:	42af      	cmp	r7, r5
10002760:	d100      	bne.n	10002764 <irq_remove_handler+0x38>
10002762:	e08a      	b.n	1000287a <irq_remove_handler+0x14e>
10002764:	9701      	str	r7, [sp, #4]
10002766:	4b49      	ldr	r3, [pc, #292]	@ (1000288c <irq_remove_handler+0x160>)
10002768:	1afb      	subs	r3, r7, r3
1000276a:	2b2f      	cmp	r3, #47	@ 0x2f
1000276c:	d909      	bls.n	10002782 <irq_remove_handler+0x56>
1000276e:	4642      	mov	r2, r8
10002770:	0039      	movs	r1, r7
10002772:	0030      	movs	r0, r6
10002774:	f7ff fddc 	bl	10002330 <set_raw_irq_handler_and_unlock>
10002778:	b003      	add	sp, #12
1000277a:	bcc0      	pop	{r6, r7}
1000277c:	46b9      	mov	r9, r7
1000277e:	46b0      	mov	r8, r6
10002780:	bdf0      	pop	{r4, r5, r6, r7, pc}
10002782:	0030      	movs	r0, r6
10002784:	f7ff fe56 	bl	10002434 <irq_is_enabled>
10002788:	4681      	mov	r9, r0
1000278a:	2100      	movs	r1, #0
1000278c:	0030      	movs	r0, r6
1000278e:	f7ff fe6b 	bl	10002468 <irq_set_enabled>
10002792:	f3bf 8f5f 	dmb	sy
10002796:	f3ef 8105 	mrs	r1, IPSR
1000279a:	2900      	cmp	r1, #0
1000279c:	d001      	beq.n	100027a2 <irq_remove_handler+0x76>
1000279e:	428c      	cmp	r4, r1
100027a0:	d111      	bne.n	100027c6 <irq_remove_handler+0x9a>
100027a2:	2301      	movs	r3, #1
100027a4:	9c01      	ldr	r4, [sp, #4]
100027a6:	439c      	bics	r4, r3
100027a8:	2000      	movs	r0, #0
100027aa:	68a3      	ldr	r3, [r4, #8]
100027ac:	429d      	cmp	r5, r3
100027ae:	d012      	beq.n	100027d6 <irq_remove_handler+0xaa>
100027b0:	2206      	movs	r2, #6
100027b2:	56a2      	ldrsb	r2, [r4, r2]
100027b4:	2a00      	cmp	r2, #0
100027b6:	db0d      	blt.n	100027d4 <irq_remove_handler+0xa8>
100027b8:	0053      	lsls	r3, r2, #1
100027ba:	189b      	adds	r3, r3, r2
100027bc:	009b      	lsls	r3, r3, #2
100027be:	4a33      	ldr	r2, [pc, #204]	@ (1000288c <irq_remove_handler+0x160>)
100027c0:	0020      	movs	r0, r4
100027c2:	18d4      	adds	r4, r2, r3
100027c4:	e7f1      	b.n	100027aa <irq_remove_handler+0x7e>
100027c6:	4b32      	ldr	r3, [pc, #200]	@ (10002890 <irq_remove_handler+0x164>)
100027c8:	4a32      	ldr	r2, [pc, #200]	@ (10002894 <irq_remove_handler+0x168>)
100027ca:	21f4      	movs	r1, #244	@ 0xf4
100027cc:	4832      	ldr	r0, [pc, #200]	@ (10002898 <irq_remove_handler+0x16c>)
100027ce:	31ff      	adds	r1, #255	@ 0xff
100027d0:	f003 f96e 	bl	10005ab0 <__assert_func>
100027d4:	0020      	movs	r0, r4
100027d6:	429d      	cmp	r5, r3
100027d8:	d149      	bne.n	1000286e <irq_remove_handler+0x142>
100027da:	2506      	movs	r5, #6
100027dc:	5765      	ldrsb	r5, [r4, r5]
100027de:	2d00      	cmp	r5, #0
100027e0:	db2b      	blt.n	1000283a <irq_remove_handler+0x10e>
100027e2:	4b2a      	ldr	r3, [pc, #168]	@ (1000288c <irq_remove_handler+0x160>)
100027e4:	006a      	lsls	r2, r5, #1
100027e6:	1952      	adds	r2, r2, r5
100027e8:	0092      	lsls	r2, r2, #2
100027ea:	189b      	adds	r3, r3, r2
100027ec:	689a      	ldr	r2, [r3, #8]
100027ee:	60a2      	str	r2, [r4, #8]
100027f0:	79da      	ldrb	r2, [r3, #7]
100027f2:	71e2      	strb	r2, [r4, #7]
100027f4:	799b      	ldrb	r3, [r3, #6]
100027f6:	b25b      	sxtb	r3, r3
100027f8:	71a3      	strb	r3, [r4, #6]
100027fa:	2b00      	cmp	r3, #0
100027fc:	da0f      	bge.n	1000281e <irq_remove_handler+0xf2>
100027fe:	4827      	ldr	r0, [pc, #156]	@ (1000289c <irq_remove_handler+0x170>)
10002800:	80a0      	strh	r0, [r4, #4]
10002802:	4b22      	ldr	r3, [pc, #136]	@ (1000288c <irq_remove_handler+0x160>)
10002804:	006a      	lsls	r2, r5, #1
10002806:	1952      	adds	r2, r2, r5
10002808:	0092      	lsls	r2, r2, #2
1000280a:	189b      	adds	r3, r3, r2
1000280c:	4a24      	ldr	r2, [pc, #144]	@ (100028a0 <irq_remove_handler+0x174>)
1000280e:	7811      	ldrb	r1, [r2, #0]
10002810:	7199      	strb	r1, [r3, #6]
10002812:	7015      	strb	r5, [r2, #0]
10002814:	4649      	mov	r1, r9
10002816:	0030      	movs	r0, r6
10002818:	f7ff fe26 	bl	10002468 <irq_set_enabled>
1000281c:	e7a7      	b.n	1000276e <irq_remove_handler+0x42>
1000281e:	0068      	lsls	r0, r5, #1
10002820:	1940      	adds	r0, r0, r5
10002822:	0080      	lsls	r0, r0, #2
10002824:	4b19      	ldr	r3, [pc, #100]	@ (1000288c <irq_remove_handler+0x160>)
10002826:	18c0      	adds	r0, r0, r3
10002828:	3004      	adds	r0, #4
1000282a:	f7ff fda7 	bl	1000237c <resolve_j_16>
1000282e:	0001      	movs	r1, r0
10002830:	1d23      	adds	r3, r4, #4
10002832:	0018      	movs	r0, r3
10002834:	f7ff fdba 	bl	100023ac <make_j_16>
10002838:	e7e2      	b.n	10002800 <irq_remove_handler+0xd4>
1000283a:	2900      	cmp	r1, #0
1000283c:	d112      	bne.n	10002864 <irq_remove_handler+0x138>
1000283e:	2800      	cmp	r0, #0
10002840:	d00e      	beq.n	10002860 <irq_remove_handler+0x134>
10002842:	23ff      	movs	r3, #255	@ 0xff
10002844:	7183      	strb	r3, [r0, #6]
10002846:	4b17      	ldr	r3, [pc, #92]	@ (100028a4 <irq_remove_handler+0x178>)
10002848:	8083      	strh	r3, [r0, #4]
1000284a:	4915      	ldr	r1, [pc, #84]	@ (100028a0 <irq_remove_handler+0x174>)
1000284c:	780b      	ldrb	r3, [r1, #0]
1000284e:	71a3      	strb	r3, [r4, #6]
10002850:	4a0e      	ldr	r2, [pc, #56]	@ (1000288c <irq_remove_handler+0x160>)
10002852:	4b15      	ldr	r3, [pc, #84]	@ (100028a8 <irq_remove_handler+0x17c>)
10002854:	1aa4      	subs	r4, r4, r2
10002856:	4164      	adcs	r4, r4
10002858:	4363      	muls	r3, r4
1000285a:	0d1b      	lsrs	r3, r3, #20
1000285c:	700b      	strb	r3, [r1, #0]
1000285e:	e7d9      	b.n	10002814 <irq_remove_handler+0xe8>
10002860:	4f09      	ldr	r7, [pc, #36]	@ (10002888 <irq_remove_handler+0x15c>)
10002862:	e7f2      	b.n	1000284a <irq_remove_handler+0x11e>
10002864:	4911      	ldr	r1, [pc, #68]	@ (100028ac <irq_remove_handler+0x180>)
10002866:	1d20      	adds	r0, r4, #4
10002868:	f7ff fdc4 	bl	100023f4 <insert_bl_32>
1000286c:	e7d2      	b.n	10002814 <irq_remove_handler+0xe8>
1000286e:	4b10      	ldr	r3, [pc, #64]	@ (100028b0 <irq_remove_handler+0x184>)
10002870:	4a08      	ldr	r2, [pc, #32]	@ (10002894 <irq_remove_handler+0x168>)
10002872:	4809      	ldr	r0, [pc, #36]	@ (10002898 <irq_remove_handler+0x16c>)
10002874:	490f      	ldr	r1, [pc, #60]	@ (100028b4 <irq_remove_handler+0x188>)
10002876:	f003 f91b 	bl	10005ab0 <__assert_func>
1000287a:	4f03      	ldr	r7, [pc, #12]	@ (10002888 <irq_remove_handler+0x15c>)
1000287c:	e777      	b.n	1000276e <irq_remove_handler+0x42>
1000287e:	46c0      	nop			@ (mov r8, r8)
10002880:	d0000124 	.word	0xd0000124
10002884:	e000ed00 	.word	0xe000ed00
10002888:	100001cd 	.word	0x100001cd
1000288c:	20000cc4 	.word	0x20000cc4
10002890:	10009218 	.word	0x10009218
10002894:	10009f80 	.word	0x10009f80
10002898:	10009084 	.word	0x10009084
1000289c:	0000bd01 	.word	0x0000bd01
100028a0:	200024ef 	.word	0x200024ef
100028a4:	ffffbd01 	.word	0xffffbd01
100028a8:	0000aaaa 	.word	0x0000aaaa
100028ac:	20000cfe 	.word	0x20000cfe
100028b0:	1000924c 	.word	0x1000924c
100028b4:	00000235 	.word	0x00000235

100028b8 <irq_add_tail_to_free_list>:
100028b8:	b5f8      	push	{r3, r4, r5, r6, r7, lr}
100028ba:	2201      	movs	r2, #1
100028bc:	4302      	orrs	r2, r0
100028be:	4b2c      	ldr	r3, [pc, #176]	@ (10002970 <irq_add_tail_to_free_list+0xb8>)
100028c0:	1ad3      	subs	r3, r2, r3
100028c2:	2b2f      	cmp	r3, #47	@ 0x2f
100028c4:	d828      	bhi.n	10002918 <irq_add_tail_to_free_list+0x60>
100028c6:	f3ef 8305 	mrs	r3, IPSR
100028ca:	2b00      	cmp	r3, #0
100028cc:	d02a      	beq.n	10002924 <irq_add_tail_to_free_list+0x6c>
100028ce:	f3ef 8410 	mrs	r4, PRIMASK
100028d2:	b672      	cpsid	i
100028d4:	4927      	ldr	r1, [pc, #156]	@ (10002974 <irq_add_tail_to_free_list+0xbc>)
100028d6:	6809      	ldr	r1, [r1, #0]
100028d8:	2900      	cmp	r1, #0
100028da:	d0fb      	beq.n	100028d4 <irq_add_tail_to_free_list+0x1c>
100028dc:	f3bf 8f5f 	dmb	sy
100028e0:	4d23      	ldr	r5, [pc, #140]	@ (10002970 <irq_add_tail_to_free_list+0xb8>)
100028e2:	4925      	ldr	r1, [pc, #148]	@ (10002978 <irq_add_tail_to_free_list+0xc0>)
100028e4:	0006      	movs	r6, r0
100028e6:	1b76      	subs	r6, r6, r5
100028e8:	4176      	adcs	r6, r6
100028ea:	4371      	muls	r1, r6
100028ec:	0d09      	lsrs	r1, r1, #20
100028ee:	b24d      	sxtb	r5, r1
100028f0:	4922      	ldr	r1, [pc, #136]	@ (1000297c <irq_add_tail_to_free_list+0xc4>)
100028f2:	6889      	ldr	r1, [r1, #8]
100028f4:	009b      	lsls	r3, r3, #2
100028f6:	58c9      	ldr	r1, [r1, r3]
100028f8:	4291      	cmp	r1, r2
100028fa:	d019      	beq.n	10002930 <irq_add_tail_to_free_list+0x78>
100028fc:	2100      	movs	r1, #0
100028fe:	2903      	cmp	r1, #3
10002900:	d830      	bhi.n	10002964 <irq_add_tail_to_free_list+0xac>
10002902:	4b1b      	ldr	r3, [pc, #108]	@ (10002970 <irq_add_tail_to_free_list+0xb8>)
10002904:	004a      	lsls	r2, r1, #1
10002906:	1852      	adds	r2, r2, r1
10002908:	0092      	lsls	r2, r2, #2
1000290a:	189b      	adds	r3, r3, r2
1000290c:	799b      	ldrb	r3, [r3, #6]
1000290e:	b25b      	sxtb	r3, r3
10002910:	42ab      	cmp	r3, r5
10002912:	d01d      	beq.n	10002950 <irq_add_tail_to_free_list+0x98>
10002914:	3101      	adds	r1, #1
10002916:	e7f2      	b.n	100028fe <irq_add_tail_to_free_list+0x46>
10002918:	4b19      	ldr	r3, [pc, #100]	@ (10002980 <irq_add_tail_to_free_list+0xc8>)
1000291a:	4a1a      	ldr	r2, [pc, #104]	@ (10002984 <irq_add_tail_to_free_list+0xcc>)
1000291c:	481a      	ldr	r0, [pc, #104]	@ (10002988 <irq_add_tail_to_free_list+0xd0>)
1000291e:	491b      	ldr	r1, [pc, #108]	@ (1000298c <irq_add_tail_to_free_list+0xd4>)
10002920:	f003 f8c6 	bl	10005ab0 <__assert_func>
10002924:	4b1a      	ldr	r3, [pc, #104]	@ (10002990 <irq_add_tail_to_free_list+0xd8>)
10002926:	4a17      	ldr	r2, [pc, #92]	@ (10002984 <irq_add_tail_to_free_list+0xcc>)
10002928:	4817      	ldr	r0, [pc, #92]	@ (10002988 <irq_add_tail_to_free_list+0xd0>)
1000292a:	491a      	ldr	r1, [pc, #104]	@ (10002994 <irq_add_tail_to_free_list+0xdc>)
1000292c:	f003 f8c0 	bl	10005ab0 <__assert_func>
10002930:	4a12      	ldr	r2, [pc, #72]	@ (1000297c <irq_add_tail_to_free_list+0xc4>)
10002932:	6892      	ldr	r2, [r2, #8]
10002934:	4918      	ldr	r1, [pc, #96]	@ (10002998 <irq_add_tail_to_free_list+0xe0>)
10002936:	50d1      	str	r1, [r2, r3]
10002938:	4b18      	ldr	r3, [pc, #96]	@ (1000299c <irq_add_tail_to_free_list+0xe4>)
1000293a:	781a      	ldrb	r2, [r3, #0]
1000293c:	7182      	strb	r2, [r0, #6]
1000293e:	701d      	strb	r5, [r3, #0]
10002940:	f3bf 8f5f 	dmb	sy
10002944:	4b0b      	ldr	r3, [pc, #44]	@ (10002974 <irq_add_tail_to_free_list+0xbc>)
10002946:	2200      	movs	r2, #0
10002948:	601a      	str	r2, [r3, #0]
1000294a:	f384 8810 	msr	PRIMASK, r4
1000294e:	bdf8      	pop	{r3, r4, r5, r6, r7, pc}
10002950:	4b07      	ldr	r3, [pc, #28]	@ (10002970 <irq_add_tail_to_free_list+0xb8>)
10002952:	004a      	lsls	r2, r1, #1
10002954:	1856      	adds	r6, r2, r1
10002956:	00b6      	lsls	r6, r6, #2
10002958:	199e      	adds	r6, r3, r6
1000295a:	27ff      	movs	r7, #255	@ 0xff
1000295c:	71b7      	strb	r7, [r6, #6]
1000295e:	4a10      	ldr	r2, [pc, #64]	@ (100029a0 <irq_add_tail_to_free_list+0xe8>)
10002960:	80b2      	strh	r2, [r6, #4]
10002962:	e7e9      	b.n	10002938 <irq_add_tail_to_free_list+0x80>
10002964:	4b0f      	ldr	r3, [pc, #60]	@ (100029a4 <irq_add_tail_to_free_list+0xec>)
10002966:	4a07      	ldr	r2, [pc, #28]	@ (10002984 <irq_add_tail_to_free_list+0xcc>)
10002968:	4807      	ldr	r0, [pc, #28]	@ (10002988 <irq_add_tail_to_free_list+0xd0>)
1000296a:	490f      	ldr	r1, [pc, #60]	@ (100029a8 <irq_add_tail_to_free_list+0xf0>)
1000296c:	f003 f8a0 	bl	10005ab0 <__assert_func>
10002970:	20000cc4 	.word	0x20000cc4
10002974:	d0000124 	.word	0xd0000124
10002978:	0000aaaa 	.word	0x0000aaaa
1000297c:	e000ed00 	.word	0xe000ed00
10002980:	10009254 	.word	0x10009254
10002984:	10009f54 	.word	0x10009f54
10002988:	10009084 	.word	0x10009084
1000298c:	0000026e 	.word	0x0000026e
10002990:	1000927c 	.word	0x1000927c
10002994:	00000271 	.word	0x00000271
10002998:	100001cd 	.word	0x100001cd
1000299c:	200024ef 	.word	0x200024ef
100029a0:	ffffbd01 	.word	0xffffbd01
100029a4:	10009288 	.word	0x10009288
100029a8:	00000282 	.word	0x00000282

100029ac <user_irq_claim_unused>:
100029ac:	b510      	push	{r4, lr}
100029ae:	b082      	sub	sp, #8
100029b0:	0001      	movs	r1, r0
100029b2:	4c07      	ldr	r4, [pc, #28]	@ (100029d0 <user_irq_claim_unused+0x24>)
100029b4:	4b07      	ldr	r3, [pc, #28]	@ (100029d4 <user_irq_claim_unused+0x28>)
100029b6:	9300      	str	r3, [sp, #0]
100029b8:	2305      	movs	r3, #5
100029ba:	2200      	movs	r2, #0
100029bc:	0020      	movs	r0, r4
100029be:	f7ff fc5e 	bl	1000227e <hw_claim_unused_from_range>
100029c2:	2800      	cmp	r0, #0
100029c4:	db01      	blt.n	100029ca <user_irq_claim_unused+0x1e>
100029c6:	231f      	movs	r3, #31
100029c8:	1a18      	subs	r0, r3, r0
100029ca:	b002      	add	sp, #8
100029cc:	bd10      	pop	{r4, pc}
100029ce:	46c0      	nop			@ (mov r8, r8)
100029d0:	200024f4 	.word	0x200024f4
100029d4:	10009290 	.word	0x10009290

100029d8 <lock_init>:
100029d8:	4b02      	ldr	r3, [pc, #8]	@ (100029e4 <lock_init+0xc>)
100029da:	469c      	mov	ip, r3
100029dc:	4461      	add	r1, ip
100029de:	0089      	lsls	r1, r1, #2
100029e0:	6001      	str	r1, [r0, #0]
100029e2:	4770      	bx	lr
100029e4:	34000040 	.word	0x34000040

100029e8 <mutex_init>:
100029e8:	b510      	push	{r4, lr}
100029ea:	0004      	movs	r4, r0
100029ec:	f7ff fc70 	bl	100022d0 <next_striped_spin_lock_num>
100029f0:	0001      	movs	r1, r0
100029f2:	0020      	movs	r0, r4
100029f4:	f7ff fff0 	bl	100029d8 <lock_init>
100029f8:	23ff      	movs	r3, #255	@ 0xff
100029fa:	7123      	strb	r3, [r4, #4]
100029fc:	f3bf 8f5f 	dmb	sy
10002a00:	bd10      	pop	{r4, pc}

10002a02 <recursive_mutex_init>:
10002a02:	b510      	push	{r4, lr}
10002a04:	0004      	movs	r4, r0
10002a06:	f7ff fc63 	bl	100022d0 <next_striped_spin_lock_num>
10002a0a:	0001      	movs	r1, r0
10002a0c:	0020      	movs	r0, r4
10002a0e:	f7ff ffe3 	bl	100029d8 <lock_init>
10002a12:	23ff      	movs	r3, #255	@ 0xff
10002a14:	7123      	strb	r3, [r4, #4]
10002a16:	2300      	movs	r3, #0
10002a18:	7163      	strb	r3, [r4, #5]
10002a1a:	f3bf 8f5f 	dmb	sy
10002a1e:	bd10      	pop	{r4, pc}

10002a20 <runtime_init_mutex>:
10002a20:	b510      	push	{r4, lr}
10002a22:	4c0d      	ldr	r4, [pc, #52]	@ (10002a58 <runtime_init_mutex+0x38>)
10002a24:	e009      	b.n	10002a3a <runtime_init_mutex+0x1a>
10002a26:	4b0d      	ldr	r3, [pc, #52]	@ (10002a5c <runtime_init_mutex+0x3c>)
10002a28:	4a0d      	ldr	r2, [pc, #52]	@ (10002a60 <runtime_init_mutex+0x40>)
10002a2a:	480e      	ldr	r0, [pc, #56]	@ (10002a64 <runtime_init_mutex+0x44>)
10002a2c:	211a      	movs	r1, #26
10002a2e:	f003 f83f 	bl	10005ab0 <__assert_func>
10002a32:	0020      	movs	r0, r4
10002a34:	f7ff ffd8 	bl	100029e8 <mutex_init>
10002a38:	3408      	adds	r4, #8
10002a3a:	4b0b      	ldr	r3, [pc, #44]	@ (10002a68 <runtime_init_mutex+0x48>)
10002a3c:	429c      	cmp	r4, r3
10002a3e:	d209      	bcs.n	10002a54 <runtime_init_mutex+0x34>
10002a40:	6823      	ldr	r3, [r4, #0]
10002a42:	2b00      	cmp	r3, #0
10002a44:	d0f5      	beq.n	10002a32 <runtime_init_mutex+0x12>
10002a46:	2b01      	cmp	r3, #1
10002a48:	d1ed      	bne.n	10002a26 <runtime_init_mutex+0x6>
10002a4a:	0020      	movs	r0, r4
10002a4c:	f7ff ffd9 	bl	10002a02 <recursive_mutex_init>
10002a50:	3408      	adds	r4, #8
10002a52:	e7f2      	b.n	10002a3a <runtime_init_mutex+0x1a>
10002a54:	bd10      	pop	{r4, pc}
10002a56:	46c0      	nop			@ (mov r8, r8)
10002a58:	200012c0 	.word	0x200012c0
10002a5c:	100092ac 	.word	0x100092ac
10002a60:	1000a008 	.word	0x1000a008
10002a64:	100092cc 	.word	0x100092cc
10002a68:	200012c8 	.word	0x200012c8

10002a6c <critical_section_init_with_lock_num>:
10002a6c:	4b03      	ldr	r3, [pc, #12]	@ (10002a7c <critical_section_init_with_lock_num+0x10>)
10002a6e:	469c      	mov	ip, r3
10002a70:	4461      	add	r1, ip
10002a72:	0089      	lsls	r1, r1, #2
10002a74:	6001      	str	r1, [r0, #0]
10002a76:	f3bf 8f5f 	dmb	sy
10002a7a:	4770      	bx	lr
10002a7c:	34000040 	.word	0x34000040

10002a80 <critical_section_init>:
10002a80:	b510      	push	{r4, lr}
10002a82:	0004      	movs	r4, r0
10002a84:	2001      	movs	r0, #1
10002a86:	f7ff fc31 	bl	100022ec <spin_lock_claim_unused>
10002a8a:	0001      	movs	r1, r0
10002a8c:	0020      	movs	r0, r4
10002a8e:	f7ff ffed 	bl	10002a6c <critical_section_init_with_lock_num>
10002a92:	bd10      	pop	{r4, pc}

10002a94 <make_alarm_id>:
10002a94:	0400      	lsls	r0, r0, #16
10002a96:	4308      	orrs	r0, r1
10002a98:	4770      	bx	lr
	...

10002a9c <sleep_until_callback>:
10002a9c:	4b0a      	ldr	r3, [pc, #40]	@ (10002ac8 <sleep_until_callback+0x2c>)
10002a9e:	6819      	ldr	r1, [r3, #0]
10002aa0:	f3ef 8310 	mrs	r3, PRIMASK
10002aa4:	b672      	cpsid	i
10002aa6:	680a      	ldr	r2, [r1, #0]
10002aa8:	2a00      	cmp	r2, #0
10002aaa:	d0fc      	beq.n	10002aa6 <sleep_until_callback+0xa>
10002aac:	f3bf 8f5f 	dmb	sy
10002ab0:	4a05      	ldr	r2, [pc, #20]	@ (10002ac8 <sleep_until_callback+0x2c>)
10002ab2:	6812      	ldr	r2, [r2, #0]
10002ab4:	f3bf 8f5f 	dmb	sy
10002ab8:	2100      	movs	r1, #0
10002aba:	6011      	str	r1, [r2, #0]
10002abc:	f383 8810 	msr	PRIMASK, r3
10002ac0:	bf40      	sev
10002ac2:	2000      	movs	r0, #0
10002ac4:	2100      	movs	r1, #0
10002ac6:	4770      	bx	lr
10002ac8:	200024cc 	.word	0x200024cc

10002acc <alarm_pool_irq_handler>:
10002acc:	b5f0      	push	{r4, r5, r6, r7, lr}
10002ace:	46de      	mov	lr, fp
10002ad0:	4657      	mov	r7, sl
10002ad2:	464e      	mov	r6, r9
10002ad4:	4645      	mov	r5, r8
10002ad6:	b5e0      	push	{r5, r6, r7, lr}
10002ad8:	b083      	sub	sp, #12
10002ada:	f3ef 8305 	mrs	r3, IPSR
10002ade:	2203      	movs	r2, #3
10002ae0:	401a      	ands	r2, r3
10002ae2:	9200      	str	r2, [sp, #0]
10002ae4:	4baa      	ldr	r3, [pc, #680]	@ (10002d90 <alarm_pool_irq_handler+0x2c4>)
10002ae6:	0092      	lsls	r2, r2, #2
10002ae8:	58d3      	ldr	r3, [r2, r3]
10002aea:	4698      	mov	r8, r3
10002aec:	781b      	ldrb	r3, [r3, #0]
10002aee:	9a00      	ldr	r2, [sp, #0]
10002af0:	4293      	cmp	r3, r2
10002af2:	d10c      	bne.n	10002b0e <alarm_pool_irq_handler+0x42>
10002af4:	48a7      	ldr	r0, [pc, #668]	@ (10002d94 <alarm_pool_irq_handler+0x2c8>)
10002af6:	f000 fb97 	bl	10003228 <timer_time_us_64>
10002afa:	0002      	movs	r2, r0
10002afc:	000b      	movs	r3, r1
10002afe:	2101      	movs	r1, #1
10002b00:	9800      	ldr	r0, [sp, #0]
10002b02:	4081      	lsls	r1, r0
10002b04:	0008      	movs	r0, r1
10002b06:	9101      	str	r1, [sp, #4]
10002b08:	49a3      	ldr	r1, [pc, #652]	@ (10002d98 <alarm_pool_irq_handler+0x2cc>)
10002b0a:	6008      	str	r0, [r1, #0]
10002b0c:	e072      	b.n	10002bf4 <alarm_pool_irq_handler+0x128>
10002b0e:	4ba3      	ldr	r3, [pc, #652]	@ (10002d9c <alarm_pool_irq_handler+0x2d0>)
10002b10:	4aa3      	ldr	r2, [pc, #652]	@ (10002da0 <alarm_pool_irq_handler+0x2d4>)
10002b12:	48a4      	ldr	r0, [pc, #656]	@ (10002da4 <alarm_pool_irq_handler+0x2d8>)
10002b14:	2190      	movs	r1, #144	@ 0x90
10002b16:	f002 ffcb 	bl	10005ab0 <__assert_func>
10002b1a:	694c      	ldr	r4, [r1, #20]
10002b1c:	6923      	ldr	r3, [r4, #16]
10002b1e:	0020      	movs	r0, r4
10002b20:	4798      	blx	r3
10002b22:	2800      	cmp	r0, #0
10002b24:	d020      	beq.n	10002b68 <alarm_pool_irq_handler+0x9c>
10002b26:	6865      	ldr	r5, [r4, #4]
10002b28:	6824      	ldr	r4, [r4, #0]
10002b2a:	e08c      	b.n	10002c46 <alarm_pool_irq_handler+0x17a>
10002b2c:	4899      	ldr	r0, [pc, #612]	@ (10002d94 <alarm_pool_irq_handler+0x2c8>)
10002b2e:	f000 fb7b 	bl	10003228 <timer_time_us_64>
10002b32:	1900      	adds	r0, r0, r4
10002b34:	4169      	adcs	r1, r5
10002b36:	e091      	b.n	10002c5c <alarm_pool_irq_handler+0x190>
10002b38:	46a4      	mov	ip, r4
10002b3a:	4663      	mov	r3, ip
10002b3c:	2500      	movs	r5, #0
10002b3e:	5f5d      	ldrsh	r5, [r3, r5]
10002b40:	2d00      	cmp	r5, #0
10002b42:	db0b      	blt.n	10002b5c <alarm_pool_irq_handler+0x90>
10002b44:	006c      	lsls	r4, r5, #1
10002b46:	1964      	adds	r4, r4, r5
10002b48:	00e4      	lsls	r4, r4, #3
10002b4a:	4454      	add	r4, sl
10002b4c:	68a2      	ldr	r2, [r4, #8]
10002b4e:	68e3      	ldr	r3, [r4, #12]
10002b50:	0006      	movs	r6, r0
10002b52:	000f      	movs	r7, r1
10002b54:	1ab6      	subs	r6, r6, r2
10002b56:	419f      	sbcs	r7, r3
10002b58:	2f00      	cmp	r7, #0
10002b5a:	daed      	bge.n	10002b38 <alarm_pool_irq_handler+0x6c>
10002b5c:	464b      	mov	r3, r9
10002b5e:	801d      	strh	r5, [r3, #0]
10002b60:	465b      	mov	r3, fp
10002b62:	4662      	mov	r2, ip
10002b64:	8013      	strh	r3, [r2, #0]
10002b66:	e01c      	b.n	10002ba2 <alarm_pool_irq_handler+0xd6>
10002b68:	464b      	mov	r3, r9
10002b6a:	2200      	movs	r2, #0
10002b6c:	5e9b      	ldrsh	r3, [r3, r2]
10002b6e:	4642      	mov	r2, r8
10002b70:	8113      	strh	r3, [r2, #8]
10002b72:	6912      	ldr	r2, [r2, #16]
10002b74:	f3ef 8310 	mrs	r3, PRIMASK
10002b78:	b672      	cpsid	i
10002b7a:	6811      	ldr	r1, [r2, #0]
10002b7c:	2900      	cmp	r1, #0
10002b7e:	d0fc      	beq.n	10002b7a <alarm_pool_irq_handler+0xae>
10002b80:	f3bf 8f5f 	dmb	sy
10002b84:	4642      	mov	r2, r8
10002b86:	2102      	movs	r1, #2
10002b88:	5e52      	ldrsh	r2, [r2, r1]
10002b8a:	4649      	mov	r1, r9
10002b8c:	800a      	strh	r2, [r1, #0]
10002b8e:	4642      	mov	r2, r8
10002b90:	4659      	mov	r1, fp
10002b92:	8051      	strh	r1, [r2, #2]
10002b94:	6912      	ldr	r2, [r2, #16]
10002b96:	f3bf 8f5f 	dmb	sy
10002b9a:	2100      	movs	r1, #0
10002b9c:	6011      	str	r1, [r2, #0]
10002b9e:	f383 8810 	msr	PRIMASK, r3
10002ba2:	4643      	mov	r3, r8
10002ba4:	889b      	ldrh	r3, [r3, #4]
10002ba6:	b21b      	sxth	r3, r3
10002ba8:	2b00      	cmp	r3, #0
10002baa:	da73      	bge.n	10002c94 <alarm_pool_irq_handler+0x1c8>
10002bac:	4643      	mov	r3, r8
10002bae:	799b      	ldrb	r3, [r3, #6]
10002bb0:	2b00      	cmp	r3, #0
10002bb2:	d000      	beq.n	10002bb6 <alarm_pool_irq_handler+0xea>
10002bb4:	e0b7      	b.n	10002d26 <alarm_pool_irq_handler+0x25a>
10002bb6:	4877      	ldr	r0, [pc, #476]	@ (10002d94 <alarm_pool_irq_handler+0x2c8>)
10002bb8:	f000 fb36 	bl	10003228 <timer_time_us_64>
10002bbc:	0002      	movs	r2, r0
10002bbe:	000b      	movs	r3, r1
10002bc0:	4641      	mov	r1, r8
10002bc2:	2008      	movs	r0, #8
10002bc4:	5e08      	ldrsh	r0, [r1, r0]
10002bc6:	2800      	cmp	r0, #0
10002bc8:	da00      	bge.n	10002bcc <alarm_pool_irq_handler+0x100>
10002bca:	e0da      	b.n	10002d82 <alarm_pool_irq_handler+0x2b6>
10002bcc:	4641      	mov	r1, r8
10002bce:	694c      	ldr	r4, [r1, #20]
10002bd0:	0041      	lsls	r1, r0, #1
10002bd2:	1809      	adds	r1, r1, r0
10002bd4:	00c9      	lsls	r1, r1, #3
10002bd6:	1861      	adds	r1, r4, r1
10002bd8:	6888      	ldr	r0, [r1, #8]
10002bda:	68c9      	ldr	r1, [r1, #12]
10002bdc:	9c00      	ldr	r4, [sp, #0]
10002bde:	3404      	adds	r4, #4
10002be0:	00a4      	lsls	r4, r4, #2
10002be2:	4d6c      	ldr	r5, [pc, #432]	@ (10002d94 <alarm_pool_irq_handler+0x2c8>)
10002be4:	5160      	str	r0, [r4, r5]
10002be6:	1a80      	subs	r0, r0, r2
10002be8:	4199      	sbcs	r1, r3
10002bea:	2900      	cmp	r1, #0
10002bec:	dd00      	ble.n	10002bf0 <alarm_pool_irq_handler+0x124>
10002bee:	e0c8      	b.n	10002d82 <alarm_pool_irq_handler+0x2b6>
10002bf0:	d100      	bne.n	10002bf4 <alarm_pool_irq_handler+0x128>
10002bf2:	e0c3      	b.n	10002d7c <alarm_pool_irq_handler+0x2b0>
10002bf4:	4967      	ldr	r1, [pc, #412]	@ (10002d94 <alarm_pool_irq_handler+0x2c8>)
10002bf6:	9801      	ldr	r0, [sp, #4]
10002bf8:	6348      	str	r0, [r1, #52]	@ 0x34
10002bfa:	4641      	mov	r1, r8
10002bfc:	2008      	movs	r0, #8
10002bfe:	5e09      	ldrsh	r1, [r1, r0]
10002c00:	468b      	mov	fp, r1
10002c02:	2900      	cmp	r1, #0
10002c04:	dbcd      	blt.n	10002ba2 <alarm_pool_irq_handler+0xd6>
10002c06:	4641      	mov	r1, r8
10002c08:	6948      	ldr	r0, [r1, #20]
10002c0a:	4659      	mov	r1, fp
10002c0c:	0049      	lsls	r1, r1, #1
10002c0e:	4459      	add	r1, fp
10002c10:	00c9      	lsls	r1, r1, #3
10002c12:	4681      	mov	r9, r0
10002c14:	4489      	add	r9, r1
10002c16:	4649      	mov	r1, r9
10002c18:	688e      	ldr	r6, [r1, #8]
10002c1a:	68cf      	ldr	r7, [r1, #12]
10002c1c:	1b92      	subs	r2, r2, r6
10002c1e:	41bb      	sbcs	r3, r7
10002c20:	2b00      	cmp	r3, #0
10002c22:	dbbe      	blt.n	10002ba2 <alarm_pool_irq_handler+0xd6>
10002c24:	2f00      	cmp	r7, #0
10002c26:	db9f      	blt.n	10002b68 <alarm_pool_irq_handler+0x9c>
10002c28:	690c      	ldr	r4, [r1, #16]
10002c2a:	4b5f      	ldr	r3, [pc, #380]	@ (10002da8 <alarm_pool_irq_handler+0x2dc>)
10002c2c:	429c      	cmp	r4, r3
10002c2e:	d100      	bne.n	10002c32 <alarm_pool_irq_handler+0x166>
10002c30:	e773      	b.n	10002b1a <alarm_pool_irq_handler+0x4e>
10002c32:	8849      	ldrh	r1, [r1, #2]
10002c34:	b289      	uxth	r1, r1
10002c36:	4658      	mov	r0, fp
10002c38:	f7ff ff2c 	bl	10002a94 <make_alarm_id>
10002c3c:	464b      	mov	r3, r9
10002c3e:	6959      	ldr	r1, [r3, #20]
10002c40:	47a0      	blx	r4
10002c42:	0004      	movs	r4, r0
10002c44:	000d      	movs	r5, r1
10002c46:	0023      	movs	r3, r4
10002c48:	432b      	orrs	r3, r5
10002c4a:	d100      	bne.n	10002c4e <alarm_pool_irq_handler+0x182>
10002c4c:	e78c      	b.n	10002b68 <alarm_pool_irq_handler+0x9c>
10002c4e:	2d00      	cmp	r5, #0
10002c50:	db00      	blt.n	10002c54 <alarm_pool_irq_handler+0x188>
10002c52:	e76b      	b.n	10002b2c <alarm_pool_irq_handler+0x60>
10002c54:	0030      	movs	r0, r6
10002c56:	0039      	movs	r1, r7
10002c58:	1b00      	subs	r0, r0, r4
10002c5a:	41a9      	sbcs	r1, r5
10002c5c:	464b      	mov	r3, r9
10002c5e:	6098      	str	r0, [r3, #8]
10002c60:	60d9      	str	r1, [r3, #12]
10002c62:	2400      	movs	r4, #0
10002c64:	5f1c      	ldrsh	r4, [r3, r4]
10002c66:	2c00      	cmp	r4, #0
10002c68:	db9b      	blt.n	10002ba2 <alarm_pool_irq_handler+0xd6>
10002c6a:	4643      	mov	r3, r8
10002c6c:	695a      	ldr	r2, [r3, #20]
10002c6e:	4692      	mov	sl, r2
10002c70:	0063      	lsls	r3, r4, #1
10002c72:	191b      	adds	r3, r3, r4
10002c74:	00db      	lsls	r3, r3, #3
10002c76:	4453      	add	r3, sl
10002c78:	689a      	ldr	r2, [r3, #8]
10002c7a:	68db      	ldr	r3, [r3, #12]
10002c7c:	0005      	movs	r5, r0
10002c7e:	000e      	movs	r6, r1
10002c80:	1aad      	subs	r5, r5, r2
10002c82:	419e      	sbcs	r6, r3
10002c84:	2e00      	cmp	r6, #0
10002c86:	db8c      	blt.n	10002ba2 <alarm_pool_irq_handler+0xd6>
10002c88:	4643      	mov	r3, r8
10002c8a:	811c      	strh	r4, [r3, #8]
10002c8c:	4647      	mov	r7, r8
10002c8e:	3708      	adds	r7, #8
10002c90:	46bc      	mov	ip, r7
10002c92:	e752      	b.n	10002b3a <alarm_pool_irq_handler+0x6e>
10002c94:	4643      	mov	r3, r8
10002c96:	6919      	ldr	r1, [r3, #16]
10002c98:	f3ef 8310 	mrs	r3, PRIMASK
10002c9c:	b672      	cpsid	i
10002c9e:	680a      	ldr	r2, [r1, #0]
10002ca0:	2a00      	cmp	r2, #0
10002ca2:	d0fc      	beq.n	10002c9e <alarm_pool_irq_handler+0x1d2>
10002ca4:	f3bf 8f5f 	dmb	sy
10002ca8:	4642      	mov	r2, r8
10002caa:	8892      	ldrh	r2, [r2, #4]
10002cac:	b212      	sxth	r2, r2
10002cae:	4691      	mov	r9, r2
10002cb0:	2201      	movs	r2, #1
10002cb2:	4252      	negs	r2, r2
10002cb4:	4641      	mov	r1, r8
10002cb6:	808a      	strh	r2, [r1, #4]
10002cb8:	690a      	ldr	r2, [r1, #16]
10002cba:	f3bf 8f5f 	dmb	sy
10002cbe:	2100      	movs	r1, #0
10002cc0:	6011      	str	r1, [r2, #0]
10002cc2:	f383 8810 	msr	PRIMASK, r3
10002cc6:	e01a      	b.n	10002cfe <alarm_pool_irq_handler+0x232>
10002cc8:	469b      	mov	fp, r3
10002cca:	465b      	mov	r3, fp
10002ccc:	2200      	movs	r2, #0
10002cce:	5e9a      	ldrsh	r2, [r3, r2]
10002cd0:	2a00      	cmp	r2, #0
10002cd2:	db0b      	blt.n	10002cec <alarm_pool_irq_handler+0x220>
10002cd4:	0053      	lsls	r3, r2, #1
10002cd6:	189b      	adds	r3, r3, r2
10002cd8:	00db      	lsls	r3, r3, #3
10002cda:	4453      	add	r3, sl
10002cdc:	6898      	ldr	r0, [r3, #8]
10002cde:	68d9      	ldr	r1, [r3, #12]
10002ce0:	0026      	movs	r6, r4
10002ce2:	002f      	movs	r7, r5
10002ce4:	1a36      	subs	r6, r6, r0
10002ce6:	418f      	sbcs	r7, r1
10002ce8:	2f00      	cmp	r7, #0
10002cea:	daed      	bge.n	10002cc8 <alarm_pool_irq_handler+0x1fc>
10002cec:	464b      	mov	r3, r9
10002cee:	4659      	mov	r1, fp
10002cf0:	800b      	strh	r3, [r1, #0]
10002cf2:	4663      	mov	r3, ip
10002cf4:	2100      	movs	r1, #0
10002cf6:	5e5b      	ldrsh	r3, [r3, r1]
10002cf8:	4699      	mov	r9, r3
10002cfa:	4663      	mov	r3, ip
10002cfc:	801a      	strh	r2, [r3, #0]
10002cfe:	464b      	mov	r3, r9
10002d00:	2b00      	cmp	r3, #0
10002d02:	da00      	bge.n	10002d06 <alarm_pool_irq_handler+0x23a>
10002d04:	e752      	b.n	10002bac <alarm_pool_irq_handler+0xe0>
10002d06:	4643      	mov	r3, r8
10002d08:	695a      	ldr	r2, [r3, #20]
10002d0a:	4692      	mov	sl, r2
10002d0c:	464b      	mov	r3, r9
10002d0e:	005b      	lsls	r3, r3, #1
10002d10:	444b      	add	r3, r9
10002d12:	00db      	lsls	r3, r3, #3
10002d14:	469c      	mov	ip, r3
10002d16:	44d4      	add	ip, sl
10002d18:	4663      	mov	r3, ip
10002d1a:	689c      	ldr	r4, [r3, #8]
10002d1c:	68dd      	ldr	r5, [r3, #12]
10002d1e:	4646      	mov	r6, r8
10002d20:	3608      	adds	r6, #8
10002d22:	46b3      	mov	fp, r6
10002d24:	e7d1      	b.n	10002cca <alarm_pool_irq_handler+0x1fe>
10002d26:	2300      	movs	r3, #0
10002d28:	4642      	mov	r2, r8
10002d2a:	7193      	strb	r3, [r2, #6]
10002d2c:	4641      	mov	r1, r8
10002d2e:	3108      	adds	r1, #8
10002d30:	4643      	mov	r3, r8
10002d32:	2008      	movs	r0, #8
10002d34:	5e18      	ldrsh	r0, [r3, r0]
10002d36:	e011      	b.n	10002d5c <alarm_pool_irq_handler+0x290>
10002d38:	2201      	movs	r2, #1
10002d3a:	4252      	negs	r2, r2
10002d3c:	17d3      	asrs	r3, r2, #31
10002d3e:	60a2      	str	r2, [r4, #8]
10002d40:	60e3      	str	r3, [r4, #12]
10002d42:	4643      	mov	r3, r8
10002d44:	2208      	movs	r2, #8
10002d46:	5e9b      	ldrsh	r3, [r3, r2]
10002d48:	4283      	cmp	r3, r0
10002d4a:	d006      	beq.n	10002d5a <alarm_pool_irq_handler+0x28e>
10002d4c:	800d      	strh	r5, [r1, #0]
10002d4e:	4643      	mov	r3, r8
10002d50:	2208      	movs	r2, #8
10002d52:	5e9b      	ldrsh	r3, [r3, r2]
10002d54:	8023      	strh	r3, [r4, #0]
10002d56:	4643      	mov	r3, r8
10002d58:	8118      	strh	r0, [r3, #8]
10002d5a:	0028      	movs	r0, r5
10002d5c:	1c43      	adds	r3, r0, #1
10002d5e:	d100      	bne.n	10002d62 <alarm_pool_irq_handler+0x296>
10002d60:	e729      	b.n	10002bb6 <alarm_pool_irq_handler+0xea>
10002d62:	4643      	mov	r3, r8
10002d64:	695a      	ldr	r2, [r3, #20]
10002d66:	0043      	lsls	r3, r0, #1
10002d68:	181b      	adds	r3, r3, r0
10002d6a:	00db      	lsls	r3, r3, #3
10002d6c:	18d4      	adds	r4, r2, r3
10002d6e:	5ed5      	ldrsh	r5, [r2, r3]
10002d70:	8863      	ldrh	r3, [r4, #2]
10002d72:	b21b      	sxth	r3, r3
10002d74:	2b00      	cmp	r3, #0
10002d76:	dbdf      	blt.n	10002d38 <alarm_pool_irq_handler+0x26c>
10002d78:	0021      	movs	r1, r4
10002d7a:	e7ee      	b.n	10002d5a <alarm_pool_irq_handler+0x28e>
10002d7c:	2800      	cmp	r0, #0
10002d7e:	d100      	bne.n	10002d82 <alarm_pool_irq_handler+0x2b6>
10002d80:	e738      	b.n	10002bf4 <alarm_pool_irq_handler+0x128>
10002d82:	b003      	add	sp, #12
10002d84:	bcf0      	pop	{r4, r5, r6, r7}
10002d86:	46bb      	mov	fp, r7
10002d88:	46b2      	mov	sl, r6
10002d8a:	46a9      	mov	r9, r5
10002d8c:	46a0      	mov	r8, r4
10002d8e:	bdf0      	pop	{r4, r5, r6, r7, pc}
10002d90:	200022a8 	.word	0x200022a8
10002d94:	40054000 	.word	0x40054000
10002d98:	4005703c 	.word	0x4005703c
10002d9c:	10009360 	.word	0x10009360
10002da0:	1000a034 	.word	0x1000a034
10002da4:	1000938c 	.word	0x1000938c
10002da8:	10002acd 	.word	0x10002acd

10002dac <ta_enable_irq_handler>:
10002dac:	b570      	push	{r4, r5, r6, lr}
10002dae:	0004      	movs	r4, r0
10002db0:	000d      	movs	r5, r1
10002db2:	0011      	movs	r1, r2
10002db4:	2601      	movs	r6, #1
10002db6:	40ae      	lsls	r6, r5
10002db8:	6206      	str	r6, [r0, #32]
10002dba:	0028      	movs	r0, r5
10002dbc:	f7ff fb80 	bl	100024c0 <irq_set_exclusive_handler>
10002dc0:	2101      	movs	r1, #1
10002dc2:	0028      	movs	r0, r5
10002dc4:	f7ff fb50 	bl	10002468 <irq_set_enabled>
10002dc8:	4b02      	ldr	r3, [pc, #8]	@ (10002dd4 <ta_enable_irq_handler+0x28>)
10002dca:	469c      	mov	ip, r3
10002dcc:	4464      	add	r4, ip
10002dce:	6026      	str	r6, [r4, #0]
10002dd0:	bd70      	pop	{r4, r5, r6, pc}
10002dd2:	46c0      	nop			@ (mov r8, r8)
10002dd4:	00002038 	.word	0x00002038

10002dd8 <alarm_pool_post_alloc_init>:
10002dd8:	b5f8      	push	{r3, r4, r5, r6, r7, lr}
10002dda:	46ce      	mov	lr, r9
10002ddc:	4647      	mov	r7, r8
10002dde:	b580      	push	{r7, lr}
10002de0:	0006      	movs	r6, r0
10002de2:	4689      	mov	r9, r1
10002de4:	4690      	mov	r8, r2
10002de6:	001f      	movs	r7, r3
10002de8:	60c1      	str	r1, [r0, #12]
10002dea:	f7ff fa71 	bl	100022d0 <next_striped_spin_lock_num>
10002dee:	4b15      	ldr	r3, [pc, #84]	@ (10002e44 <alarm_pool_post_alloc_init+0x6c>)
10002df0:	469c      	mov	ip, r3
10002df2:	4460      	add	r0, ip
10002df4:	0080      	lsls	r0, r0, #2
10002df6:	6130      	str	r0, [r6, #16]
10002df8:	4643      	mov	r3, r8
10002dfa:	7033      	strb	r3, [r6, #0]
10002dfc:	b2bb      	uxth	r3, r7
10002dfe:	8173      	strh	r3, [r6, #10]
10002e00:	22d0      	movs	r2, #208	@ 0xd0
10002e02:	0612      	lsls	r2, r2, #24
10002e04:	7812      	ldrb	r2, [r2, #0]
10002e06:	7072      	strb	r2, [r6, #1]
10002e08:	2201      	movs	r2, #1
10002e0a:	4252      	negs	r2, r2
10002e0c:	8132      	strh	r2, [r6, #8]
10002e0e:	80b2      	strh	r2, [r6, #4]
10002e10:	189b      	adds	r3, r3, r2
10002e12:	8073      	strh	r3, [r6, #2]
10002e14:	2400      	movs	r4, #0
10002e16:	e006      	b.n	10002e26 <alarm_pool_post_alloc_init+0x4e>
10002e18:	1e62      	subs	r2, r4, #1
10002e1a:	6973      	ldr	r3, [r6, #20]
10002e1c:	0065      	lsls	r5, r4, #1
10002e1e:	192d      	adds	r5, r5, r4
10002e20:	00ed      	lsls	r5, r5, #3
10002e22:	535a      	strh	r2, [r3, r5]
10002e24:	3401      	adds	r4, #1
10002e26:	42bc      	cmp	r4, r7
10002e28:	d3f6      	bcc.n	10002e18 <alarm_pool_post_alloc_init+0x40>
10002e2a:	4b07      	ldr	r3, [pc, #28]	@ (10002e48 <alarm_pool_post_alloc_init+0x70>)
10002e2c:	4642      	mov	r2, r8
10002e2e:	0092      	lsls	r2, r2, #2
10002e30:	50d6      	str	r6, [r2, r3]
10002e32:	4a06      	ldr	r2, [pc, #24]	@ (10002e4c <alarm_pool_post_alloc_init+0x74>)
10002e34:	4641      	mov	r1, r8
10002e36:	4648      	mov	r0, r9
10002e38:	f7ff ffb8 	bl	10002dac <ta_enable_irq_handler>
10002e3c:	bcc0      	pop	{r6, r7}
10002e3e:	46b9      	mov	r9, r7
10002e40:	46b0      	mov	r8, r6
10002e42:	bdf8      	pop	{r3, r4, r5, r6, r7, pc}
10002e44:	34000040 	.word	0x34000040
10002e48:	200022a8 	.word	0x200022a8
10002e4c:	10002acd 	.word	0x10002acd

10002e50 <alarm_pool_get_default>:
10002e50:	b510      	push	{r4, lr}
10002e52:	4b06      	ldr	r3, [pc, #24]	@ (10002e6c <alarm_pool_get_default+0x1c>)
10002e54:	691b      	ldr	r3, [r3, #16]
10002e56:	2b00      	cmp	r3, #0
10002e58:	d001      	beq.n	10002e5e <alarm_pool_get_default+0xe>
10002e5a:	4804      	ldr	r0, [pc, #16]	@ (10002e6c <alarm_pool_get_default+0x1c>)
10002e5c:	bd10      	pop	{r4, pc}
10002e5e:	4b04      	ldr	r3, [pc, #16]	@ (10002e70 <alarm_pool_get_default+0x20>)
10002e60:	4a04      	ldr	r2, [pc, #16]	@ (10002e74 <alarm_pool_get_default+0x24>)
10002e62:	4805      	ldr	r0, [pc, #20]	@ (10002e78 <alarm_pool_get_default+0x28>)
10002e64:	2165      	movs	r1, #101	@ 0x65
10002e66:	f002 fe23 	bl	10005ab0 <__assert_func>
10002e6a:	46c0      	nop			@ (mov r8, r8)
10002e6c:	20000d0c 	.word	0x20000d0c
10002e70:	100093cc 	.word	0x100093cc
10002e74:	1000a01c 	.word	0x1000a01c
10002e78:	1000938c 	.word	0x1000938c

10002e7c <alarm_pool_add_alarm_at_force_in_context>:
10002e7c:	b5f8      	push	{r3, r4, r5, r6, r7, lr}
10002e7e:	0004      	movs	r4, r0
10002e80:	6905      	ldr	r5, [r0, #16]
10002e82:	f3ef 8010 	mrs	r0, PRIMASK
10002e86:	b672      	cpsid	i
10002e88:	6829      	ldr	r1, [r5, #0]
10002e8a:	2900      	cmp	r1, #0
10002e8c:	d0fc      	beq.n	10002e88 <alarm_pool_add_alarm_at_force_in_context+0xc>
10002e8e:	f3bf 8f5f 	dmb	sy
10002e92:	2102      	movs	r1, #2
10002e94:	5e66      	ldrsh	r6, [r4, r1]
10002e96:	6965      	ldr	r5, [r4, #20]
10002e98:	0071      	lsls	r1, r6, #1
10002e9a:	1989      	adds	r1, r1, r6
10002e9c:	00c9      	lsls	r1, r1, #3
10002e9e:	186d      	adds	r5, r5, r1
10002ea0:	2e00      	cmp	r6, #0
10002ea2:	db02      	blt.n	10002eaa <alarm_pool_add_alarm_at_force_in_context+0x2e>
10002ea4:	2700      	movs	r7, #0
10002ea6:	5fe9      	ldrsh	r1, [r5, r7]
10002ea8:	8061      	strh	r1, [r4, #2]
10002eaa:	6921      	ldr	r1, [r4, #16]
10002eac:	f3bf 8f5f 	dmb	sy
10002eb0:	2700      	movs	r7, #0
10002eb2:	600f      	str	r7, [r1, #0]
10002eb4:	f380 8810 	msr	PRIMASK, r0
10002eb8:	2e00      	cmp	r6, #0
10002eba:	db2c      	blt.n	10002f16 <alarm_pool_add_alarm_at_force_in_context+0x9a>
10002ebc:	9906      	ldr	r1, [sp, #24]
10002ebe:	6129      	str	r1, [r5, #16]
10002ec0:	9907      	ldr	r1, [sp, #28]
10002ec2:	6169      	str	r1, [r5, #20]
10002ec4:	60aa      	str	r2, [r5, #8]
10002ec6:	60eb      	str	r3, [r5, #12]
10002ec8:	886b      	ldrh	r3, [r5, #2]
10002eca:	3301      	adds	r3, #1
10002ecc:	045b      	lsls	r3, r3, #17
10002ece:	0c59      	lsrs	r1, r3, #17
10002ed0:	2b00      	cmp	r3, #0
10002ed2:	d100      	bne.n	10002ed6 <alarm_pool_add_alarm_at_force_in_context+0x5a>
10002ed4:	2101      	movs	r1, #1
10002ed6:	8069      	strh	r1, [r5, #2]
10002ed8:	0030      	movs	r0, r6
10002eda:	f7ff fddb 	bl	10002a94 <make_alarm_id>
10002ede:	6921      	ldr	r1, [r4, #16]
10002ee0:	f3ef 8310 	mrs	r3, PRIMASK
10002ee4:	b672      	cpsid	i
10002ee6:	680a      	ldr	r2, [r1, #0]
10002ee8:	2a00      	cmp	r2, #0
10002eea:	d0fc      	beq.n	10002ee6 <alarm_pool_add_alarm_at_force_in_context+0x6a>
10002eec:	f3bf 8f5f 	dmb	sy
10002ef0:	88a2      	ldrh	r2, [r4, #4]
10002ef2:	802a      	strh	r2, [r5, #0]
10002ef4:	80a6      	strh	r6, [r4, #4]
10002ef6:	6922      	ldr	r2, [r4, #16]
10002ef8:	f3bf 8f5f 	dmb	sy
10002efc:	2100      	movs	r1, #0
10002efe:	6011      	str	r1, [r2, #0]
10002f00:	f383 8810 	msr	PRIMASK, r3
10002f04:	68e3      	ldr	r3, [r4, #12]
10002f06:	7821      	ldrb	r1, [r4, #0]
10002f08:	2201      	movs	r2, #1
10002f0a:	408a      	lsls	r2, r1
10002f0c:	4903      	ldr	r1, [pc, #12]	@ (10002f1c <alarm_pool_add_alarm_at_force_in_context+0xa0>)
10002f0e:	468c      	mov	ip, r1
10002f10:	4463      	add	r3, ip
10002f12:	601a      	str	r2, [r3, #0]
10002f14:	bdf8      	pop	{r3, r4, r5, r6, r7, pc}
10002f16:	2001      	movs	r0, #1
10002f18:	4240      	negs	r0, r0
10002f1a:	e7fb      	b.n	10002f14 <alarm_pool_add_alarm_at_force_in_context+0x98>
10002f1c:	0000203c 	.word	0x0000203c

10002f20 <alarm_pool_add_alarm_at>:
10002f20:	b570      	push	{r4, r5, r6, lr}
10002f22:	b082      	sub	sp, #8
10002f24:	0006      	movs	r6, r0
10002f26:	0014      	movs	r4, r2
10002f28:	001d      	movs	r5, r3
10002f2a:	ab08      	add	r3, sp, #32
10002f2c:	781b      	ldrb	r3, [r3, #0]
10002f2e:	2b00      	cmp	r3, #0
10002f30:	d107      	bne.n	10002f42 <alarm_pool_add_alarm_at+0x22>
10002f32:	f000 f98f 	bl	10003254 <time_us_64>
10002f36:	0022      	movs	r2, r4
10002f38:	002b      	movs	r3, r5
10002f3a:	1a12      	subs	r2, r2, r0
10002f3c:	418b      	sbcs	r3, r1
10002f3e:	2b00      	cmp	r3, #0
10002f40:	db0a      	blt.n	10002f58 <alarm_pool_add_alarm_at+0x38>
10002f42:	9b07      	ldr	r3, [sp, #28]
10002f44:	9301      	str	r3, [sp, #4]
10002f46:	9b06      	ldr	r3, [sp, #24]
10002f48:	9300      	str	r3, [sp, #0]
10002f4a:	0022      	movs	r2, r4
10002f4c:	002b      	movs	r3, r5
10002f4e:	0030      	movs	r0, r6
10002f50:	f7ff ff94 	bl	10002e7c <alarm_pool_add_alarm_at_force_in_context>
10002f54:	b002      	add	sp, #8
10002f56:	bd70      	pop	{r4, r5, r6, pc}
10002f58:	2000      	movs	r0, #0
10002f5a:	e7fb      	b.n	10002f54 <alarm_pool_add_alarm_at+0x34>

10002f5c <add_alarm_at>:
10002f5c:	b5f0      	push	{r4, r5, r6, r7, lr}
10002f5e:	46c6      	mov	lr, r8
10002f60:	b500      	push	{lr}
10002f62:	b084      	sub	sp, #16
10002f64:	0005      	movs	r5, r0
10002f66:	4688      	mov	r8, r1
10002f68:	0016      	movs	r6, r2
10002f6a:	001f      	movs	r7, r3
10002f6c:	ab0a      	add	r3, sp, #40	@ 0x28
10002f6e:	781c      	ldrb	r4, [r3, #0]
10002f70:	f7ff ff6e 	bl	10002e50 <alarm_pool_get_default>
10002f74:	9402      	str	r4, [sp, #8]
10002f76:	9701      	str	r7, [sp, #4]
10002f78:	9600      	str	r6, [sp, #0]
10002f7a:	002a      	movs	r2, r5
10002f7c:	4643      	mov	r3, r8
10002f7e:	f7ff ffcf 	bl	10002f20 <alarm_pool_add_alarm_at>
10002f82:	b004      	add	sp, #16
10002f84:	bc80      	pop	{r7}
10002f86:	46b8      	mov	r8, r7
10002f88:	bdf0      	pop	{r4, r5, r6, r7, pc}
	...

10002f8c <alarm_pool_cancel_alarm>:
10002f8c:	b530      	push	{r4, r5, lr}
10002f8e:	0003      	movs	r3, r0
10002f90:	1408      	asrs	r0, r1, #16
10002f92:	895a      	ldrh	r2, [r3, #10]
10002f94:	4290      	cmp	r0, r2
10002f96:	da2e      	bge.n	10002ff6 <alarm_pool_cancel_alarm+0x6a>
10002f98:	695c      	ldr	r4, [r3, #20]
10002f9a:	0042      	lsls	r2, r0, #1
10002f9c:	1812      	adds	r2, r2, r0
10002f9e:	00d2      	lsls	r2, r2, #3
10002fa0:	18a2      	adds	r2, r4, r2
10002fa2:	691d      	ldr	r5, [r3, #16]
10002fa4:	f3ef 8410 	mrs	r4, PRIMASK
10002fa8:	b672      	cpsid	i
10002faa:	6828      	ldr	r0, [r5, #0]
10002fac:	2800      	cmp	r0, #0
10002fae:	d0fc      	beq.n	10002faa <alarm_pool_cancel_alarm+0x1e>
10002fb0:	f3bf 8f5f 	dmb	sy
10002fb4:	8850      	ldrh	r0, [r2, #2]
10002fb6:	b280      	uxth	r0, r0
10002fb8:	0409      	lsls	r1, r1, #16
10002fba:	0c09      	lsrs	r1, r1, #16
10002fbc:	4288      	cmp	r0, r1
10002fbe:	d012      	beq.n	10002fe6 <alarm_pool_cancel_alarm+0x5a>
10002fc0:	2000      	movs	r0, #0
10002fc2:	691a      	ldr	r2, [r3, #16]
10002fc4:	f3bf 8f5f 	dmb	sy
10002fc8:	2100      	movs	r1, #0
10002fca:	6011      	str	r1, [r2, #0]
10002fcc:	f384 8810 	msr	PRIMASK, r4
10002fd0:	2800      	cmp	r0, #0
10002fd2:	d011      	beq.n	10002ff8 <alarm_pool_cancel_alarm+0x6c>
10002fd4:	68da      	ldr	r2, [r3, #12]
10002fd6:	781b      	ldrb	r3, [r3, #0]
10002fd8:	3101      	adds	r1, #1
10002fda:	4099      	lsls	r1, r3
10002fdc:	4b07      	ldr	r3, [pc, #28]	@ (10002ffc <alarm_pool_cancel_alarm+0x70>)
10002fde:	469c      	mov	ip, r3
10002fe0:	4462      	add	r2, ip
10002fe2:	6011      	str	r1, [r2, #0]
10002fe4:	e008      	b.n	10002ff8 <alarm_pool_cancel_alarm+0x6c>
10002fe6:	4906      	ldr	r1, [pc, #24]	@ (10003000 <alarm_pool_cancel_alarm+0x74>)
10002fe8:	4301      	orrs	r1, r0
10002fea:	b289      	uxth	r1, r1
10002fec:	8051      	strh	r1, [r2, #2]
10002fee:	2201      	movs	r2, #1
10002ff0:	719a      	strb	r2, [r3, #6]
10002ff2:	2001      	movs	r0, #1
10002ff4:	e7e5      	b.n	10002fc2 <alarm_pool_cancel_alarm+0x36>
10002ff6:	2000      	movs	r0, #0
10002ff8:	bd30      	pop	{r4, r5, pc}
10002ffa:	46c0      	nop			@ (mov r8, r8)
10002ffc:	0000203c 	.word	0x0000203c
10003000:	ffff8000 	.word	0xffff8000

10003004 <cancel_alarm>:
10003004:	b510      	push	{r4, lr}
10003006:	0004      	movs	r4, r0
10003008:	f7ff ff22 	bl	10002e50 <alarm_pool_get_default>
1000300c:	0021      	movs	r1, r4
1000300e:	f7ff ffbd 	bl	10002f8c <alarm_pool_cancel_alarm>
10003012:	bd10      	pop	{r4, pc}

10003014 <alarm_pool_core_num>:
10003014:	7840      	ldrb	r0, [r0, #1]
10003016:	4770      	bx	lr

10003018 <sleep_until>:
10003018:	b5f0      	push	{r4, r5, r6, r7, lr}
1000301a:	b083      	sub	sp, #12
1000301c:	0006      	movs	r6, r0
1000301e:	000f      	movs	r7, r1
10003020:	f3ef 8305 	mrs	r3, IPSR
10003024:	2b00      	cmp	r3, #0
10003026:	d11a      	bne.n	1000305e <sleep_until+0x46>
10003028:	2406      	movs	r4, #6
1000302a:	4264      	negs	r4, r4
1000302c:	17e5      	asrs	r5, r4, #31
1000302e:	19a4      	adds	r4, r4, r6
10003030:	417d      	adcs	r5, r7
10003032:	428d      	cmp	r5, r1
10003034:	d802      	bhi.n	1000303c <sleep_until+0x24>
10003036:	d103      	bne.n	10003040 <sleep_until+0x28>
10003038:	4284      	cmp	r4, r0
1000303a:	d901      	bls.n	10003040 <sleep_until+0x28>
1000303c:	2400      	movs	r4, #0
1000303e:	2500      	movs	r5, #0
10003040:	f000 f908 	bl	10003254 <time_us_64>
10003044:	0022      	movs	r2, r4
10003046:	002b      	movs	r3, r5
10003048:	1a12      	subs	r2, r2, r0
1000304a:	418b      	sbcs	r3, r1
1000304c:	2b00      	cmp	r3, #0
1000304e:	dc0b      	bgt.n	10003068 <sleep_until+0x50>
10003050:	d008      	beq.n	10003064 <sleep_until+0x4c>
10003052:	0030      	movs	r0, r6
10003054:	0039      	movs	r1, r7
10003056:	f000 f905 	bl	10003264 <busy_wait_until>
1000305a:	b003      	add	sp, #12
1000305c:	bdf0      	pop	{r4, r5, r6, r7, pc}
1000305e:	481a      	ldr	r0, [pc, #104]	@ (100030c8 <sleep_until+0xb0>)
10003060:	f7ff f8c6 	bl	100021f0 <panic>
10003064:	2a00      	cmp	r2, #0
10003066:	d0f4      	beq.n	10003052 <sleep_until+0x3a>
10003068:	4a18      	ldr	r2, [pc, #96]	@ (100030cc <sleep_until+0xb4>)
1000306a:	2300      	movs	r3, #0
1000306c:	9300      	str	r3, [sp, #0]
1000306e:	0020      	movs	r0, r4
10003070:	0029      	movs	r1, r5
10003072:	f7ff ff73 	bl	10002f5c <add_alarm_at>
10003076:	2800      	cmp	r0, #0
10003078:	da18      	bge.n	100030ac <sleep_until+0x94>
1000307a:	e7ea      	b.n	10003052 <sleep_until+0x3a>
1000307c:	2300      	movs	r3, #0
1000307e:	e000      	b.n	10003082 <sleep_until+0x6a>
10003080:	2300      	movs	r3, #0
10003082:	2b00      	cmp	r3, #0
10003084:	d1e5      	bne.n	10003052 <sleep_until+0x3a>
10003086:	4b12      	ldr	r3, [pc, #72]	@ (100030d0 <sleep_until+0xb8>)
10003088:	6819      	ldr	r1, [r3, #0]
1000308a:	f3ef 8310 	mrs	r3, PRIMASK
1000308e:	b672      	cpsid	i
10003090:	680a      	ldr	r2, [r1, #0]
10003092:	2a00      	cmp	r2, #0
10003094:	d0fc      	beq.n	10003090 <sleep_until+0x78>
10003096:	f3bf 8f5f 	dmb	sy
1000309a:	4a0d      	ldr	r2, [pc, #52]	@ (100030d0 <sleep_until+0xb8>)
1000309c:	6812      	ldr	r2, [r2, #0]
1000309e:	f3bf 8f5f 	dmb	sy
100030a2:	2100      	movs	r1, #0
100030a4:	6011      	str	r1, [r2, #0]
100030a6:	f383 8810 	msr	PRIMASK, r3
100030aa:	bf20      	wfe
100030ac:	4b09      	ldr	r3, [pc, #36]	@ (100030d4 <sleep_until+0xbc>)
100030ae:	6a5b      	ldr	r3, [r3, #36]	@ 0x24
100030b0:	429d      	cmp	r5, r3
100030b2:	d8e5      	bhi.n	10003080 <sleep_until+0x68>
100030b4:	4907      	ldr	r1, [pc, #28]	@ (100030d4 <sleep_until+0xbc>)
100030b6:	6a89      	ldr	r1, [r1, #40]	@ 0x28
100030b8:	42a1      	cmp	r1, r4
100030ba:	d203      	bcs.n	100030c4 <sleep_until+0xac>
100030bc:	429d      	cmp	r5, r3
100030be:	d0dd      	beq.n	1000307c <sleep_until+0x64>
100030c0:	2301      	movs	r3, #1
100030c2:	e7de      	b.n	10003082 <sleep_until+0x6a>
100030c4:	2301      	movs	r3, #1
100030c6:	e7dc      	b.n	10003082 <sleep_until+0x6a>
100030c8:	100093f0 	.word	0x100093f0
100030cc:	10002a9d 	.word	0x10002a9d
100030d0:	200024cc 	.word	0x200024cc
100030d4:	40054000 	.word	0x40054000

100030d8 <sleep_us>:
100030d8:	b570      	push	{r4, r5, r6, lr}
100030da:	0004      	movs	r4, r0
100030dc:	000d      	movs	r5, r1
100030de:	f000 f8b9 	bl	10003254 <time_us_64>
100030e2:	1900      	adds	r0, r0, r4
100030e4:	4169      	adcs	r1, r5
100030e6:	2900      	cmp	r1, #0
100030e8:	db02      	blt.n	100030f0 <sleep_us+0x18>
100030ea:	f7ff ff95 	bl	10003018 <sleep_until>
100030ee:	bd70      	pop	{r4, r5, r6, pc}
100030f0:	2001      	movs	r0, #1
100030f2:	4240      	negs	r0, r0
100030f4:	4900      	ldr	r1, [pc, #0]	@ (100030f8 <sleep_us+0x20>)
100030f6:	e7f8      	b.n	100030ea <sleep_us+0x12>
100030f8:	7fffffff 	.word	0x7fffffff

100030fc <sleep_ms>:
100030fc:	b510      	push	{r4, lr}
100030fe:	22fa      	movs	r2, #250	@ 0xfa
10003100:	0092      	lsls	r2, r2, #2
10003102:	2300      	movs	r3, #0
10003104:	2100      	movs	r1, #0
10003106:	f001 f9db 	bl	100044c0 <__wrap___aeabi_lmul>
1000310a:	f7ff ffe5 	bl	100030d8 <sleep_us>
1000310e:	bd10      	pop	{r4, pc}

10003110 <best_effort_wfe_or_timeout>:
10003110:	b530      	push	{r4, r5, lr}
10003112:	b083      	sub	sp, #12
10003114:	0005      	movs	r5, r0
10003116:	000c      	movs	r4, r1
10003118:	f3ef 8305 	mrs	r3, IPSR
1000311c:	2b00      	cmp	r3, #0
1000311e:	d012      	beq.n	10003146 <best_effort_wfe_or_timeout+0x36>
10003120:	4b2a      	ldr	r3, [pc, #168]	@ (100031cc <best_effort_wfe_or_timeout+0xbc>)
10003122:	6a5b      	ldr	r3, [r3, #36]	@ 0x24
10003124:	4299      	cmp	r1, r3
10003126:	d809      	bhi.n	1000313c <best_effort_wfe_or_timeout+0x2c>
10003128:	4a28      	ldr	r2, [pc, #160]	@ (100031cc <best_effort_wfe_or_timeout+0xbc>)
1000312a:	6a92      	ldr	r2, [r2, #40]	@ 0x28
1000312c:	4282      	cmp	r2, r0
1000312e:	d208      	bcs.n	10003142 <best_effort_wfe_or_timeout+0x32>
10003130:	4299      	cmp	r1, r3
10003132:	d001      	beq.n	10003138 <best_effort_wfe_or_timeout+0x28>
10003134:	2001      	movs	r0, #1
10003136:	e002      	b.n	1000313e <best_effort_wfe_or_timeout+0x2e>
10003138:	2000      	movs	r0, #0
1000313a:	e000      	b.n	1000313e <best_effort_wfe_or_timeout+0x2e>
1000313c:	2000      	movs	r0, #0
1000313e:	b003      	add	sp, #12
10003140:	bd30      	pop	{r4, r5, pc}
10003142:	2001      	movs	r0, #1
10003144:	e7fb      	b.n	1000313e <best_effort_wfe_or_timeout+0x2e>
10003146:	4a22      	ldr	r2, [pc, #136]	@ (100031d0 <best_effort_wfe_or_timeout+0xc0>)
10003148:	2300      	movs	r3, #0
1000314a:	9300      	str	r3, [sp, #0]
1000314c:	f7ff ff06 	bl	10002f5c <add_alarm_at>
10003150:	2800      	cmp	r0, #0
10003152:	dd0d      	ble.n	10003170 <best_effort_wfe_or_timeout+0x60>
10003154:	bf40      	sev
10003156:	bf20      	wfe
10003158:	4b1c      	ldr	r3, [pc, #112]	@ (100031cc <best_effort_wfe_or_timeout+0xbc>)
1000315a:	6a5b      	ldr	r3, [r3, #36]	@ 0x24
1000315c:	429c      	cmp	r4, r3
1000315e:	d81b      	bhi.n	10003198 <best_effort_wfe_or_timeout+0x88>
10003160:	4a1a      	ldr	r2, [pc, #104]	@ (100031cc <best_effort_wfe_or_timeout+0xbc>)
10003162:	6a92      	ldr	r2, [r2, #40]	@ 0x28
10003164:	42aa      	cmp	r2, r5
10003166:	d229      	bcs.n	100031bc <best_effort_wfe_or_timeout+0xac>
10003168:	429c      	cmp	r4, r3
1000316a:	d013      	beq.n	10003194 <best_effort_wfe_or_timeout+0x84>
1000316c:	2301      	movs	r3, #1
1000316e:	e014      	b.n	1000319a <best_effort_wfe_or_timeout+0x8a>
10003170:	4b16      	ldr	r3, [pc, #88]	@ (100031cc <best_effort_wfe_or_timeout+0xbc>)
10003172:	6a5b      	ldr	r3, [r3, #36]	@ 0x24
10003174:	429c      	cmp	r4, r3
10003176:	d809      	bhi.n	1000318c <best_effort_wfe_or_timeout+0x7c>
10003178:	4a14      	ldr	r2, [pc, #80]	@ (100031cc <best_effort_wfe_or_timeout+0xbc>)
1000317a:	6a92      	ldr	r2, [r2, #40]	@ 0x28
1000317c:	42aa      	cmp	r2, r5
1000317e:	d207      	bcs.n	10003190 <best_effort_wfe_or_timeout+0x80>
10003180:	429c      	cmp	r4, r3
10003182:	d001      	beq.n	10003188 <best_effort_wfe_or_timeout+0x78>
10003184:	2001      	movs	r0, #1
10003186:	e7da      	b.n	1000313e <best_effort_wfe_or_timeout+0x2e>
10003188:	2000      	movs	r0, #0
1000318a:	e7d8      	b.n	1000313e <best_effort_wfe_or_timeout+0x2e>
1000318c:	2000      	movs	r0, #0
1000318e:	e7d6      	b.n	1000313e <best_effort_wfe_or_timeout+0x2e>
10003190:	2001      	movs	r0, #1
10003192:	e7d4      	b.n	1000313e <best_effort_wfe_or_timeout+0x2e>
10003194:	2300      	movs	r3, #0
10003196:	e000      	b.n	1000319a <best_effort_wfe_or_timeout+0x8a>
10003198:	2300      	movs	r3, #0
1000319a:	2b00      	cmp	r3, #0
1000319c:	d100      	bne.n	100031a0 <best_effort_wfe_or_timeout+0x90>
1000319e:	bf20      	wfe
100031a0:	f7ff ff30 	bl	10003004 <cancel_alarm>
100031a4:	4b09      	ldr	r3, [pc, #36]	@ (100031cc <best_effort_wfe_or_timeout+0xbc>)
100031a6:	6a5b      	ldr	r3, [r3, #36]	@ 0x24
100031a8:	429c      	cmp	r4, r3
100031aa:	d80b      	bhi.n	100031c4 <best_effort_wfe_or_timeout+0xb4>
100031ac:	4a07      	ldr	r2, [pc, #28]	@ (100031cc <best_effort_wfe_or_timeout+0xbc>)
100031ae:	6a92      	ldr	r2, [r2, #40]	@ 0x28
100031b0:	42aa      	cmp	r2, r5
100031b2:	d209      	bcs.n	100031c8 <best_effort_wfe_or_timeout+0xb8>
100031b4:	429c      	cmp	r4, r3
100031b6:	d003      	beq.n	100031c0 <best_effort_wfe_or_timeout+0xb0>
100031b8:	2001      	movs	r0, #1
100031ba:	e7c0      	b.n	1000313e <best_effort_wfe_or_timeout+0x2e>
100031bc:	2301      	movs	r3, #1
100031be:	e7ec      	b.n	1000319a <best_effort_wfe_or_timeout+0x8a>
100031c0:	2000      	movs	r0, #0
100031c2:	e7bc      	b.n	1000313e <best_effort_wfe_or_timeout+0x2e>
100031c4:	2000      	movs	r0, #0
100031c6:	e7ba      	b.n	1000313e <best_effort_wfe_or_timeout+0x2e>
100031c8:	2001      	movs	r0, #1
100031ca:	e7b8      	b.n	1000313e <best_effort_wfe_or_timeout+0x2e>
100031cc:	40054000 	.word	0x40054000
100031d0:	10002a9d 	.word	0x10002a9d

100031d4 <alarm_pool_get_default_timer>:
100031d4:	4800      	ldr	r0, [pc, #0]	@ (100031d8 <alarm_pool_get_default_timer+0x4>)
100031d6:	4770      	bx	lr
100031d8:	40054000 	.word	0x40054000

100031dc <runtime_init_default_alarm_pool>:
100031dc:	b510      	push	{r4, lr}
100031de:	4b0b      	ldr	r3, [pc, #44]	@ (1000320c <runtime_init_default_alarm_pool+0x30>)
100031e0:	691b      	ldr	r3, [r3, #16]
100031e2:	2b00      	cmp	r3, #0
100031e4:	d004      	beq.n	100031f0 <runtime_init_default_alarm_pool+0x14>
100031e6:	480a      	ldr	r0, [pc, #40]	@ (10003210 <runtime_init_default_alarm_pool+0x34>)
100031e8:	210a      	movs	r1, #10
100031ea:	f7ff fbf5 	bl	100029d8 <lock_init>
100031ee:	bd10      	pop	{r4, pc}
100031f0:	f7ff fff0 	bl	100031d4 <alarm_pool_get_default_timer>
100031f4:	0004      	movs	r4, r0
100031f6:	2103      	movs	r1, #3
100031f8:	f000 f80c 	bl	10003214 <timer_hardware_alarm_claim>
100031fc:	4803      	ldr	r0, [pc, #12]	@ (1000320c <runtime_init_default_alarm_pool+0x30>)
100031fe:	2310      	movs	r3, #16
10003200:	2203      	movs	r2, #3
10003202:	0021      	movs	r1, r4
10003204:	f7ff fde8 	bl	10002dd8 <alarm_pool_post_alloc_init>
10003208:	e7ed      	b.n	100031e6 <runtime_init_default_alarm_pool+0xa>
1000320a:	46c0      	nop			@ (mov r8, r8)
1000320c:	20000d0c 	.word	0x20000d0c
10003210:	200024cc 	.word	0x200024cc

10003214 <timer_hardware_alarm_claim>:
10003214:	b510      	push	{r4, lr}
10003216:	4a02      	ldr	r2, [pc, #8]	@ (10003220 <timer_hardware_alarm_claim+0xc>)
10003218:	4802      	ldr	r0, [pc, #8]	@ (10003224 <timer_hardware_alarm_claim+0x10>)
1000321a:	f7ff f817 	bl	1000224c <hw_claim_or_assert>
1000321e:	bd10      	pop	{r4, pc}
10003220:	10009440 	.word	0x10009440
10003224:	20001e18 	.word	0x20001e18

10003228 <timer_time_us_64>:
10003228:	0002      	movs	r2, r0
1000322a:	6a43      	ldr	r3, [r0, #36]	@ 0x24
1000322c:	6a90      	ldr	r0, [r2, #40]	@ 0x28
1000322e:	0019      	movs	r1, r3
10003230:	6a53      	ldr	r3, [r2, #36]	@ 0x24
10003232:	4299      	cmp	r1, r3
10003234:	d1fa      	bne.n	1000322c <timer_time_us_64+0x4>
10003236:	4770      	bx	lr

10003238 <timer_busy_wait_until>:
10003238:	6a41      	ldr	r1, [r0, #36]	@ 0x24
1000323a:	e000      	b.n	1000323e <timer_busy_wait_until+0x6>
1000323c:	6a41      	ldr	r1, [r0, #36]	@ 0x24
1000323e:	4299      	cmp	r1, r3
10003240:	d3fc      	bcc.n	1000323c <timer_busy_wait_until+0x4>
10003242:	e000      	b.n	10003246 <timer_busy_wait_until+0xe>
10003244:	6a41      	ldr	r1, [r0, #36]	@ 0x24
10003246:	4299      	cmp	r1, r3
10003248:	d102      	bne.n	10003250 <timer_busy_wait_until+0x18>
1000324a:	6a81      	ldr	r1, [r0, #40]	@ 0x28
1000324c:	4291      	cmp	r1, r2
1000324e:	d3f9      	bcc.n	10003244 <timer_busy_wait_until+0xc>
10003250:	4770      	bx	lr
	...

10003254 <time_us_64>:
10003254:	b510      	push	{r4, lr}
10003256:	4802      	ldr	r0, [pc, #8]	@ (10003260 <time_us_64+0xc>)
10003258:	f7ff ffe6 	bl	10003228 <timer_time_us_64>
1000325c:	bd10      	pop	{r4, pc}
1000325e:	46c0      	nop			@ (mov r8, r8)
10003260:	40054000 	.word	0x40054000

10003264 <busy_wait_until>:
10003264:	b510      	push	{r4, lr}
10003266:	0002      	movs	r2, r0
10003268:	000b      	movs	r3, r1
1000326a:	4802      	ldr	r0, [pc, #8]	@ (10003274 <busy_wait_until+0x10>)
1000326c:	f7ff ffe4 	bl	10003238 <timer_busy_wait_until>
10003270:	bd10      	pop	{r4, pc}
10003272:	46c0      	nop			@ (mov r8, r8)
10003274:	40054000 	.word	0x40054000

10003278 <clock_configure_internal>:
10003278:	b5f8      	push	{r3, r4, r5, r6, r7, lr}
1000327a:	46d6      	mov	lr, sl
1000327c:	4647      	mov	r7, r8
1000327e:	b580      	push	{r7, lr}
10003280:	0006      	movs	r6, r0
10003282:	000d      	movs	r5, r1
10003284:	0017      	movs	r7, r2
10003286:	4698      	mov	r8, r3
10003288:	0044      	lsls	r4, r0, #1
1000328a:	1824      	adds	r4, r4, r0
1000328c:	00a4      	lsls	r4, r4, #2
1000328e:	4b29      	ldr	r3, [pc, #164]	@ (10003334 <clock_configure_internal+0xbc>)
10003290:	469c      	mov	ip, r3
10003292:	4464      	add	r4, ip
10003294:	6863      	ldr	r3, [r4, #4]
10003296:	9a08      	ldr	r2, [sp, #32]
10003298:	4293      	cmp	r3, r2
1000329a:	d200      	bcs.n	1000329e <clock_configure_internal+0x26>
1000329c:	6062      	str	r2, [r4, #4]
1000329e:	1f33      	subs	r3, r6, #4
100032a0:	b2db      	uxtb	r3, r3
100032a2:	469a      	mov	sl, r3
100032a4:	2b01      	cmp	r3, #1
100032a6:	d92e      	bls.n	10003306 <clock_configure_internal+0x8e>
100032a8:	2280      	movs	r2, #128	@ 0x80
100032aa:	0112      	lsls	r2, r2, #4
100032ac:	23c0      	movs	r3, #192	@ 0xc0
100032ae:	019b      	lsls	r3, r3, #6
100032b0:	18e3      	adds	r3, r4, r3
100032b2:	601a      	str	r2, [r3, #0]
100032b4:	4b20      	ldr	r3, [pc, #128]	@ (10003338 <clock_configure_internal+0xc0>)
100032b6:	00b2      	lsls	r2, r6, #2
100032b8:	58d1      	ldr	r1, [r2, r3]
100032ba:	2900      	cmp	r1, #0
100032bc:	d007      	beq.n	100032ce <clock_configure_internal+0x56>
100032be:	6958      	ldr	r0, [r3, #20]
100032c0:	f000 fac2 	bl	10003848 <__wrap___aeabi_uidiv>
100032c4:	3001      	adds	r0, #1
100032c6:	0043      	lsls	r3, r0, #1
100032c8:	181b      	adds	r3, r3, r0
100032ca:	3b03      	subs	r3, #3
100032cc:	d2fd      	bcs.n	100032ca <clock_configure_internal+0x52>
100032ce:	017f      	lsls	r7, r7, #5
100032d0:	6823      	ldr	r3, [r4, #0]
100032d2:	405f      	eors	r7, r3
100032d4:	23e0      	movs	r3, #224	@ 0xe0
100032d6:	403b      	ands	r3, r7
100032d8:	2280      	movs	r2, #128	@ 0x80
100032da:	0152      	lsls	r2, r2, #5
100032dc:	18a2      	adds	r2, r4, r2
100032de:	6013      	str	r3, [r2, #0]
100032e0:	4653      	mov	r3, sl
100032e2:	2b01      	cmp	r3, #1
100032e4:	d91a      	bls.n	1000331c <clock_configure_internal+0xa4>
100032e6:	2380      	movs	r3, #128	@ 0x80
100032e8:	019b      	lsls	r3, r3, #6
100032ea:	18e3      	adds	r3, r4, r3
100032ec:	2280      	movs	r2, #128	@ 0x80
100032ee:	0112      	lsls	r2, r2, #4
100032f0:	601a      	str	r2, [r3, #0]
100032f2:	9b08      	ldr	r3, [sp, #32]
100032f4:	6063      	str	r3, [r4, #4]
100032f6:	4b10      	ldr	r3, [pc, #64]	@ (10003338 <clock_configure_internal+0xc0>)
100032f8:	00b6      	lsls	r6, r6, #2
100032fa:	4642      	mov	r2, r8
100032fc:	50f2      	str	r2, [r6, r3]
100032fe:	bcc0      	pop	{r6, r7}
10003300:	46ba      	mov	sl, r7
10003302:	46b0      	mov	r8, r6
10003304:	bdf8      	pop	{r3, r4, r5, r6, r7, pc}
10003306:	2d01      	cmp	r5, #1
10003308:	d1ce      	bne.n	100032a8 <clock_configure_internal+0x30>
1000330a:	2203      	movs	r2, #3
1000330c:	23c0      	movs	r3, #192	@ 0xc0
1000330e:	019b      	lsls	r3, r3, #6
10003310:	18e3      	adds	r3, r4, r3
10003312:	601a      	str	r2, [r3, #0]
10003314:	68a3      	ldr	r3, [r4, #8]
10003316:	07db      	lsls	r3, r3, #31
10003318:	d5fc      	bpl.n	10003314 <clock_configure_internal+0x9c>
1000331a:	e7d8      	b.n	100032ce <clock_configure_internal+0x56>
1000331c:	6821      	ldr	r1, [r4, #0]
1000331e:	4069      	eors	r1, r5
10003320:	2303      	movs	r3, #3
10003322:	400b      	ands	r3, r1
10003324:	6013      	str	r3, [r2, #0]
10003326:	68a3      	ldr	r3, [r4, #8]
10003328:	2201      	movs	r2, #1
1000332a:	40aa      	lsls	r2, r5
1000332c:	421a      	tst	r2, r3
1000332e:	d0fa      	beq.n	10003326 <clock_configure_internal+0xae>
10003330:	e7d9      	b.n	100032e6 <clock_configure_internal+0x6e>
10003332:	46c0      	nop			@ (mov r8, r8)
10003334:	40008000 	.word	0x40008000
10003338:	20001e1c 	.word	0x20001e1c

1000333c <clock_configure_int_divider>:
1000333c:	b5f0      	push	{r4, r5, r6, r7, lr}
1000333e:	b083      	sub	sp, #12
10003340:	0005      	movs	r5, r0
10003342:	000e      	movs	r6, r1
10003344:	0017      	movs	r7, r2
10003346:	0018      	movs	r0, r3
10003348:	9908      	ldr	r1, [sp, #32]
1000334a:	f000 fa7d 	bl	10003848 <__wrap___aeabi_uidiv>
1000334e:	0003      	movs	r3, r0
10003350:	9a08      	ldr	r2, [sp, #32]
10003352:	0214      	lsls	r4, r2, #8
10003354:	9400      	str	r4, [sp, #0]
10003356:	003a      	movs	r2, r7
10003358:	0031      	movs	r1, r6
1000335a:	0028      	movs	r0, r5
1000335c:	f7ff ff8c 	bl	10003278 <clock_configure_internal>
10003360:	b003      	add	sp, #12
10003362:	bdf0      	pop	{r4, r5, r6, r7, pc}

10003364 <clock_configure_undivided>:
10003364:	b510      	push	{r4, lr}
10003366:	b082      	sub	sp, #8
10003368:	2480      	movs	r4, #128	@ 0x80
1000336a:	0064      	lsls	r4, r4, #1
1000336c:	9400      	str	r4, [sp, #0]
1000336e:	f7ff ff83 	bl	10003278 <clock_configure_internal>
10003372:	b002      	add	sp, #8
10003374:	bd10      	pop	{r4, pc}
	...

10003378 <clock_get_hz>:
10003378:	4b01      	ldr	r3, [pc, #4]	@ (10003380 <clock_get_hz+0x8>)
1000337a:	0080      	lsls	r0, r0, #2
1000337c:	58c0      	ldr	r0, [r0, r3]
1000337e:	4770      	bx	lr
10003380:	20001e1c 	.word	0x20001e1c

10003384 <pll_init>:
10003384:	b5f0      	push	{r4, r5, r6, r7, lr}
10003386:	46c6      	mov	lr, r8
10003388:	b500      	push	{lr}
1000338a:	0004      	movs	r4, r0
1000338c:	000e      	movs	r6, r1
1000338e:	0017      	movs	r7, r2
10003390:	001d      	movs	r5, r3
10003392:	4837      	ldr	r0, [pc, #220]	@ (10003470 <pll_init+0xec>)
10003394:	f000 fa58 	bl	10003848 <__wrap___aeabi_uidiv>
10003398:	4680      	mov	r8, r0
1000339a:	4b36      	ldr	r3, [pc, #216]	@ (10003474 <pll_init+0xf0>)
1000339c:	18fa      	adds	r2, r7, r3
1000339e:	4b36      	ldr	r3, [pc, #216]	@ (10003478 <pll_init+0xf4>)
100033a0:	429a      	cmp	r2, r3
100033a2:	d839      	bhi.n	10003418 <pll_init+0x94>
100033a4:	0001      	movs	r1, r0
100033a6:	0038      	movs	r0, r7
100033a8:	f000 fa4e 	bl	10003848 <__wrap___aeabi_uidiv>
100033ac:	0002      	movs	r2, r0
100033ae:	3a10      	subs	r2, #16
100033b0:	2398      	movs	r3, #152	@ 0x98
100033b2:	005b      	lsls	r3, r3, #1
100033b4:	429a      	cmp	r2, r3
100033b6:	d835      	bhi.n	10003424 <pll_init+0xa0>
100033b8:	1e6b      	subs	r3, r5, #1
100033ba:	2b06      	cmp	r3, #6
100033bc:	d838      	bhi.n	10003430 <pll_init+0xac>
100033be:	9b06      	ldr	r3, [sp, #24]
100033c0:	3b01      	subs	r3, #1
100033c2:	2b06      	cmp	r3, #6
100033c4:	d834      	bhi.n	10003430 <pll_init+0xac>
100033c6:	093f      	lsrs	r7, r7, #4
100033c8:	4547      	cmp	r7, r8
100033ca:	d337      	bcc.n	1000343c <pll_init+0xb8>
100033cc:	042d      	lsls	r5, r5, #16
100033ce:	9b06      	ldr	r3, [sp, #24]
100033d0:	031b      	lsls	r3, r3, #12
100033d2:	431d      	orrs	r5, r3
100033d4:	6823      	ldr	r3, [r4, #0]
100033d6:	2b00      	cmp	r3, #0
100033d8:	db36      	blt.n	10003448 <pll_init+0xc4>
100033da:	4b28      	ldr	r3, [pc, #160]	@ (1000347c <pll_init+0xf8>)
100033dc:	429c      	cmp	r4, r3
100033de:	d044      	beq.n	1000346a <pll_init+0xe6>
100033e0:	220c      	movs	r2, #12
100033e2:	2301      	movs	r3, #1
100033e4:	4093      	lsls	r3, r2
100033e6:	4a26      	ldr	r2, [pc, #152]	@ (10003480 <pll_init+0xfc>)
100033e8:	6013      	str	r3, [r2, #0]
100033ea:	4a26      	ldr	r2, [pc, #152]	@ (10003484 <pll_init+0x100>)
100033ec:	6013      	str	r3, [r2, #0]
100033ee:	4a26      	ldr	r2, [pc, #152]	@ (10003488 <pll_init+0x104>)
100033f0:	6812      	ldr	r2, [r2, #0]
100033f2:	0019      	movs	r1, r3
100033f4:	4391      	bics	r1, r2
100033f6:	1e0a      	subs	r2, r1, #0
100033f8:	d1f9      	bne.n	100033ee <pll_init+0x6a>
100033fa:	6026      	str	r6, [r4, #0]
100033fc:	60a0      	str	r0, [r4, #8]
100033fe:	4b23      	ldr	r3, [pc, #140]	@ (1000348c <pll_init+0x108>)
10003400:	18e3      	adds	r3, r4, r3
10003402:	3221      	adds	r2, #33	@ 0x21
10003404:	601a      	str	r2, [r3, #0]
10003406:	6822      	ldr	r2, [r4, #0]
10003408:	2a00      	cmp	r2, #0
1000340a:	dafc      	bge.n	10003406 <pll_init+0x82>
1000340c:	60e5      	str	r5, [r4, #12]
1000340e:	2208      	movs	r2, #8
10003410:	601a      	str	r2, [r3, #0]
10003412:	bc80      	pop	{r7}
10003414:	46b8      	mov	r8, r7
10003416:	bdf0      	pop	{r4, r5, r6, r7, pc}
10003418:	4b1d      	ldr	r3, [pc, #116]	@ (10003490 <pll_init+0x10c>)
1000341a:	4a1e      	ldr	r2, [pc, #120]	@ (10003494 <pll_init+0x110>)
1000341c:	481e      	ldr	r0, [pc, #120]	@ (10003498 <pll_init+0x114>)
1000341e:	2111      	movs	r1, #17
10003420:	f002 fb46 	bl	10005ab0 <__assert_func>
10003424:	4b1d      	ldr	r3, [pc, #116]	@ (1000349c <pll_init+0x118>)
10003426:	4a1b      	ldr	r2, [pc, #108]	@ (10003494 <pll_init+0x110>)
10003428:	481b      	ldr	r0, [pc, #108]	@ (10003498 <pll_init+0x114>)
1000342a:	2119      	movs	r1, #25
1000342c:	f002 fb40 	bl	10005ab0 <__assert_func>
10003430:	4b1b      	ldr	r3, [pc, #108]	@ (100034a0 <pll_init+0x11c>)
10003432:	4a18      	ldr	r2, [pc, #96]	@ (10003494 <pll_init+0x110>)
10003434:	4818      	ldr	r0, [pc, #96]	@ (10003498 <pll_init+0x114>)
10003436:	211c      	movs	r1, #28
10003438:	f002 fb3a 	bl	10005ab0 <__assert_func>
1000343c:	4b19      	ldr	r3, [pc, #100]	@ (100034a4 <pll_init+0x120>)
1000343e:	4a15      	ldr	r2, [pc, #84]	@ (10003494 <pll_init+0x110>)
10003440:	4815      	ldr	r0, [pc, #84]	@ (10003498 <pll_init+0x114>)
10003442:	2123      	movs	r1, #35	@ 0x23
10003444:	f002 fb34 	bl	10005ab0 <__assert_func>
10003448:	6822      	ldr	r2, [r4, #0]
1000344a:	233f      	movs	r3, #63	@ 0x3f
1000344c:	4013      	ands	r3, r2
1000344e:	42b3      	cmp	r3, r6
10003450:	d1c3      	bne.n	100033da <pll_init+0x56>
10003452:	68a3      	ldr	r3, [r4, #8]
10003454:	051b      	lsls	r3, r3, #20
10003456:	0d1b      	lsrs	r3, r3, #20
10003458:	4283      	cmp	r3, r0
1000345a:	d1be      	bne.n	100033da <pll_init+0x56>
1000345c:	68e3      	ldr	r3, [r4, #12]
1000345e:	22ee      	movs	r2, #238	@ 0xee
10003460:	02d2      	lsls	r2, r2, #11
10003462:	4013      	ands	r3, r2
10003464:	42ab      	cmp	r3, r5
10003466:	d1b8      	bne.n	100033da <pll_init+0x56>
10003468:	e7d3      	b.n	10003412 <pll_init+0x8e>
1000346a:	220d      	movs	r2, #13
1000346c:	e7b9      	b.n	100033e2 <pll_init+0x5e>
1000346e:	46c0      	nop			@ (mov r8, r8)
10003470:	00b71b00 	.word	0x00b71b00
10003474:	d34be880 	.word	0xd34be880
10003478:	32a9f880 	.word	0x32a9f880
1000347c:	4002c000 	.word	0x4002c000
10003480:	4000e000 	.word	0x4000e000
10003484:	4000f000 	.word	0x4000f000
10003488:	4000c008 	.word	0x4000c008
1000348c:	00003004 	.word	0x00003004
10003490:	10009464 	.word	0x10009464
10003494:	1000a04c 	.word	0x1000a04c
10003498:	100094b4 	.word	0x100094b4
1000349c:	100094fc 	.word	0x100094fc
100034a0:	10009518 	.word	0x10009518
100034a4:	10009564 	.word	0x10009564

100034a8 <watchdog_update>:
100034a8:	4b02      	ldr	r3, [pc, #8]	@ (100034b4 <watchdog_update+0xc>)
100034aa:	681a      	ldr	r2, [r3, #0]
100034ac:	4b02      	ldr	r3, [pc, #8]	@ (100034b8 <watchdog_update+0x10>)
100034ae:	605a      	str	r2, [r3, #4]
100034b0:	4770      	bx	lr
100034b2:	46c0      	nop			@ (mov r8, r8)
100034b4:	20002280 	.word	0x20002280
100034b8:	40058000 	.word	0x40058000

100034bc <_watchdog_enable>:
100034bc:	b510      	push	{r4, lr}
100034be:	4b18      	ldr	r3, [pc, #96]	@ (10003520 <_watchdog_enable+0x64>)
100034c0:	2280      	movs	r2, #128	@ 0x80
100034c2:	05d2      	lsls	r2, r2, #23
100034c4:	601a      	str	r2, [r3, #0]
100034c6:	4b17      	ldr	r3, [pc, #92]	@ (10003524 <_watchdog_enable+0x68>)
100034c8:	4a17      	ldr	r2, [pc, #92]	@ (10003528 <_watchdog_enable+0x6c>)
100034ca:	601a      	str	r2, [r3, #0]
100034cc:	2900      	cmp	r1, #0
100034ce:	d00a      	beq.n	100034e6 <_watchdog_enable+0x2a>
100034d0:	4b16      	ldr	r3, [pc, #88]	@ (1000352c <_watchdog_enable+0x70>)
100034d2:	22e0      	movs	r2, #224	@ 0xe0
100034d4:	04d2      	lsls	r2, r2, #19
100034d6:	601a      	str	r2, [r3, #0]
100034d8:	2800      	cmp	r0, #0
100034da:	d109      	bne.n	100034f0 <_watchdog_enable+0x34>
100034dc:	4b13      	ldr	r3, [pc, #76]	@ (1000352c <_watchdog_enable+0x70>)
100034de:	2280      	movs	r2, #128	@ 0x80
100034e0:	0612      	lsls	r2, r2, #24
100034e2:	601a      	str	r2, [r3, #0]
100034e4:	bd10      	pop	{r4, pc}
100034e6:	4b0e      	ldr	r3, [pc, #56]	@ (10003520 <_watchdog_enable+0x64>)
100034e8:	22e0      	movs	r2, #224	@ 0xe0
100034ea:	04d2      	lsls	r2, r2, #19
100034ec:	601a      	str	r2, [r3, #0]
100034ee:	e7f3      	b.n	100034d8 <_watchdog_enable+0x1c>
100034f0:	0143      	lsls	r3, r0, #5
100034f2:	1a1b      	subs	r3, r3, r0
100034f4:	009b      	lsls	r3, r3, #2
100034f6:	181a      	adds	r2, r3, r0
100034f8:	00d2      	lsls	r2, r2, #3
100034fa:	490d      	ldr	r1, [pc, #52]	@ (10003530 <_watchdog_enable+0x74>)
100034fc:	600a      	str	r2, [r1, #0]
100034fe:	1818      	adds	r0, r3, r0
10003500:	0100      	lsls	r0, r0, #4
10003502:	6008      	str	r0, [r1, #0]
10003504:	2380      	movs	r3, #128	@ 0x80
10003506:	045b      	lsls	r3, r3, #17
10003508:	4298      	cmp	r0, r3
1000350a:	d301      	bcc.n	10003510 <_watchdog_enable+0x54>
1000350c:	4a09      	ldr	r2, [pc, #36]	@ (10003534 <_watchdog_enable+0x78>)
1000350e:	600a      	str	r2, [r1, #0]
10003510:	f7ff ffca 	bl	100034a8 <watchdog_update>
10003514:	4b05      	ldr	r3, [pc, #20]	@ (1000352c <_watchdog_enable+0x70>)
10003516:	2280      	movs	r2, #128	@ 0x80
10003518:	05d2      	lsls	r2, r2, #23
1000351a:	601a      	str	r2, [r3, #0]
1000351c:	e7e2      	b.n	100034e4 <_watchdog_enable+0x28>
1000351e:	46c0      	nop			@ (mov r8, r8)
10003520:	4005b000 	.word	0x4005b000
10003524:	40012008 	.word	0x40012008
10003528:	0001fffc 	.word	0x0001fffc
1000352c:	4005a000 	.word	0x4005a000
10003530:	20002280 	.word	0x20002280
10003534:	00ffffff 	.word	0x00ffffff

10003538 <watchdog_reboot>:
10003538:	b510      	push	{r4, lr}
1000353a:	0003      	movs	r3, r0
1000353c:	0010      	movs	r0, r2
1000353e:	4a0c      	ldr	r2, [pc, #48]	@ (10003570 <watchdog_reboot+0x38>)
10003540:	2480      	movs	r4, #128	@ 0x80
10003542:	05e4      	lsls	r4, r4, #23
10003544:	6014      	str	r4, [r2, #0]
10003546:	2b00      	cmp	r3, #0
10003548:	d00d      	beq.n	10003566 <watchdog_reboot+0x2e>
1000354a:	2201      	movs	r2, #1
1000354c:	4313      	orrs	r3, r2
1000354e:	4a09      	ldr	r2, [pc, #36]	@ (10003574 <watchdog_reboot+0x3c>)
10003550:	4c09      	ldr	r4, [pc, #36]	@ (10003578 <watchdog_reboot+0x40>)
10003552:	61d4      	str	r4, [r2, #28]
10003554:	4c09      	ldr	r4, [pc, #36]	@ (1000357c <watchdog_reboot+0x44>)
10003556:	405c      	eors	r4, r3
10003558:	6214      	str	r4, [r2, #32]
1000355a:	6251      	str	r1, [r2, #36]	@ 0x24
1000355c:	6293      	str	r3, [r2, #40]	@ 0x28
1000355e:	2100      	movs	r1, #0
10003560:	f7ff ffac 	bl	100034bc <_watchdog_enable>
10003564:	bd10      	pop	{r4, pc}
10003566:	4b03      	ldr	r3, [pc, #12]	@ (10003574 <watchdog_reboot+0x3c>)
10003568:	2200      	movs	r2, #0
1000356a:	61da      	str	r2, [r3, #28]
1000356c:	e7f7      	b.n	1000355e <watchdog_reboot+0x26>
1000356e:	46c0      	nop			@ (mov r8, r8)
10003570:	4005b000 	.word	0x4005b000
10003574:	40058000 	.word	0x40058000
10003578:	b007c0d3 	.word	0xb007c0d3
1000357c:	4ff83f2d 	.word	0x4ff83f2d

10003580 <tick_start>:
10003580:	2380      	movs	r3, #128	@ 0x80
10003582:	009b      	lsls	r3, r3, #2
10003584:	430b      	orrs	r3, r1
10003586:	4a01      	ldr	r2, [pc, #4]	@ (1000358c <tick_start+0xc>)
10003588:	62d3      	str	r3, [r2, #44]	@ 0x2c
1000358a:	4770      	bx	lr
1000358c:	40058000 	.word	0x40058000

10003590 <xosc_init>:
10003590:	4b06      	ldr	r3, [pc, #24]	@ (100035ac <xosc_init+0x1c>)
10003592:	22aa      	movs	r2, #170	@ 0xaa
10003594:	0112      	lsls	r2, r2, #4
10003596:	601a      	str	r2, [r3, #0]
10003598:	222f      	movs	r2, #47	@ 0x2f
1000359a:	60da      	str	r2, [r3, #12]
1000359c:	4b04      	ldr	r3, [pc, #16]	@ (100035b0 <xosc_init+0x20>)
1000359e:	4a05      	ldr	r2, [pc, #20]	@ (100035b4 <xosc_init+0x24>)
100035a0:	601a      	str	r2, [r3, #0]
100035a2:	4b02      	ldr	r3, [pc, #8]	@ (100035ac <xosc_init+0x1c>)
100035a4:	685b      	ldr	r3, [r3, #4]
100035a6:	2b00      	cmp	r3, #0
100035a8:	dafb      	bge.n	100035a2 <xosc_init+0x12>
100035aa:	4770      	bx	lr
100035ac:	40024000 	.word	0x40024000
100035b0:	40026000 	.word	0x40026000
100035b4:	00fab000 	.word	0x00fab000

100035b8 <runtime_run_initializers_from>:
100035b8:	b510      	push	{r4, lr}
100035ba:	0004      	movs	r4, r0
100035bc:	e001      	b.n	100035c2 <runtime_run_initializers_from+0xa>
100035be:	cc08      	ldmia	r4!, {r3}
100035c0:	4798      	blx	r3
100035c2:	4b02      	ldr	r3, [pc, #8]	@ (100035cc <runtime_run_initializers_from+0x14>)
100035c4:	429c      	cmp	r4, r3
100035c6:	d3fa      	bcc.n	100035be <runtime_run_initializers_from+0x6>
100035c8:	bd10      	pop	{r4, pc}
100035ca:	46c0      	nop			@ (mov r8, r8)
100035cc:	10008e84 	.word	0x10008e84

100035d0 <first_per_core_initializer>:
100035d0:	4770      	bx	lr
	...

100035d4 <runtime_run_initializers>:
100035d4:	b510      	push	{r4, lr}
100035d6:	4802      	ldr	r0, [pc, #8]	@ (100035e0 <runtime_run_initializers+0xc>)
100035d8:	f7ff ffee 	bl	100035b8 <runtime_run_initializers_from>
100035dc:	bd10      	pop	{r4, pc}
100035de:	46c0      	nop			@ (mov r8, r8)
100035e0:	10008e48 	.word	0x10008e48

100035e4 <runtime_init_early_resets>:
100035e4:	4b05      	ldr	r3, [pc, #20]	@ (100035fc <runtime_init_early_resets+0x18>)
100035e6:	4a06      	ldr	r2, [pc, #24]	@ (10003600 <runtime_init_early_resets+0x1c>)
100035e8:	601a      	str	r2, [r3, #0]
100035ea:	4b06      	ldr	r3, [pc, #24]	@ (10003604 <runtime_init_early_resets+0x20>)
100035ec:	4a06      	ldr	r2, [pc, #24]	@ (10003608 <runtime_init_early_resets+0x24>)
100035ee:	601a      	str	r2, [r3, #0]
100035f0:	4b06      	ldr	r3, [pc, #24]	@ (1000360c <runtime_init_early_resets+0x28>)
100035f2:	681a      	ldr	r2, [r3, #0]
100035f4:	4b04      	ldr	r3, [pc, #16]	@ (10003608 <runtime_init_early_resets+0x24>)
100035f6:	4393      	bics	r3, r2
100035f8:	d1fa      	bne.n	100035f0 <runtime_init_early_resets+0xc>
100035fa:	4770      	bx	lr
100035fc:	4000e000 	.word	0x4000e000
10003600:	fefbcdbf 	.word	0xfefbcdbf
10003604:	4000f000 	.word	0x4000f000
10003608:	003c7ffe 	.word	0x003c7ffe
1000360c:	4000c008 	.word	0x4000c008

10003610 <runtime_init_usb_power_down>:
10003610:	4b04      	ldr	r3, [pc, #16]	@ (10003624 <runtime_init_usb_power_down+0x14>)
10003612:	6cdb      	ldr	r3, [r3, #76]	@ 0x4c
10003614:	2b00      	cmp	r3, #0
10003616:	d103      	bne.n	10003620 <runtime_init_usb_power_down+0x10>
10003618:	4b03      	ldr	r3, [pc, #12]	@ (10003628 <runtime_init_usb_power_down+0x18>)
1000361a:	2280      	movs	r2, #128	@ 0x80
1000361c:	02d2      	lsls	r2, r2, #11
1000361e:	601a      	str	r2, [r3, #0]
10003620:	4770      	bx	lr
10003622:	46c0      	nop			@ (mov r8, r8)
10003624:	50110000 	.word	0x50110000
10003628:	5011204c 	.word	0x5011204c

1000362c <runtime_init_post_clock_resets>:
1000362c:	4b04      	ldr	r3, [pc, #16]	@ (10003640 <runtime_init_post_clock_resets+0x14>)
1000362e:	4a05      	ldr	r2, [pc, #20]	@ (10003644 <runtime_init_post_clock_resets+0x18>)
10003630:	601a      	str	r2, [r3, #0]
10003632:	4b05      	ldr	r3, [pc, #20]	@ (10003648 <runtime_init_post_clock_resets+0x1c>)
10003634:	681b      	ldr	r3, [r3, #0]
10003636:	43db      	mvns	r3, r3
10003638:	01db      	lsls	r3, r3, #7
1000363a:	d1fa      	bne.n	10003632 <runtime_init_post_clock_resets+0x6>
1000363c:	4770      	bx	lr
1000363e:	46c0      	nop			@ (mov r8, r8)
10003640:	4000f000 	.word	0x4000f000
10003644:	01ffffff 	.word	0x01ffffff
10003648:	4000c008 	.word	0x4000c008

1000364c <runtime_init_rp2040_gpio_ie_disable>:
1000364c:	4b03      	ldr	r3, [pc, #12]	@ (1000365c <runtime_init_rp2040_gpio_ie_disable+0x10>)
1000364e:	2240      	movs	r2, #64	@ 0x40
10003650:	679a      	str	r2, [r3, #120]	@ 0x78
10003652:	675a      	str	r2, [r3, #116]	@ 0x74
10003654:	671a      	str	r2, [r3, #112]	@ 0x70
10003656:	66da      	str	r2, [r3, #108]	@ 0x6c
10003658:	4770      	bx	lr
1000365a:	46c0      	nop			@ (mov r8, r8)
1000365c:	4001f000 	.word	0x4001f000

10003660 <runtime_init_spin_locks_reset>:
10003660:	b510      	push	{r4, lr}
10003662:	f7fe fe55 	bl	10002310 <spin_locks_reset>
10003666:	bd10      	pop	{r4, pc}

10003668 <runtime_init_install_ram_vector_table>:
10003668:	b570      	push	{r4, r5, r6, lr}
1000366a:	4d04      	ldr	r5, [pc, #16]	@ (1000367c <runtime_init_install_ram_vector_table+0x14>)
1000366c:	68a9      	ldr	r1, [r5, #8]
1000366e:	4c04      	ldr	r4, [pc, #16]	@ (10003680 <runtime_init_install_ram_vector_table+0x18>)
10003670:	22c0      	movs	r2, #192	@ 0xc0
10003672:	0020      	movs	r0, r4
10003674:	f001 f914 	bl	100048a0 <__wrap___aeabi_memcpy>
10003678:	60ac      	str	r4, [r5, #8]
1000367a:	bd70      	pop	{r4, r5, r6, pc}
1000367c:	e000ed00 	.word	0xe000ed00
10003680:	20000000 	.word	0x20000000

10003684 <start_all_ticks>:
10003684:	b570      	push	{r4, r5, r6, lr}
10003686:	2004      	movs	r0, #4
10003688:	f7ff fe76 	bl	10003378 <clock_get_hz>
1000368c:	4906      	ldr	r1, [pc, #24]	@ (100036a8 <start_all_ticks+0x24>)
1000368e:	f000 f8db 	bl	10003848 <__wrap___aeabi_uidiv>
10003692:	0005      	movs	r5, r0
10003694:	2400      	movs	r4, #0
10003696:	2c00      	cmp	r4, #0
10003698:	dd00      	ble.n	1000369c <start_all_ticks+0x18>
1000369a:	bd70      	pop	{r4, r5, r6, pc}
1000369c:	b2e0      	uxtb	r0, r4
1000369e:	0029      	movs	r1, r5
100036a0:	f7ff ff6e 	bl	10003580 <tick_start>
100036a4:	3401      	adds	r4, #1
100036a6:	e7f6      	b.n	10003696 <start_all_ticks+0x12>
100036a8:	000f4240 	.word	0x000f4240

100036ac <runtime_init_clocks>:
100036ac:	b530      	push	{r4, r5, lr}
100036ae:	b083      	sub	sp, #12
100036b0:	4b27      	ldr	r3, [pc, #156]	@ (10003750 <runtime_init_clocks+0xa4>)
100036b2:	2200      	movs	r2, #0
100036b4:	679a      	str	r2, [r3, #120]	@ 0x78
100036b6:	f7ff ff6b 	bl	10003590 <xosc_init>
100036ba:	4b26      	ldr	r3, [pc, #152]	@ (10003754 <runtime_init_clocks+0xa8>)
100036bc:	2201      	movs	r2, #1
100036be:	601a      	str	r2, [r3, #0]
100036c0:	4b23      	ldr	r3, [pc, #140]	@ (10003750 <runtime_init_clocks+0xa4>)
100036c2:	6c5b      	ldr	r3, [r3, #68]	@ 0x44
100036c4:	2b01      	cmp	r3, #1
100036c6:	d1fb      	bne.n	100036c0 <runtime_init_clocks+0x14>
100036c8:	4b23      	ldr	r3, [pc, #140]	@ (10003758 <runtime_init_clocks+0xac>)
100036ca:	2203      	movs	r2, #3
100036cc:	601a      	str	r2, [r3, #0]
100036ce:	4b20      	ldr	r3, [pc, #128]	@ (10003750 <runtime_init_clocks+0xa4>)
100036d0:	6b9b      	ldr	r3, [r3, #56]	@ 0x38
100036d2:	2b01      	cmp	r3, #1
100036d4:	d1fb      	bne.n	100036ce <runtime_init_clocks+0x22>
100036d6:	3301      	adds	r3, #1
100036d8:	9300      	str	r3, [sp, #0]
100036da:	3304      	adds	r3, #4
100036dc:	4a1f      	ldr	r2, [pc, #124]	@ (1000375c <runtime_init_clocks+0xb0>)
100036de:	2101      	movs	r1, #1
100036e0:	481f      	ldr	r0, [pc, #124]	@ (10003760 <runtime_init_clocks+0xb4>)
100036e2:	f7ff fe4f 	bl	10003384 <pll_init>
100036e6:	2305      	movs	r3, #5
100036e8:	9300      	str	r3, [sp, #0]
100036ea:	4a1e      	ldr	r2, [pc, #120]	@ (10003764 <runtime_init_clocks+0xb8>)
100036ec:	2101      	movs	r1, #1
100036ee:	481e      	ldr	r0, [pc, #120]	@ (10003768 <runtime_init_clocks+0xbc>)
100036f0:	f7ff fe48 	bl	10003384 <pll_init>
100036f4:	4b1d      	ldr	r3, [pc, #116]	@ (1000376c <runtime_init_clocks+0xc0>)
100036f6:	2200      	movs	r2, #0
100036f8:	2102      	movs	r1, #2
100036fa:	2004      	movs	r0, #4
100036fc:	f7ff fe32 	bl	10003364 <clock_configure_undivided>
10003700:	4d1b      	ldr	r5, [pc, #108]	@ (10003770 <runtime_init_clocks+0xc4>)
10003702:	002b      	movs	r3, r5
10003704:	2200      	movs	r2, #0
10003706:	2101      	movs	r1, #1
10003708:	2005      	movs	r0, #5
1000370a:	f7ff fe2b 	bl	10003364 <clock_configure_undivided>
1000370e:	4c19      	ldr	r4, [pc, #100]	@ (10003774 <runtime_init_clocks+0xc8>)
10003710:	0023      	movs	r3, r4
10003712:	2200      	movs	r2, #0
10003714:	2100      	movs	r1, #0
10003716:	2007      	movs	r0, #7
10003718:	f7ff fe24 	bl	10003364 <clock_configure_undivided>
1000371c:	0023      	movs	r3, r4
1000371e:	2200      	movs	r2, #0
10003720:	2100      	movs	r1, #0
10003722:	2008      	movs	r0, #8
10003724:	f7ff fe1e 	bl	10003364 <clock_configure_undivided>
10003728:	2380      	movs	r3, #128	@ 0x80
1000372a:	00db      	lsls	r3, r3, #3
1000372c:	9300      	str	r3, [sp, #0]
1000372e:	0023      	movs	r3, r4
10003730:	2200      	movs	r2, #0
10003732:	2100      	movs	r1, #0
10003734:	2009      	movs	r0, #9
10003736:	f7ff fe01 	bl	1000333c <clock_configure_int_divider>
1000373a:	002b      	movs	r3, r5
1000373c:	2200      	movs	r2, #0
1000373e:	2100      	movs	r1, #0
10003740:	2006      	movs	r0, #6
10003742:	f7ff fe0f 	bl	10003364 <clock_configure_undivided>
10003746:	f7ff ff9d 	bl	10003684 <start_all_ticks>
1000374a:	b003      	add	sp, #12
1000374c:	bd30      	pop	{r4, r5, pc}
1000374e:	46c0      	nop			@ (mov r8, r8)
10003750:	40008000 	.word	0x40008000
10003754:	4000b03c 	.word	0x4000b03c
10003758:	4000b030 	.word	0x4000b030
1000375c:	59682f00 	.word	0x59682f00
10003760:	40028000 	.word	0x40028000
10003764:	47868c00 	.word	0x47868c00
10003768:	4002c000 	.word	0x4002c000
1000376c:	00b71b00 	.word	0x00b71b00
10003770:	07735940 	.word	0x07735940
10003774:	02dc6c00 	.word	0x02dc6c00

10003778 <__aeabi_bits_init>:
10003778:	4801      	ldr	r0, [pc, #4]	@ (10003780 <__aeabi_bits_init+0x8>)
1000377a:	2104      	movs	r1, #4
1000377c:	4b01      	ldr	r3, [pc, #4]	@ (10003784 <__aeabi_bits_init+0xc>)
1000377e:	4718      	bx	r3
10003780:	20000d30 	.word	0x20000d30
10003784:	100037a9 	.word	0x100037a9

10003788 <rom_func_lookup>:
10003788:	b510      	push	{r4, lr}
1000378a:	0001      	movs	r1, r0
1000378c:	2318      	movs	r3, #24
1000378e:	881b      	ldrh	r3, [r3, #0]
10003790:	2214      	movs	r2, #20
10003792:	8810      	ldrh	r0, [r2, #0]
10003794:	4798      	blx	r3
10003796:	bd10      	pop	{r4, pc}

10003798 <rom_data_lookup>:
10003798:	b510      	push	{r4, lr}
1000379a:	0001      	movs	r1, r0
1000379c:	2318      	movs	r3, #24
1000379e:	881b      	ldrh	r3, [r3, #0]
100037a0:	2216      	movs	r2, #22
100037a2:	8810      	ldrh	r0, [r2, #0]
100037a4:	4798      	blx	r3
100037a6:	bd10      	pop	{r4, pc}

100037a8 <rom_funcs_lookup>:
100037a8:	b5f0      	push	{r4, r5, r6, r7, lr}
100037aa:	46c6      	mov	lr, r8
100037ac:	b500      	push	{lr}
100037ae:	0007      	movs	r7, r0
100037b0:	000e      	movs	r6, r1
100037b2:	2500      	movs	r5, #0
100037b4:	2301      	movs	r3, #1
100037b6:	4698      	mov	r8, r3
100037b8:	e000      	b.n	100037bc <rom_funcs_lookup+0x14>
100037ba:	3501      	adds	r5, #1
100037bc:	42b5      	cmp	r5, r6
100037be:	d20a      	bcs.n	100037d6 <rom_funcs_lookup+0x2e>
100037c0:	00ac      	lsls	r4, r5, #2
100037c2:	193c      	adds	r4, r7, r4
100037c4:	6820      	ldr	r0, [r4, #0]
100037c6:	f7ff ffdf 	bl	10003788 <rom_func_lookup>
100037ca:	6020      	str	r0, [r4, #0]
100037cc:	2800      	cmp	r0, #0
100037ce:	d1f4      	bne.n	100037ba <rom_funcs_lookup+0x12>
100037d0:	2300      	movs	r3, #0
100037d2:	4698      	mov	r8, r3
100037d4:	e7f1      	b.n	100037ba <rom_funcs_lookup+0x12>
100037d6:	4640      	mov	r0, r8
100037d8:	bc80      	pop	{r7}
100037da:	46b8      	mov	r8, r7
100037dc:	bdf0      	pop	{r4, r5, r6, r7, pc}
	...

100037e0 <rom_reset_usb_boot>:
100037e0:	b570      	push	{r4, r5, r6, lr}
100037e2:	0004      	movs	r4, r0
100037e4:	000d      	movs	r5, r1
100037e6:	4803      	ldr	r0, [pc, #12]	@ (100037f4 <rom_reset_usb_boot+0x14>)
100037e8:	f7ff ffce 	bl	10003788 <rom_func_lookup>
100037ec:	0003      	movs	r3, r0
100037ee:	0029      	movs	r1, r5
100037f0:	0020      	movs	r0, r4
100037f2:	4798      	blx	r3
100037f4:	00004255 	.word	0x00004255

100037f8 <__wrap___aeabi_idiv>:
100037f8:	4a12      	ldr	r2, [pc, #72]	@ (10003844 <divmod_s32s32_savestate+0x18>)
100037fa:	6f93      	ldr	r3, [r2, #120]	@ 0x78
100037fc:	089b      	lsrs	r3, r3, #2
100037fe:	d215      	bcs.n	1000382c <divmod_s32s32_savestate>

10003800 <divmod_s32s32_unsafe>:
10003800:	6690      	str	r0, [r2, #104]	@ 0x68
10003802:	66d1      	str	r1, [r2, #108]	@ 0x6c
10003804:	2900      	cmp	r1, #0
10003806:	d005      	beq.n	10003814 <divmod_s32s32_unsafe+0x14>
10003808:	e7ff      	b.n	1000380a <divmod_s32s32_unsafe+0xa>
1000380a:	e7ff      	b.n	1000380c <divmod_s32s32_unsafe+0xc>
1000380c:	e7ff      	b.n	1000380e <divmod_s32s32_unsafe+0xe>
1000380e:	6f51      	ldr	r1, [r2, #116]	@ 0x74
10003810:	6f10      	ldr	r0, [r2, #112]	@ 0x70
10003812:	4770      	bx	lr
10003814:	b504      	push	{r2, lr}
10003816:	2180      	movs	r1, #128	@ 0x80
10003818:	0609      	lsls	r1, r1, #24
1000381a:	17c2      	asrs	r2, r0, #31
1000381c:	4051      	eors	r1, r2
1000381e:	2800      	cmp	r0, #0
10003820:	d000      	beq.n	10003824 <divmod_s32s32_unsafe+0x24>
10003822:	43c8      	mvns	r0, r1
10003824:	f005 fab0 	bl	10008d88 <____aeabi_idiv0_veneer>
10003828:	2100      	movs	r1, #0
1000382a:	bd04      	pop	{r2, pc}

1000382c <divmod_s32s32_savestate>:
1000382c:	b5f0      	push	{r4, r5, r6, r7, lr}
1000382e:	6e14      	ldr	r4, [r2, #96]	@ 0x60
10003830:	6e55      	ldr	r5, [r2, #100]	@ 0x64
10003832:	6f57      	ldr	r7, [r2, #116]	@ 0x74
10003834:	6f16      	ldr	r6, [r2, #112]	@ 0x70
10003836:	f7ff ffe3 	bl	10003800 <divmod_s32s32_unsafe>
1000383a:	6614      	str	r4, [r2, #96]	@ 0x60
1000383c:	6655      	str	r5, [r2, #100]	@ 0x64
1000383e:	6757      	str	r7, [r2, #116]	@ 0x74
10003840:	6716      	str	r6, [r2, #112]	@ 0x70
10003842:	bdf0      	pop	{r4, r5, r6, r7, pc}
10003844:	d0000000 	.word	0xd0000000

10003848 <__wrap___aeabi_uidiv>:
10003848:	4a11      	ldr	r2, [pc, #68]	@ (10003890 <divmod_u32u32_savestate+0x18>)
1000384a:	6f93      	ldr	r3, [r2, #120]	@ 0x78
1000384c:	089b      	lsrs	r3, r3, #2
1000384e:	d213      	bcs.n	10003878 <divmod_u32u32_savestate>

10003850 <divmod_u32u32_unsafe>:
10003850:	6610      	str	r0, [r2, #96]	@ 0x60
10003852:	6651      	str	r1, [r2, #100]	@ 0x64
10003854:	2900      	cmp	r1, #0
10003856:	d005      	beq.n	10003864 <divmod_u32u32_unsafe+0x14>
10003858:	e7ff      	b.n	1000385a <divmod_u32u32_unsafe+0xa>
1000385a:	e7ff      	b.n	1000385c <divmod_u32u32_unsafe+0xc>
1000385c:	e7ff      	b.n	1000385e <divmod_u32u32_unsafe+0xe>
1000385e:	6f51      	ldr	r1, [r2, #116]	@ 0x74
10003860:	6f10      	ldr	r0, [r2, #112]	@ 0x70
10003862:	4770      	bx	lr
10003864:	b504      	push	{r2, lr}
10003866:	2800      	cmp	r0, #0
10003868:	d001      	beq.n	1000386e <divmod_u32u32_unsafe+0x1e>
1000386a:	2000      	movs	r0, #0
1000386c:	43c0      	mvns	r0, r0
1000386e:	f005 fa8b 	bl	10008d88 <____aeabi_idiv0_veneer>
10003872:	2100      	movs	r1, #0
10003874:	bd04      	pop	{r2, pc}
10003876:	46c0      	nop			@ (mov r8, r8)

10003878 <divmod_u32u32_savestate>:
10003878:	b5f0      	push	{r4, r5, r6, r7, lr}
1000387a:	6e14      	ldr	r4, [r2, #96]	@ 0x60
1000387c:	6e55      	ldr	r5, [r2, #100]	@ 0x64
1000387e:	6f57      	ldr	r7, [r2, #116]	@ 0x74
10003880:	6f16      	ldr	r6, [r2, #112]	@ 0x70
10003882:	f7ff ffe5 	bl	10003850 <divmod_u32u32_unsafe>
10003886:	6614      	str	r4, [r2, #96]	@ 0x60
10003888:	6655      	str	r5, [r2, #100]	@ 0x64
1000388a:	6757      	str	r7, [r2, #116]	@ 0x74
1000388c:	6716      	str	r6, [r2, #112]	@ 0x70
1000388e:	bdf0      	pop	{r4, r5, r6, r7, pc}
10003890:	d0000000 	.word	0xd0000000

10003894 <__wrap___aeabi_ldivmod>:
10003894:	4694      	mov	ip, r2
10003896:	4a4a      	ldr	r2, [pc, #296]	@ (100039c0 <udiv0+0x1a>)
10003898:	6f92      	ldr	r2, [r2, #120]	@ 0x78
1000389a:	0892      	lsrs	r2, r2, #2
1000389c:	4662      	mov	r2, ip
1000389e:	d201      	bcs.n	100038a4 <divmod_s64s64_savestate>
100038a0:	e028      	b.n	100038f4 <divmod_s64s64_unsafe>
100038a2:	46c0      	nop			@ (mov r8, r8)

100038a4 <divmod_s64s64_savestate>:
100038a4:	b5f0      	push	{r4, r5, r6, r7, lr}
100038a6:	4e46      	ldr	r6, [pc, #280]	@ (100039c0 <udiv0+0x1a>)
100038a8:	6e34      	ldr	r4, [r6, #96]	@ 0x60
100038aa:	6e75      	ldr	r5, [r6, #100]	@ 0x64
100038ac:	6f77      	ldr	r7, [r6, #116]	@ 0x74
100038ae:	6f36      	ldr	r6, [r6, #112]	@ 0x70
100038b0:	f000 f820 	bl	100038f4 <divmod_s64s64_unsafe>
100038b4:	4694      	mov	ip, r2
100038b6:	4a42      	ldr	r2, [pc, #264]	@ (100039c0 <udiv0+0x1a>)
100038b8:	6614      	str	r4, [r2, #96]	@ 0x60
100038ba:	6655      	str	r5, [r2, #100]	@ 0x64
100038bc:	6757      	str	r7, [r2, #116]	@ 0x74
100038be:	6716      	str	r6, [r2, #112]	@ 0x70
100038c0:	4662      	mov	r2, ip
100038c2:	bdf0      	pop	{r4, r5, r6, r7, pc}

100038c4 <__wrap___aeabi_uldivmod>:
100038c4:	4694      	mov	ip, r2
100038c6:	4a3e      	ldr	r2, [pc, #248]	@ (100039c0 <udiv0+0x1a>)
100038c8:	6f92      	ldr	r2, [r2, #120]	@ 0x78
100038ca:	0892      	lsrs	r2, r2, #2
100038cc:	4662      	mov	r2, ip
100038ce:	d201      	bcs.n	100038d4 <divmod_u64u64_savestate>
100038d0:	e054      	b.n	1000397c <divmod_u64u64_unsafe>
100038d2:	46c0      	nop			@ (mov r8, r8)

100038d4 <divmod_u64u64_savestate>:
100038d4:	b5f0      	push	{r4, r5, r6, r7, lr}
100038d6:	4e3a      	ldr	r6, [pc, #232]	@ (100039c0 <udiv0+0x1a>)
100038d8:	6e34      	ldr	r4, [r6, #96]	@ 0x60
100038da:	6e75      	ldr	r5, [r6, #100]	@ 0x64
100038dc:	6f77      	ldr	r7, [r6, #116]	@ 0x74
100038de:	6f36      	ldr	r6, [r6, #112]	@ 0x70
100038e0:	f000 f84c 	bl	1000397c <divmod_u64u64_unsafe>
100038e4:	4694      	mov	ip, r2
100038e6:	4a36      	ldr	r2, [pc, #216]	@ (100039c0 <udiv0+0x1a>)
100038e8:	6614      	str	r4, [r2, #96]	@ 0x60
100038ea:	6655      	str	r5, [r2, #100]	@ 0x64
100038ec:	6757      	str	r7, [r2, #116]	@ 0x74
100038ee:	6716      	str	r6, [r2, #112]	@ 0x70
100038f0:	4662      	mov	r2, ip
100038f2:	bdf0      	pop	{r4, r5, r6, r7, pc}

100038f4 <divmod_s64s64_unsafe>:
100038f4:	2b00      	cmp	r3, #0
100038f6:	db24      	blt.n	10003942 <l42_1+0x26>
100038f8:	d011      	beq.n	1000391e <l42_1+0x2>
100038fa:	2900      	cmp	r1, #0
100038fc:	da3e      	bge.n	1000397c <divmod_u64u64_unsafe>
100038fe:	b500      	push	{lr}
10003900:	43c9      	mvns	r1, r1
10003902:	4240      	negs	r0, r0
10003904:	d100      	bne.n	10003908 <l40_1>
10003906:	3101      	adds	r1, #1

10003908 <l40_1>:
10003908:	f000 f838 	bl	1000397c <divmod_u64u64_unsafe>
1000390c:	43c9      	mvns	r1, r1
1000390e:	4240      	negs	r0, r0
10003910:	d100      	bne.n	10003914 <l41_1>
10003912:	3101      	adds	r1, #1

10003914 <l41_1>:
10003914:	43db      	mvns	r3, r3
10003916:	4252      	negs	r2, r2
10003918:	d100      	bne.n	1000391c <l42_1>
1000391a:	3301      	adds	r3, #1

1000391c <l42_1>:
1000391c:	bd00      	pop	{pc}
1000391e:	2a00      	cmp	r2, #0
10003920:	d1eb      	bne.n	100038fa <divmod_s64s64_unsafe+0x6>
10003922:	2800      	cmp	r0, #0
10003924:	d101      	bne.n	1000392a <l42_1+0xe>
10003926:	2900      	cmp	r1, #0
10003928:	d005      	beq.n	10003936 <l42_1+0x1a>
1000392a:	2000      	movs	r0, #0
1000392c:	0fc9      	lsrs	r1, r1, #31
1000392e:	07c9      	lsls	r1, r1, #31
10003930:	d101      	bne.n	10003936 <l42_1+0x1a>
10003932:	43c0      	mvns	r0, r0
10003934:	0841      	lsrs	r1, r0, #1
10003936:	b500      	push	{lr}
10003938:	f005 fa1e 	bl	10008d78 <____aeabi_ldiv0_veneer>
1000393c:	2200      	movs	r2, #0
1000393e:	2300      	movs	r3, #0
10003940:	bd00      	pop	{pc}
10003942:	b500      	push	{lr}
10003944:	2900      	cmp	r1, #0
10003946:	db0a      	blt.n	1000395e <l44_1+0x2>
10003948:	43db      	mvns	r3, r3
1000394a:	4252      	negs	r2, r2
1000394c:	d100      	bne.n	10003950 <l43_1>
1000394e:	3301      	adds	r3, #1

10003950 <l43_1>:
10003950:	f000 f814 	bl	1000397c <divmod_u64u64_unsafe>
10003954:	43c9      	mvns	r1, r1
10003956:	4240      	negs	r0, r0
10003958:	d100      	bne.n	1000395c <l44_1>
1000395a:	3101      	adds	r1, #1

1000395c <l44_1>:
1000395c:	bd00      	pop	{pc}
1000395e:	43c9      	mvns	r1, r1
10003960:	4240      	negs	r0, r0
10003962:	d100      	bne.n	10003966 <l45_1>
10003964:	3101      	adds	r1, #1

10003966 <l45_1>:
10003966:	43db      	mvns	r3, r3
10003968:	4252      	negs	r2, r2
1000396a:	d100      	bne.n	1000396e <l46_1>
1000396c:	3301      	adds	r3, #1

1000396e <l46_1>:
1000396e:	f000 f805 	bl	1000397c <divmod_u64u64_unsafe>
10003972:	43db      	mvns	r3, r3
10003974:	4252      	negs	r2, r2
10003976:	d100      	bne.n	1000397a <l47_1>
10003978:	3301      	adds	r3, #1

1000397a <l47_1>:
1000397a:	bd00      	pop	{pc}

1000397c <divmod_u64u64_unsafe>:
1000397c:	2900      	cmp	r1, #0
1000397e:	d123      	bne.n	100039c8 <y64>
10003980:	2b00      	cmp	r3, #0
10003982:	d118      	bne.n	100039b6 <udiv0+0x10>
10003984:	2a00      	cmp	r2, #0
10003986:	d00c      	beq.n	100039a2 <divmod_u64u64_unsafe+0x26>
10003988:	46bc      	mov	ip, r7
1000398a:	4f0d      	ldr	r7, [pc, #52]	@ (100039c0 <udiv0+0x1a>)
1000398c:	6638      	str	r0, [r7, #96]	@ 0x60
1000398e:	667a      	str	r2, [r7, #100]	@ 0x64
10003990:	2100      	movs	r1, #0
10003992:	2300      	movs	r3, #0
10003994:	e7ff      	b.n	10003996 <divmod_u64u64_unsafe+0x1a>
10003996:	e7ff      	b.n	10003998 <divmod_u64u64_unsafe+0x1c>
10003998:	e7ff      	b.n	1000399a <divmod_u64u64_unsafe+0x1e>
1000399a:	6f7a      	ldr	r2, [r7, #116]	@ 0x74
1000399c:	6f38      	ldr	r0, [r7, #112]	@ 0x70
1000399e:	4667      	mov	r7, ip
100039a0:	4770      	bx	lr
100039a2:	2800      	cmp	r0, #0
100039a4:	d001      	beq.n	100039aa <udiv0+0x4>

100039a6 <udiv0>:
100039a6:	4807      	ldr	r0, [pc, #28]	@ (100039c4 <udiv0+0x1e>)
100039a8:	0001      	movs	r1, r0
100039aa:	b500      	push	{lr}
100039ac:	f005 f9e4 	bl	10008d78 <____aeabi_ldiv0_veneer>
100039b0:	2200      	movs	r2, #0
100039b2:	2300      	movs	r3, #0
100039b4:	bd00      	pop	{pc}
100039b6:	0002      	movs	r2, r0
100039b8:	000b      	movs	r3, r1
100039ba:	2000      	movs	r0, #0
100039bc:	2100      	movs	r1, #0
100039be:	4770      	bx	lr
100039c0:	d0000000 	.word	0xd0000000
100039c4:	ffffffff 	.word	0xffffffff

100039c8 <y64>:
100039c8:	2b00      	cmp	r3, #0
100039ca:	d000      	beq.n	100039ce <y64+0x6>
100039cc:	e0bf      	b.n	10003b4e <y64_x48>
100039ce:	0c13      	lsrs	r3, r2, #16
100039d0:	d128      	bne.n	10003a24 <y64_x32>
100039d2:	2a00      	cmp	r2, #0
100039d4:	d0e7      	beq.n	100039a6 <udiv0>
100039d6:	b480      	push	{r7}
100039d8:	4f11      	ldr	r7, [pc, #68]	@ (10003a20 <y64+0x58>)
100039da:	6639      	str	r1, [r7, #96]	@ 0x60
100039dc:	667a      	str	r2, [r7, #100]	@ 0x64
100039de:	e7ff      	b.n	100039e0 <y64+0x18>
100039e0:	e7ff      	b.n	100039e2 <y64+0x1a>
100039e2:	b430      	push	{r4, r5}
100039e4:	0c04      	lsrs	r4, r0, #16
100039e6:	6f7b      	ldr	r3, [r7, #116]	@ 0x74
100039e8:	6f39      	ldr	r1, [r7, #112]	@ 0x70
100039ea:	041b      	lsls	r3, r3, #16
100039ec:	4323      	orrs	r3, r4
100039ee:	663b      	str	r3, [r7, #96]	@ 0x60
100039f0:	667a      	str	r2, [r7, #100]	@ 0x64
100039f2:	e7ff      	b.n	100039f4 <y64+0x2c>
100039f4:	e7ff      	b.n	100039f6 <y64+0x2e>
100039f6:	e7ff      	b.n	100039f8 <y64+0x30>
100039f8:	46c0      	nop			@ (mov r8, r8)
100039fa:	b284      	uxth	r4, r0
100039fc:	6f7b      	ldr	r3, [r7, #116]	@ 0x74
100039fe:	6f3d      	ldr	r5, [r7, #112]	@ 0x70
10003a00:	041b      	lsls	r3, r3, #16
10003a02:	4323      	orrs	r3, r4
10003a04:	663b      	str	r3, [r7, #96]	@ 0x60
10003a06:	667a      	str	r2, [r7, #100]	@ 0x64
10003a08:	e7ff      	b.n	10003a0a <y64+0x42>
10003a0a:	e7ff      	b.n	10003a0c <y64+0x44>
10003a0c:	46c0      	nop			@ (mov r8, r8)
10003a0e:	2300      	movs	r3, #0
10003a10:	042c      	lsls	r4, r5, #16
10003a12:	0c2d      	lsrs	r5, r5, #16
10003a14:	6f7a      	ldr	r2, [r7, #116]	@ 0x74
10003a16:	6f38      	ldr	r0, [r7, #112]	@ 0x70
10003a18:	1900      	adds	r0, r0, r4
10003a1a:	4169      	adcs	r1, r5
10003a1c:	bcb0      	pop	{r4, r5, r7}
10003a1e:	4770      	bx	lr
10003a20:	d0000000 	.word	0xd0000000

10003a24 <y64_x32>:
10003a24:	b5f0      	push	{r4, r5, r6, r7, lr}
10003a26:	4694      	mov	ip, r2
10003a28:	2500      	movs	r5, #0
10003a2a:	0e14      	lsrs	r4, r2, #24
10003a2c:	d101      	bne.n	10003a32 <y64_x32+0xe>
10003a2e:	0212      	lsls	r2, r2, #8
10003a30:	3508      	adds	r5, #8
10003a32:	0f14      	lsrs	r4, r2, #28
10003a34:	d101      	bne.n	10003a3a <y64_x32+0x16>
10003a36:	0112      	lsls	r2, r2, #4
10003a38:	3504      	adds	r5, #4
10003a3a:	0f94      	lsrs	r4, r2, #30
10003a3c:	d101      	bne.n	10003a42 <y64_x32+0x1e>
10003a3e:	0092      	lsls	r2, r2, #2
10003a40:	3502      	adds	r5, #2
10003a42:	0fd4      	lsrs	r4, r2, #31
10003a44:	d101      	bne.n	10003a4a <y64_x32+0x26>
10003a46:	0052      	lsls	r2, r2, #1
10003a48:	3501      	adds	r5, #1
10003a4a:	0bd4      	lsrs	r4, r2, #15
10003a4c:	3401      	adds	r4, #1
10003a4e:	4f25      	ldr	r7, [pc, #148]	@ (10003ae4 <y64_x32+0xc0>)
10003a50:	667c      	str	r4, [r7, #100]	@ 0x64
10003a52:	4c25      	ldr	r4, [pc, #148]	@ (10003ae8 <y64_x32+0xc4>)
10003a54:	663c      	str	r4, [r7, #96]	@ 0x60
10003a56:	0c0e      	lsrs	r6, r1, #16
10003a58:	b293      	uxth	r3, r2
10003a5a:	e7ff      	b.n	10003a5c <y64_x32+0x38>
10003a5c:	e7ff      	b.n	10003a5e <y64_x32+0x3a>
10003a5e:	e7ff      	b.n	10003a60 <y64_x32+0x3c>
10003a60:	6f3c      	ldr	r4, [r7, #112]	@ 0x70
10003a62:	4366      	muls	r6, r4
10003a64:	0c36      	lsrs	r6, r6, #16
10003a66:	0377      	lsls	r7, r6, #13
10003a68:	46be      	mov	lr, r7
10003a6a:	4373      	muls	r3, r6
10003a6c:	0bdf      	lsrs	r7, r3, #15
10003a6e:	045b      	lsls	r3, r3, #17
10003a70:	1ac0      	subs	r0, r0, r3
10003a72:	41b9      	sbcs	r1, r7
10003a74:	0c13      	lsrs	r3, r2, #16
10003a76:	4373      	muls	r3, r6
10003a78:	18db      	adds	r3, r3, r3
10003a7a:	1ac9      	subs	r1, r1, r3
10003a7c:	08ce      	lsrs	r6, r1, #3
10003a7e:	4366      	muls	r6, r4
10003a80:	0c36      	lsrs	r6, r6, #16
10003a82:	44b6      	add	lr, r6
10003a84:	b293      	uxth	r3, r2
10003a86:	4373      	muls	r3, r6
10003a88:	0f1f      	lsrs	r7, r3, #28
10003a8a:	011b      	lsls	r3, r3, #4
10003a8c:	1ac0      	subs	r0, r0, r3
10003a8e:	41b9      	sbcs	r1, r7
10003a90:	0c13      	lsrs	r3, r2, #16
10003a92:	4373      	muls	r3, r6
10003a94:	0b1f      	lsrs	r7, r3, #12
10003a96:	051b      	lsls	r3, r3, #20
10003a98:	1ac0      	subs	r0, r0, r3
10003a9a:	41b9      	sbcs	r1, r7
10003a9c:	0d86      	lsrs	r6, r0, #22
10003a9e:	028f      	lsls	r7, r1, #10
10003aa0:	433e      	orrs	r6, r7
10003aa2:	4366      	muls	r6, r4
10003aa4:	0c36      	lsrs	r6, r6, #16
10003aa6:	2d09      	cmp	r5, #9
10003aa8:	db24      	blt.n	10003af4 <last0>
10003aaa:	0a52      	lsrs	r2, r2, #9
10003aac:	4372      	muls	r2, r6
10003aae:	1a80      	subs	r0, r0, r2
10003ab0:	0377      	lsls	r7, r6, #13
10003ab2:	0a46      	lsrs	r6, r0, #9
10003ab4:	4366      	muls	r6, r4
10003ab6:	0c36      	lsrs	r6, r6, #16
10003ab8:	2316      	movs	r3, #22
10003aba:	1b5b      	subs	r3, r3, r5
10003abc:	40de      	lsrs	r6, r3
10003abe:	40df      	lsrs	r7, r3
10003ac0:	19bf      	adds	r7, r7, r6
10003ac2:	4664      	mov	r4, ip
10003ac4:	4366      	muls	r6, r4
10003ac6:	1b82      	subs	r2, r0, r6
10003ac8:	4670      	mov	r0, lr
10003aca:	3504      	adds	r5, #4
10003acc:	3306      	adds	r3, #6
10003ace:	0001      	movs	r1, r0
10003ad0:	40d9      	lsrs	r1, r3
10003ad2:	40a8      	lsls	r0, r5
10003ad4:	19c0      	adds	r0, r0, r7
10003ad6:	d300      	bcc.n	10003ada <y64_x32+0xb6>
10003ad8:	3101      	adds	r1, #1
10003ada:	42a2      	cmp	r2, r4
10003adc:	d206      	bcs.n	10003aec <y64_x32+0xc8>
10003ade:	2300      	movs	r3, #0
10003ae0:	bdf0      	pop	{r4, r5, r6, r7, pc}
10003ae2:	0000      	.short	0x0000
10003ae4:	d0000000 	.word	0xd0000000
10003ae8:	ffffffff 	.word	0xffffffff
10003aec:	1b12      	subs	r2, r2, r4
10003aee:	3001      	adds	r0, #1
10003af0:	d3f3      	bcc.n	10003ada <y64_x32+0xb6>
10003af2:	e7f1      	b.n	10003ad8 <y64_x32+0xb4>

10003af4 <last0>:
10003af4:	2709      	movs	r7, #9
10003af6:	1b7f      	subs	r7, r7, r5
10003af8:	40fe      	lsrs	r6, r7
10003afa:	4664      	mov	r4, ip
10003afc:	b2a2      	uxth	r2, r4
10003afe:	4372      	muls	r2, r6
10003b00:	1a80      	subs	r0, r0, r2
10003b02:	d200      	bcs.n	10003b06 <last0+0x12>
10003b04:	3901      	subs	r1, #1
10003b06:	0c22      	lsrs	r2, r4, #16
10003b08:	4372      	muls	r2, r6
10003b0a:	0c13      	lsrs	r3, r2, #16
10003b0c:	0412      	lsls	r2, r2, #16
10003b0e:	1a82      	subs	r2, r0, r2
10003b10:	4199      	sbcs	r1, r3
10003b12:	000b      	movs	r3, r1
10003b14:	4670      	mov	r0, lr
10003b16:	3504      	adds	r5, #4
10003b18:	3713      	adds	r7, #19
10003b1a:	0001      	movs	r1, r0
10003b1c:	40f9      	lsrs	r1, r7
10003b1e:	40a8      	lsls	r0, r5
10003b20:	1980      	adds	r0, r0, r6
10003b22:	d300      	bcc.n	10003b26 <last0+0x32>
10003b24:	3101      	adds	r1, #1
10003b26:	2b00      	cmp	r3, #0
10003b28:	d102      	bne.n	10003b30 <last0+0x3c>
10003b2a:	42a2      	cmp	r2, r4
10003b2c:	d20a      	bcs.n	10003b44 <last0+0x50>
10003b2e:	bdf0      	pop	{r4, r5, r6, r7, pc}
10003b30:	3001      	adds	r0, #1
10003b32:	d300      	bcc.n	10003b36 <last0+0x42>
10003b34:	3101      	adds	r1, #1
10003b36:	1b12      	subs	r2, r2, r4
10003b38:	d2fa      	bcs.n	10003b30 <last0+0x3c>
10003b3a:	3b01      	subs	r3, #1
10003b3c:	d1f8      	bne.n	10003b30 <last0+0x3c>
10003b3e:	42a2      	cmp	r2, r4
10003b40:	d200      	bcs.n	10003b44 <last0+0x50>
10003b42:	bdf0      	pop	{r4, r5, r6, r7, pc}
10003b44:	3001      	adds	r0, #1
10003b46:	d300      	bcc.n	10003b4a <last0+0x56>
10003b48:	3101      	adds	r1, #1
10003b4a:	1b12      	subs	r2, r2, r4
10003b4c:	e7f7      	b.n	10003b3e <last0+0x4a>

10003b4e <y64_x48>:
10003b4e:	b5f0      	push	{r4, r5, r6, r7, lr}
10003b50:	0c1c      	lsrs	r4, r3, #16
10003b52:	d000      	beq.n	10003b56 <y64_x48+0x8>
10003b54:	e080      	b.n	10003c58 <y64_x64>
10003b56:	b40c      	push	{r2, r3}
10003b58:	2500      	movs	r5, #0
10003b5a:	0a1c      	lsrs	r4, r3, #8
10003b5c:	d104      	bne.n	10003b68 <y64_x48+0x1a>
10003b5e:	021b      	lsls	r3, r3, #8
10003b60:	0e16      	lsrs	r6, r2, #24
10003b62:	4333      	orrs	r3, r6
10003b64:	0212      	lsls	r2, r2, #8
10003b66:	3508      	adds	r5, #8
10003b68:	0b1c      	lsrs	r4, r3, #12
10003b6a:	d104      	bne.n	10003b76 <y64_x48+0x28>
10003b6c:	011b      	lsls	r3, r3, #4
10003b6e:	0f16      	lsrs	r6, r2, #28
10003b70:	4333      	orrs	r3, r6
10003b72:	0112      	lsls	r2, r2, #4
10003b74:	3504      	adds	r5, #4
10003b76:	0b9c      	lsrs	r4, r3, #14
10003b78:	d104      	bne.n	10003b84 <y64_x48+0x36>
10003b7a:	009b      	lsls	r3, r3, #2
10003b7c:	0f96      	lsrs	r6, r2, #30
10003b7e:	4333      	orrs	r3, r6
10003b80:	0092      	lsls	r2, r2, #2
10003b82:	3502      	adds	r5, #2
10003b84:	0bdc      	lsrs	r4, r3, #15
10003b86:	d102      	bne.n	10003b8e <y64_x48+0x40>
10003b88:	1892      	adds	r2, r2, r2
10003b8a:	415b      	adcs	r3, r3
10003b8c:	3501      	adds	r5, #1
10003b8e:	001c      	movs	r4, r3
10003b90:	1897      	adds	r7, r2, r2
10003b92:	4164      	adcs	r4, r4
10003b94:	3401      	adds	r4, #1
10003b96:	4f46      	ldr	r7, [pc, #280]	@ (10003cb0 <y64_x64+0x58>)
10003b98:	667c      	str	r4, [r7, #100]	@ 0x64
10003b9a:	4c46      	ldr	r4, [pc, #280]	@ (10003cb4 <y64_x64+0x5c>)
10003b9c:	663c      	str	r4, [r7, #96]	@ 0x60
10003b9e:	0c0e      	lsrs	r6, r1, #16
10003ba0:	e7ff      	b.n	10003ba2 <y64_x48+0x54>
10003ba2:	e7ff      	b.n	10003ba4 <y64_x48+0x56>
10003ba4:	e7ff      	b.n	10003ba6 <y64_x48+0x58>
10003ba6:	46c0      	nop			@ (mov r8, r8)
10003ba8:	6f3c      	ldr	r4, [r7, #112]	@ 0x70
10003baa:	4366      	muls	r6, r4
10003bac:	0c36      	lsrs	r6, r6, #16
10003bae:	0377      	lsls	r7, r6, #13
10003bb0:	46be      	mov	lr, r7
10003bb2:	b297      	uxth	r7, r2
10003bb4:	4377      	muls	r7, r6
10003bb6:	1bc0      	subs	r0, r0, r7
10003bb8:	d200      	bcs.n	10003bbc <y64_x48+0x6e>
10003bba:	3901      	subs	r1, #1
10003bbc:	1bc0      	subs	r0, r0, r7
10003bbe:	d200      	bcs.n	10003bc2 <y64_x48+0x74>
10003bc0:	3901      	subs	r1, #1
10003bc2:	b29f      	uxth	r7, r3
10003bc4:	4377      	muls	r7, r6
10003bc6:	1bc9      	subs	r1, r1, r7
10003bc8:	1bc9      	subs	r1, r1, r7
10003bca:	0c17      	lsrs	r7, r2, #16
10003bcc:	4377      	muls	r7, r6
10003bce:	047e      	lsls	r6, r7, #17
10003bd0:	0bff      	lsrs	r7, r7, #15
10003bd2:	1b80      	subs	r0, r0, r6
10003bd4:	41b9      	sbcs	r1, r7
10003bd6:	08ce      	lsrs	r6, r1, #3
10003bd8:	4366      	muls	r6, r4
10003bda:	0c36      	lsrs	r6, r6, #16
10003bdc:	2d0c      	cmp	r5, #12
10003bde:	db33      	blt.n	10003c48 <last1>
10003be0:	44b6      	add	lr, r6
10003be2:	0b12      	lsrs	r2, r2, #12
10003be4:	051f      	lsls	r7, r3, #20
10003be6:	433a      	orrs	r2, r7
10003be8:	0b1b      	lsrs	r3, r3, #12
10003bea:	b297      	uxth	r7, r2
10003bec:	4377      	muls	r7, r6
10003bee:	1bc0      	subs	r0, r0, r7
10003bf0:	d200      	bcs.n	10003bf4 <y64_x48+0xa6>
10003bf2:	3901      	subs	r1, #1
10003bf4:	b29f      	uxth	r7, r3
10003bf6:	4377      	muls	r7, r6
10003bf8:	1bc9      	subs	r1, r1, r7
10003bfa:	0c17      	lsrs	r7, r2, #16
10003bfc:	4377      	muls	r7, r6
10003bfe:	043e      	lsls	r6, r7, #16
10003c00:	0c3f      	lsrs	r7, r7, #16
10003c02:	1b80      	subs	r0, r0, r6
10003c04:	41b9      	sbcs	r1, r7
10003c06:	0d86      	lsrs	r6, r0, #22
10003c08:	028f      	lsls	r7, r1, #10
10003c0a:	433e      	orrs	r6, r7
10003c0c:	4366      	muls	r6, r4
10003c0e:	2729      	movs	r7, #41	@ 0x29
10003c10:	1b7f      	subs	r7, r7, r5
10003c12:	40fe      	lsrs	r6, r7
10003c14:	3d0c      	subs	r5, #12
10003c16:	4677      	mov	r7, lr
10003c18:	40af      	lsls	r7, r5
10003c1a:	19bf      	adds	r7, r7, r6
10003c1c:	bc30      	pop	{r4, r5}
10003c1e:	b2a2      	uxth	r2, r4
10003c20:	b2ab      	uxth	r3, r5
10003c22:	4372      	muls	r2, r6
10003c24:	4373      	muls	r3, r6
10003c26:	1a80      	subs	r0, r0, r2
10003c28:	4199      	sbcs	r1, r3
10003c2a:	0c22      	lsrs	r2, r4, #16
10003c2c:	4372      	muls	r2, r6
10003c2e:	0c13      	lsrs	r3, r2, #16
10003c30:	0412      	lsls	r2, r2, #16
10003c32:	1a80      	subs	r0, r0, r2
10003c34:	4199      	sbcs	r1, r3
10003c36:	0002      	movs	r2, r0
10003c38:	000b      	movs	r3, r1
10003c3a:	3701      	adds	r7, #1
10003c3c:	1b00      	subs	r0, r0, r4
10003c3e:	41a9      	sbcs	r1, r5
10003c40:	d2f9      	bcs.n	10003c36 <y64_x48+0xe8>
10003c42:	1e78      	subs	r0, r7, #1
10003c44:	2100      	movs	r1, #0
10003c46:	bdf0      	pop	{r4, r5, r6, r7, pc}

10003c48 <last1>:
10003c48:	270c      	movs	r7, #12
10003c4a:	1b7f      	subs	r7, r7, r5
10003c4c:	40fe      	lsrs	r6, r7
10003c4e:	4677      	mov	r7, lr
10003c50:	0b7f      	lsrs	r7, r7, #13
10003c52:	40af      	lsls	r7, r5
10003c54:	19ff      	adds	r7, r7, r7
10003c56:	e7e0      	b.n	10003c1a <y64_x48+0xcc>

10003c58 <y64_x64>:
10003c58:	2400      	movs	r4, #0
10003c5a:	1c5d      	adds	r5, r3, #1
10003c5c:	d007      	beq.n	10003c6e <y64_x64+0x16>
10003c5e:	4f14      	ldr	r7, [pc, #80]	@ (10003cb0 <y64_x64+0x58>)
10003c60:	667d      	str	r5, [r7, #100]	@ 0x64
10003c62:	6639      	str	r1, [r7, #96]	@ 0x60
10003c64:	e7ff      	b.n	10003c66 <y64_x64+0xe>
10003c66:	e7ff      	b.n	10003c68 <y64_x64+0x10>
10003c68:	e7ff      	b.n	10003c6a <y64_x64+0x12>
10003c6a:	e7ff      	b.n	10003c6c <y64_x64+0x14>
10003c6c:	6f3c      	ldr	r4, [r7, #112]	@ 0x70
10003c6e:	b295      	uxth	r5, r2
10003c70:	b29e      	uxth	r6, r3
10003c72:	4365      	muls	r5, r4
10003c74:	4366      	muls	r6, r4
10003c76:	1b40      	subs	r0, r0, r5
10003c78:	41b1      	sbcs	r1, r6
10003c7a:	0c15      	lsrs	r5, r2, #16
10003c7c:	0c1e      	lsrs	r6, r3, #16
10003c7e:	4365      	muls	r5, r4
10003c80:	4366      	muls	r6, r4
10003c82:	0436      	lsls	r6, r6, #16
10003c84:	0c2f      	lsrs	r7, r5, #16
10003c86:	433e      	orrs	r6, r7
10003c88:	042d      	lsls	r5, r5, #16
10003c8a:	1b40      	subs	r0, r0, r5
10003c8c:	41b1      	sbcs	r1, r6
10003c8e:	4299      	cmp	r1, r3
10003c90:	d204      	bcs.n	10003c9c <y64_x64+0x44>
10003c92:	0002      	movs	r2, r0
10003c94:	000b      	movs	r3, r1
10003c96:	0020      	movs	r0, r4
10003c98:	2100      	movs	r1, #0
10003c9a:	bdf0      	pop	{r4, r5, r6, r7, pc}
10003c9c:	d101      	bne.n	10003ca2 <y64_x64+0x4a>
10003c9e:	4290      	cmp	r0, r2
10003ca0:	d3f7      	bcc.n	10003c92 <y64_x64+0x3a>
10003ca2:	1a80      	subs	r0, r0, r2
10003ca4:	4199      	sbcs	r1, r3
10003ca6:	3401      	adds	r4, #1
10003ca8:	4299      	cmp	r1, r3
10003caa:	d3f2      	bcc.n	10003c92 <y64_x64+0x3a>
10003cac:	e7f6      	b.n	10003c9c <y64_x64+0x44>
10003cae:	0000      	.short	0x0000
10003cb0:	d0000000 	.word	0xd0000000
10003cb4:	ffffffff 	.word	0xffffffff

10003cb8 <__wrap___aeabi_drsub>:
10003cb8:	4048      	eors	r0, r1
10003cba:	4041      	eors	r1, r0
10003cbc:	4048      	eors	r0, r1

10003cbe <__wrap___aeabi_dsub>:
10003cbe:	b418      	push	{r3, r4}
10003cc0:	4b1b      	ldr	r3, [pc, #108]	@ (10003d30 <__wrap___aeabi_dmul+0x12>)
10003cc2:	685b      	ldr	r3, [r3, #4]
10003cc4:	46fc      	mov	ip, pc
10003cc6:	9301      	str	r3, [sp, #4]
10003cc8:	bd08      	pop	{r3, pc}
10003cca:	df04      	.short	0xdf04
10003ccc:	10003f93 	.word	0x10003f93

10003cd0 <__wrap___aeabi_dadd>:
10003cd0:	b418      	push	{r3, r4}
10003cd2:	4b17      	ldr	r3, [pc, #92]	@ (10003d30 <__wrap___aeabi_dmul+0x12>)
10003cd4:	681b      	ldr	r3, [r3, #0]
10003cd6:	46fc      	mov	ip, pc
10003cd8:	9301      	str	r3, [sp, #4]
10003cda:	bd08      	pop	{r3, pc}
10003cdc:	3f9ddf00 	.word	0x3f9ddf00
10003ce0:	1000      	.short	0x1000

10003ce2 <__wrap___aeabi_ddiv>:
10003ce2:	4694      	mov	ip, r2
10003ce4:	4a13      	ldr	r2, [pc, #76]	@ (10003d34 <__wrap___aeabi_dmul+0x16>)
10003ce6:	6f92      	ldr	r2, [r2, #120]	@ 0x78
10003ce8:	0892      	lsrs	r2, r2, #2
10003cea:	d209      	bcs.n	10003d00 <ddiv_save_state>
10003cec:	4662      	mov	r2, ip

10003cee <ddiv_shim_call>:
10003cee:	b418      	push	{r3, r4}
10003cf0:	4b0f      	ldr	r3, [pc, #60]	@ (10003d30 <__wrap___aeabi_dmul+0x12>)
10003cf2:	68db      	ldr	r3, [r3, #12]
10003cf4:	46fc      	mov	ip, pc
10003cf6:	9301      	str	r3, [sp, #4]
10003cf8:	bd08      	pop	{r3, pc}
10003cfa:	df0c      	.short	0xdf0c
10003cfc:	10004255 	.word	0x10004255

10003d00 <ddiv_save_state>:
10003d00:	4a0c      	ldr	r2, [pc, #48]	@ (10003d34 <__wrap___aeabi_dmul+0x16>)
10003d02:	b5f0      	push	{r4, r5, r6, r7, lr}
10003d04:	6e14      	ldr	r4, [r2, #96]	@ 0x60
10003d06:	6e55      	ldr	r5, [r2, #100]	@ 0x64
10003d08:	6f57      	ldr	r7, [r2, #116]	@ 0x74
10003d0a:	6f16      	ldr	r6, [r2, #112]	@ 0x70
10003d0c:	4662      	mov	r2, ip
10003d0e:	f7ff ffee 	bl	10003cee <ddiv_shim_call>
10003d12:	4a08      	ldr	r2, [pc, #32]	@ (10003d34 <__wrap___aeabi_dmul+0x16>)
10003d14:	6614      	str	r4, [r2, #96]	@ 0x60
10003d16:	6655      	str	r5, [r2, #100]	@ 0x64
10003d18:	6757      	str	r7, [r2, #116]	@ 0x74
10003d1a:	6716      	str	r6, [r2, #112]	@ 0x70
10003d1c:	bdf0      	pop	{r4, r5, r6, r7, pc}

10003d1e <__wrap___aeabi_dmul>:
10003d1e:	b418      	push	{r3, r4}
10003d20:	4b03      	ldr	r3, [pc, #12]	@ (10003d30 <__wrap___aeabi_dmul+0x12>)
10003d22:	689b      	ldr	r3, [r3, #8]
10003d24:	46fc      	mov	ip, pc
10003d26:	9301      	str	r3, [sp, #4]
10003d28:	bd08      	pop	{r3, pc}
10003d2a:	df08      	.short	0xdf08
10003d2c:	100040f9 	.word	0x100040f9
10003d30:	200022c8 	.word	0x200022c8
10003d34:	d0000000 	.word	0xd0000000

10003d38 <__wrap___aeabi_cdrcmple>:
10003d38:	b5ff      	push	{r0, r1, r2, r3, r4, r5, r6, r7, lr}
10003d3a:	4050      	eors	r0, r2
10003d3c:	4042      	eors	r2, r0
10003d3e:	4050      	eors	r0, r2
10003d40:	4059      	eors	r1, r3
10003d42:	404b      	eors	r3, r1
10003d44:	4059      	eors	r1, r3
10003d46:	e000      	b.n	10003d4a <__aeabi_dfcmple_guts>

10003d48 <__wrap___aeabi_cdcmpeq>:
10003d48:	b5ff      	push	{r0, r1, r2, r3, r4, r5, r6, r7, lr}

10003d4a <__aeabi_dfcmple_guts>:
10003d4a:	4f15      	ldr	r7, [pc, #84]	@ (10003da0 <__aeabi_dfcmple_guts+0x56>)
10003d4c:	004c      	lsls	r4, r1, #1
10003d4e:	0d64      	lsrs	r4, r4, #21
10003d50:	d003      	beq.n	10003d5a <__aeabi_dfcmple_guts+0x10>
10003d52:	42bc      	cmp	r4, r7
10003d54:	d104      	bne.n	10003d60 <__aeabi_dfcmple_guts+0x16>
10003d56:	030c      	lsls	r4, r1, #12
10003d58:	d814      	bhi.n	10003d84 <__aeabi_dfcmple_guts+0x3a>
10003d5a:	2000      	movs	r0, #0
10003d5c:	0d09      	lsrs	r1, r1, #20
10003d5e:	0509      	lsls	r1, r1, #20
10003d60:	005c      	lsls	r4, r3, #1
10003d62:	0d64      	lsrs	r4, r4, #21
10003d64:	d003      	beq.n	10003d6e <__aeabi_dfcmple_guts+0x24>
10003d66:	42bc      	cmp	r4, r7
10003d68:	d104      	bne.n	10003d74 <__aeabi_dfcmple_guts+0x2a>
10003d6a:	031c      	lsls	r4, r3, #12
10003d6c:	d80a      	bhi.n	10003d84 <__aeabi_dfcmple_guts+0x3a>
10003d6e:	2200      	movs	r2, #0
10003d70:	0d1b      	lsrs	r3, r3, #20
10003d72:	051b      	lsls	r3, r3, #20
10003d74:	2601      	movs	r6, #1
10003d76:	404b      	eors	r3, r1
10003d78:	d409      	bmi.n	10003d8e <__aeabi_dfcmple_guts+0x44>
10003d7a:	404b      	eors	r3, r1
10003d7c:	d503      	bpl.n	10003d86 <__aeabi_dfcmple_guts+0x3c>
10003d7e:	428b      	cmp	r3, r1
10003d80:	d100      	bne.n	10003d84 <__aeabi_dfcmple_guts+0x3a>
10003d82:	4282      	cmp	r2, r0
10003d84:	bdff      	pop	{r0, r1, r2, r3, r4, r5, r6, r7, pc}
10003d86:	4299      	cmp	r1, r3
10003d88:	d1fc      	bne.n	10003d84 <__aeabi_dfcmple_guts+0x3a>
10003d8a:	4290      	cmp	r0, r2
10003d8c:	bdff      	pop	{r0, r1, r2, r3, r4, r5, r6, r7, pc}
10003d8e:	430b      	orrs	r3, r1
10003d90:	18db      	adds	r3, r3, r3
10003d92:	4303      	orrs	r3, r0
10003d94:	4313      	orrs	r3, r2
10003d96:	d0f5      	beq.n	10003d84 <__aeabi_dfcmple_guts+0x3a>
10003d98:	43c9      	mvns	r1, r1
10003d9a:	1849      	adds	r1, r1, r1
10003d9c:	bdff      	pop	{r0, r1, r2, r3, r4, r5, r6, r7, pc}
10003d9e:	0000      	.short	0x0000
10003da0:	000007ff 	.word	0x000007ff

10003da4 <__wrap___aeabi_dcmplt>:
10003da4:	b500      	push	{lr}
10003da6:	f7ff ffcf 	bl	10003d48 <__wrap___aeabi_cdcmpeq>
10003daa:	4180      	sbcs	r0, r0
10003dac:	bd00      	pop	{pc}
10003dae:	46c0      	nop			@ (mov r8, r8)

10003db0 <__wrap___aeabi_dcmple>:
10003db0:	b500      	push	{lr}
10003db2:	f7ff ffc9 	bl	10003d48 <__wrap___aeabi_cdcmpeq>
10003db6:	d901      	bls.n	10003dbc <__wrap___aeabi_dcmple+0xc>
10003db8:	2000      	movs	r0, #0
10003dba:	bd00      	pop	{pc}
10003dbc:	2001      	movs	r0, #1
10003dbe:	bd00      	pop	{pc}

10003dc0 <__wrap___aeabi_dcmpge>:
10003dc0:	b500      	push	{lr}
10003dc2:	f7ff ffb9 	bl	10003d38 <__wrap___aeabi_cdrcmple>
10003dc6:	d901      	bls.n	10003dcc <__wrap___aeabi_dcmpge+0xc>
10003dc8:	2000      	movs	r0, #0
10003dca:	bd00      	pop	{pc}
10003dcc:	2001      	movs	r0, #1
10003dce:	bd00      	pop	{pc}

10003dd0 <__wrap___aeabi_dcmpgt>:
10003dd0:	b500      	push	{lr}
10003dd2:	f7ff ffb1 	bl	10003d38 <__wrap___aeabi_cdrcmple>
10003dd6:	4180      	sbcs	r0, r0
10003dd8:	bd00      	pop	{pc}

10003dda <__wrap___aeabi_dcmpun>:
10003dda:	2001      	movs	r0, #1
10003ddc:	0540      	lsls	r0, r0, #21
10003dde:	004a      	lsls	r2, r1, #1
10003de0:	1812      	adds	r2, r2, r0
10003de2:	d804      	bhi.n	10003dee <__wrap___aeabi_dcmpun+0x14>
10003de4:	005a      	lsls	r2, r3, #1
10003de6:	1812      	adds	r2, r2, r0
10003de8:	d801      	bhi.n	10003dee <__wrap___aeabi_dcmpun+0x14>
10003dea:	2000      	movs	r0, #0
10003dec:	4770      	bx	lr
10003dee:	2001      	movs	r0, #1
10003df0:	4770      	bx	lr
	...

10003df4 <__wrap___aeabi_ui2d>:
10003df4:	2100      	movs	r1, #0
10003df6:	2800      	cmp	r0, #0
10003df8:	d105      	bne.n	10003e06 <__wrap___aeabi_i2d+0xa>
10003dfa:	4770      	bx	lr

10003dfc <__wrap___aeabi_i2d>:
10003dfc:	17c1      	asrs	r1, r0, #31
10003dfe:	4048      	eors	r0, r1
10003e00:	1a40      	subs	r0, r0, r1
10003e02:	d0fa      	beq.n	10003dfa <__wrap___aeabi_ui2d+0x6>
10003e04:	07c9      	lsls	r1, r1, #31
10003e06:	b513      	push	{r0, r1, r4, lr}
10003e08:	4b06      	ldr	r3, [pc, #24]	@ (10003e24 <__wrap___aeabi_i2d+0x28>)
10003e0a:	681b      	ldr	r3, [r3, #0]
10003e0c:	4798      	blx	r3
10003e0e:	bc0c      	pop	{r2, r3}
10003e10:	1c44      	adds	r4, r0, #1
10003e12:	40a2      	lsls	r2, r4
10003e14:	0510      	lsls	r0, r2, #20
10003e16:	0b12      	lsrs	r2, r2, #12
10003e18:	4903      	ldr	r1, [pc, #12]	@ (10003e28 <__wrap___aeabi_i2d+0x2c>)
10003e1a:	1b09      	subs	r1, r1, r4
10003e1c:	0509      	lsls	r1, r1, #20
10003e1e:	4319      	orrs	r1, r3
10003e20:	4311      	orrs	r1, r2
10003e22:	bd10      	pop	{r4, pc}
10003e24:	200023c8 	.word	0x200023c8
10003e28:	0000041f 	.word	0x0000041f

10003e2c <__wrap___aeabi_d2iz>:
10003e2c:	b510      	push	{r4, lr}
10003e2e:	004c      	lsls	r4, r1, #1
10003e30:	0d62      	lsrs	r2, r4, #21
10003e32:	2380      	movs	r3, #128	@ 0x80
10003e34:	18d2      	adds	r2, r2, r3
10003e36:	00db      	lsls	r3, r3, #3
10003e38:	1ad2      	subs	r2, r2, r3
10003e3a:	055b      	lsls	r3, r3, #21
10003e3c:	2a7e      	cmp	r2, #126	@ 0x7e
10003e3e:	dd10      	ble.n	10003e62 <__wrap___aeabi_d2iz+0x36>
10003e40:	3a9e      	subs	r2, #158	@ 0x9e
10003e42:	da13      	bge.n	10003e6c <__wrap___aeabi_d2iz+0x40>
10003e44:	17cc      	asrs	r4, r1, #31
10003e46:	0309      	lsls	r1, r1, #12
10003e48:	0849      	lsrs	r1, r1, #1
10003e4a:	4319      	orrs	r1, r3
10003e4c:	4252      	negs	r2, r2
10003e4e:	40d1      	lsrs	r1, r2
10003e50:	0064      	lsls	r4, r4, #1
10003e52:	3401      	adds	r4, #1
10003e54:	3215      	adds	r2, #21
10003e56:	2a20      	cmp	r2, #32
10003e58:	da05      	bge.n	10003e66 <__wrap___aeabi_d2iz+0x3a>
10003e5a:	40d0      	lsrs	r0, r2
10003e5c:	4308      	orrs	r0, r1
10003e5e:	4360      	muls	r0, r4
10003e60:	bd10      	pop	{r4, pc}
10003e62:	2000      	movs	r0, #0
10003e64:	bd10      	pop	{r4, pc}
10003e66:	4608      	mov	r0, r1
10003e68:	4360      	muls	r0, r4
10003e6a:	bd10      	pop	{r4, pc}
10003e6c:	0fc8      	lsrs	r0, r1, #31
10003e6e:	18c0      	adds	r0, r0, r3
10003e70:	3801      	subs	r0, #1
10003e72:	bd10      	pop	{r4, pc}

10003e74 <__wrap___aeabi_d2uiz>:
10003e74:	b418      	push	{r3, r4}
10003e76:	4b04      	ldr	r3, [pc, #16]	@ (10003e88 <__wrap___aeabi_d2uiz+0x14>)
10003e78:	6a5b      	ldr	r3, [r3, #36]	@ 0x24
10003e7a:	46fc      	mov	ip, pc
10003e7c:	9301      	str	r3, [sp, #4]
10003e7e:	bd08      	pop	{r3, pc}
10003e80:	4405df24 	.word	0x4405df24
10003e84:	00001000 	.word	0x00001000
10003e88:	200022c8 	.word	0x200022c8

10003e8c <__aeabi_double_init>:
10003e8c:	b570      	push	{r4, r5, r6, lr}
10003e8e:	2313      	movs	r3, #19
10003e90:	781c      	ldrb	r4, [r3, #0]
10003e92:	2c01      	cmp	r4, #1
10003e94:	d012      	beq.n	10003ebc <__aeabi_double_init+0x30>
10003e96:	2c01      	cmp	r4, #1
10003e98:	dc12      	bgt.n	10003ec0 <__aeabi_double_init+0x34>
10003e9a:	4b21      	ldr	r3, [pc, #132]	@ (10003f20 <__aeabi_double_init+0x94>)
10003e9c:	4a21      	ldr	r2, [pc, #132]	@ (10003f24 <__aeabi_double_init+0x98>)
10003e9e:	6493      	str	r3, [r2, #72]	@ 0x48
10003ea0:	4821      	ldr	r0, [pc, #132]	@ (10003f28 <__aeabi_double_init+0x9c>)
10003ea2:	f7ff fc71 	bl	10003788 <rom_func_lookup>
10003ea6:	4b21      	ldr	r3, [pc, #132]	@ (10003f2c <__aeabi_double_init+0xa0>)
10003ea8:	6018      	str	r0, [r3, #0]
10003eaa:	bd70      	pop	{r4, r5, r6, pc}
10003eac:	491c      	ldr	r1, [pc, #112]	@ (10003f20 <__aeabi_double_init+0x94>)
10003eae:	4a1d      	ldr	r2, [pc, #116]	@ (10003f24 <__aeabi_double_init+0x98>)
10003eb0:	0098      	lsls	r0, r3, #2
10003eb2:	5081      	str	r1, [r0, r2]
10003eb4:	3301      	adds	r3, #1
10003eb6:	2b1f      	cmp	r3, #31
10003eb8:	d9f8      	bls.n	10003eac <__aeabi_double_init+0x20>
10003eba:	e7ec      	b.n	10003e96 <__aeabi_double_init+0xa>
10003ebc:	2300      	movs	r3, #0
10003ebe:	e7fa      	b.n	10003eb6 <__aeabi_double_init+0x2a>
10003ec0:	481b      	ldr	r0, [pc, #108]	@ (10003f30 <__aeabi_double_init+0xa4>)
10003ec2:	f7ff fc69 	bl	10003798 <rom_data_lookup>
10003ec6:	0005      	movs	r5, r0
10003ec8:	481a      	ldr	r0, [pc, #104]	@ (10003f34 <__aeabi_double_init+0xa8>)
10003eca:	f7ff fc65 	bl	10003798 <rom_data_lookup>
10003ece:	3802      	subs	r0, #2
10003ed0:	7803      	ldrb	r3, [r0, #0]
10003ed2:	009b      	lsls	r3, r3, #2
10003ed4:	2b7f      	cmp	r3, #127	@ 0x7f
10003ed6:	dd09      	ble.n	10003eec <__aeabi_double_init+0x60>
10003ed8:	4812      	ldr	r0, [pc, #72]	@ (10003f24 <__aeabi_double_init+0x98>)
10003eda:	2280      	movs	r2, #128	@ 0x80
10003edc:	0029      	movs	r1, r5
10003ede:	f000 fcdf 	bl	100048a0 <__wrap___aeabi_memcpy>
10003ee2:	2c02      	cmp	r4, #2
10003ee4:	d008      	beq.n	10003ef8 <__aeabi_double_init+0x6c>
10003ee6:	2c02      	cmp	r4, #2
10003ee8:	dcda      	bgt.n	10003ea0 <__aeabi_double_init+0x14>
10003eea:	e7d6      	b.n	10003e9a <__aeabi_double_init+0xe>
10003eec:	4b12      	ldr	r3, [pc, #72]	@ (10003f38 <__aeabi_double_init+0xac>)
10003eee:	4a13      	ldr	r2, [pc, #76]	@ (10003f3c <__aeabi_double_init+0xb0>)
10003ef0:	4813      	ldr	r0, [pc, #76]	@ (10003f40 <__aeabi_double_init+0xb4>)
10003ef2:	2133      	movs	r1, #51	@ 0x33
10003ef4:	f001 fddc 	bl	10005ab0 <__assert_func>
10003ef8:	4b12      	ldr	r3, [pc, #72]	@ (10003f44 <__aeabi_double_init+0xb8>)
10003efa:	881a      	ldrh	r2, [r3, #0]
10003efc:	23b5      	movs	r3, #181	@ 0xb5
10003efe:	021b      	lsls	r3, r3, #8
10003f00:	429a      	cmp	r2, r3
10003f02:	d109      	bne.n	10003f18 <__aeabi_double_init+0x8c>
10003f04:	4b10      	ldr	r3, [pc, #64]	@ (10003f48 <__aeabi_double_init+0xbc>)
10003f06:	881a      	ldrh	r2, [r3, #0]
10003f08:	4b10      	ldr	r3, [pc, #64]	@ (10003f4c <__aeabi_double_init+0xc0>)
10003f0a:	429a      	cmp	r2, r3
10003f0c:	d104      	bne.n	10003f18 <__aeabi_double_init+0x8c>
10003f0e:	4b10      	ldr	r3, [pc, #64]	@ (10003f50 <__aeabi_double_init+0xc4>)
10003f10:	881a      	ldrh	r2, [r3, #0]
10003f12:	4b10      	ldr	r3, [pc, #64]	@ (10003f54 <__aeabi_double_init+0xc8>)
10003f14:	429a      	cmp	r2, r3
10003f16:	d0e6      	beq.n	10003ee6 <__aeabi_double_init+0x5a>
10003f18:	2000      	movs	r0, #0
10003f1a:	f7fe f969 	bl	100021f0 <panic>
10003f1e:	46c0      	nop			@ (mov r8, r8)
10003f20:	10003f59 	.word	0x10003f59
10003f24:	200022c8 	.word	0x200022c8
10003f28:	0000334c 	.word	0x0000334c
10003f2c:	200023c8 	.word	0x200023c8
10003f30:	00004453 	.word	0x00004453
10003f34:	00004653 	.word	0x00004653
10003f38:	10009580 	.word	0x10009580
10003f3c:	1000a058 	.word	0x1000a058
10003f40:	100095c4 	.word	0x100095c4
10003f44:	00003854 	.word	0x00003854
10003f48:	000038d8 	.word	0x000038d8
10003f4c:	00004649 	.word	0x00004649
10003f50:	0000389c 	.word	0x0000389c
10003f54:	00004659 	.word	0x00004659

10003f58 <double_table_shim_on_use_helper>:
10003f58:	b507      	push	{r0, r1, r2, lr}
10003f5a:	4660      	mov	r0, ip
10003f5c:	2800      	cmp	r0, #0
10003f5e:	d100      	bne.n	10003f62 <double_table_shim_on_use_helper+0xa>
10003f60:	be00      	bkpt	0x0000
10003f62:	8801      	ldrh	r1, [r0, #0]
10003f64:	0a0a      	lsrs	r2, r1, #8
10003f66:	3002      	adds	r0, #2
10003f68:	2adf      	cmp	r2, #223	@ 0xdf
10003f6a:	d1fa      	bne.n	10003f62 <double_table_shim_on_use_helper+0xa>
10003f6c:	b2c9      	uxtb	r1, r1
10003f6e:	0882      	lsrs	r2, r0, #2
10003f70:	d304      	bcc.n	10003f7c <double_table_shim_on_use_helper+0x24>
10003f72:	8802      	ldrh	r2, [r0, #0]
10003f74:	8840      	ldrh	r0, [r0, #2]
10003f76:	0400      	lsls	r0, r0, #16
10003f78:	4310      	orrs	r0, r2
10003f7a:	e000      	b.n	10003f7e <double_table_shim_on_use_helper+0x26>
10003f7c:	6800      	ldr	r0, [r0, #0]
10003f7e:	4a02      	ldr	r2, [pc, #8]	@ (10003f88 <double_table_shim_on_use_helper+0x30>)
10003f80:	5050      	str	r0, [r2, r1]
10003f82:	9003      	str	r0, [sp, #12]
10003f84:	bd07      	pop	{r0, r1, r2, pc}
10003f86:	0000      	.short	0x0000
10003f88:	200022c8 	.word	0x200022c8

10003f8c <drsub_shim>:
10003f8c:	b40f      	push	{r0, r1, r2, r3}
10003f8e:	bc03      	pop	{r0, r1}
10003f90:	bc0c      	pop	{r2, r3}

10003f92 <dsub_shim>:
10003f92:	b5f0      	push	{r4, r5, r6, r7, lr}
10003f94:	2401      	movs	r4, #1
10003f96:	07e4      	lsls	r4, r4, #31
10003f98:	4063      	eors	r3, r4
10003f9a:	e000      	b.n	10003f9e <da_entry>

10003f9c <dadd_shim>:
10003f9c:	b5f0      	push	{r4, r5, r6, r7, lr}

10003f9e <da_entry>:
10003f9e:	0d0c      	lsrs	r4, r1, #20
10003fa0:	0fcf      	lsrs	r7, r1, #31
10003fa2:	1e66      	subs	r6, r4, #1
10003fa4:	0536      	lsls	r6, r6, #20
10003fa6:	1b89      	subs	r1, r1, r6
10003fa8:	0564      	lsls	r4, r4, #21
10003faa:	d303      	bcc.n	10003fb4 <l8_1>
10003fac:	43c9      	mvns	r1, r1
10003fae:	4240      	negs	r0, r0
10003fb0:	d300      	bcc.n	10003fb4 <l8_1>
10003fb2:	3101      	adds	r1, #1

10003fb4 <l8_1>:
10003fb4:	0d64      	lsrs	r4, r4, #21
10003fb6:	d003      	beq.n	10003fc0 <l8_2>
10003fb8:	1c66      	adds	r6, r4, #1
10003fba:	0af6      	lsrs	r6, r6, #11
10003fbc:	d007      	beq.n	10003fce <l8_3>
10003fbe:	1be4      	subs	r4, r4, r7

10003fc0 <l8_2>:
10003fc0:	2000      	movs	r0, #0
10003fc2:	007f      	lsls	r7, r7, #1
10003fc4:	1c79      	adds	r1, r7, #1
10003fc6:	0789      	lsls	r1, r1, #30
10003fc8:	1289      	asrs	r1, r1, #10
10003fca:	3c80      	subs	r4, #128	@ 0x80
10003fcc:	0324      	lsls	r4, r4, #12

10003fce <l8_3>:
10003fce:	0d1d      	lsrs	r5, r3, #20
10003fd0:	0fdf      	lsrs	r7, r3, #31
10003fd2:	1e6e      	subs	r6, r5, #1
10003fd4:	0536      	lsls	r6, r6, #20
10003fd6:	1b9b      	subs	r3, r3, r6
10003fd8:	056d      	lsls	r5, r5, #21
10003fda:	d303      	bcc.n	10003fe4 <l9_1>
10003fdc:	43db      	mvns	r3, r3
10003fde:	4252      	negs	r2, r2
10003fe0:	d300      	bcc.n	10003fe4 <l9_1>
10003fe2:	3301      	adds	r3, #1

10003fe4 <l9_1>:
10003fe4:	0d6d      	lsrs	r5, r5, #21
10003fe6:	d003      	beq.n	10003ff0 <l9_2>
10003fe8:	1c6e      	adds	r6, r5, #1
10003fea:	0af6      	lsrs	r6, r6, #11
10003fec:	d007      	beq.n	10003ffe <l9_3>
10003fee:	1bed      	subs	r5, r5, r7

10003ff0 <l9_2>:
10003ff0:	2200      	movs	r2, #0
10003ff2:	007f      	lsls	r7, r7, #1
10003ff4:	1c7b      	adds	r3, r7, #1
10003ff6:	079b      	lsls	r3, r3, #30
10003ff8:	129b      	asrs	r3, r3, #10
10003ffa:	3d80      	subs	r5, #128	@ 0x80
10003ffc:	032d      	lsls	r5, r5, #12

10003ffe <l9_3>:
10003ffe:	1b2f      	subs	r7, r5, r4
10004000:	1b66      	subs	r6, r4, r5
10004002:	d458      	bmi.n	100040b6 <da_ygtx>
10004004:	46a4      	mov	ip, r4
10004006:	2e20      	cmp	r6, #32
10004008:	da46      	bge.n	10004098 <da_xrgty>
1000400a:	3720      	adds	r7, #32
1000400c:	0014      	movs	r4, r2
1000400e:	40bc      	lsls	r4, r7

10004010 <da_xgty0>:
10004010:	001d      	movs	r5, r3
10004012:	40bd      	lsls	r5, r7
10004014:	40f2      	lsrs	r2, r6
10004016:	4133      	asrs	r3, r6
10004018:	432a      	orrs	r2, r5

1000401a <da_add>:
1000401a:	1880      	adds	r0, r0, r2
1000401c:	4159      	adcs	r1, r3

1000401e <da_pack>:
1000401e:	0fcb      	lsrs	r3, r1, #31
10004020:	d005      	beq.n	1000402e <da_pack+0x10>
10004022:	43c9      	mvns	r1, r1
10004024:	43c0      	mvns	r0, r0
10004026:	2200      	movs	r2, #0
10004028:	4264      	negs	r4, r4
1000402a:	4150      	adcs	r0, r2
1000402c:	4151      	adcs	r1, r2
1000402e:	4662      	mov	r2, ip
10004030:	0d4d      	lsrs	r5, r1, #21
10004032:	d128      	bne.n	10004086 <da_0>
10004034:	0d0d      	lsrs	r5, r1, #20
10004036:	d107      	bne.n	10004048 <da_1>
10004038:	2800      	cmp	r0, #0
1000403a:	d01f      	beq.n	1000407c <da_5>

1000403c <da_2>:
1000403c:	1924      	adds	r4, r4, r4
1000403e:	4140      	adcs	r0, r0
10004040:	4149      	adcs	r1, r1
10004042:	3a01      	subs	r2, #1
10004044:	0d0d      	lsrs	r5, r1, #20
10004046:	d0f9      	beq.n	1000403c <da_2>

10004048 <da_1>:
10004048:	0064      	lsls	r4, r4, #1
1000404a:	d306      	bcc.n	1000405a <da_3>

1000404c <da_4>:
1000404c:	3001      	adds	r0, #1
1000404e:	d300      	bcc.n	10004052 <da_4+0x6>
10004050:	3101      	adds	r1, #1
10004052:	2c00      	cmp	r4, #0
10004054:	d101      	bne.n	1000405a <da_3>
10004056:	0840      	lsrs	r0, r0, #1
10004058:	0040      	lsls	r0, r0, #1

1000405a <da_3>:
1000405a:	3a01      	subs	r2, #1
1000405c:	d40b      	bmi.n	10004076 <da_6>
1000405e:	1c94      	adds	r4, r2, #2
10004060:	0ae4      	lsrs	r4, r4, #11
10004062:	d104      	bne.n	1000406e <da_7>
10004064:	0512      	lsls	r2, r2, #20
10004066:	4411      	add	r1, r2
10004068:	07db      	lsls	r3, r3, #31
1000406a:	4419      	add	r1, r3
1000406c:	bdf0      	pop	{r4, r5, r6, r7, pc}

1000406e <da_7>:
1000406e:	07d9      	lsls	r1, r3, #31
10004070:	4b20      	ldr	r3, [pc, #128]	@ (100040f4 <da_xmgty+0x4>)
10004072:	4319      	orrs	r1, r3
10004074:	e000      	b.n	10004078 <da_6+0x2>

10004076 <da_6>:
10004076:	07d9      	lsls	r1, r3, #31
10004078:	2000      	movs	r0, #0
1000407a:	bdf0      	pop	{r4, r5, r6, r7, pc}

1000407c <da_5>:
1000407c:	2900      	cmp	r1, #0
1000407e:	d1dd      	bne.n	1000403c <da_2>
10004080:	2c00      	cmp	r4, #0
10004082:	d1db      	bne.n	1000403c <da_2>
10004084:	bdf0      	pop	{r4, r5, r6, r7, pc}

10004086 <da_0>:
10004086:	3201      	adds	r2, #1
10004088:	07c6      	lsls	r6, r0, #31
1000408a:	0840      	lsrs	r0, r0, #1
1000408c:	07cd      	lsls	r5, r1, #31
1000408e:	4328      	orrs	r0, r5
10004090:	0849      	lsrs	r1, r1, #1
10004092:	2e00      	cmp	r6, #0
10004094:	d0e1      	beq.n	1000405a <da_3>
10004096:	e7d9      	b.n	1000404c <da_4>

10004098 <da_xrgty>:
10004098:	2e3c      	cmp	r6, #60	@ 0x3c
1000409a:	da29      	bge.n	100040f0 <da_xmgty>
1000409c:	3e20      	subs	r6, #32
1000409e:	3740      	adds	r7, #64	@ 0x40
100040a0:	0014      	movs	r4, r2
100040a2:	40bc      	lsls	r4, r7
100040a4:	d000      	beq.n	100040a8 <da_xrgty+0x10>
100040a6:	2401      	movs	r4, #1
100040a8:	40f2      	lsrs	r2, r6
100040aa:	4314      	orrs	r4, r2
100040ac:	001a      	movs	r2, r3
100040ae:	40bb      	lsls	r3, r7
100040b0:	431c      	orrs	r4, r3
100040b2:	17d3      	asrs	r3, r2, #31
100040b4:	e7ac      	b.n	10004010 <da_xgty0>

100040b6 <da_ygtx>:
100040b6:	46ac      	mov	ip, r5
100040b8:	2f20      	cmp	r7, #32
100040ba:	da08      	bge.n	100040ce <da_yrgtx>
100040bc:	3620      	adds	r6, #32
100040be:	0004      	movs	r4, r0
100040c0:	40b4      	lsls	r4, r6

100040c2 <da_ygtx0>:
100040c2:	000d      	movs	r5, r1
100040c4:	40b5      	lsls	r5, r6
100040c6:	40f8      	lsrs	r0, r7
100040c8:	4139      	asrs	r1, r7
100040ca:	4328      	orrs	r0, r5
100040cc:	e7a5      	b.n	1000401a <da_add>

100040ce <da_yrgtx>:
100040ce:	2f3c      	cmp	r7, #60	@ 0x3c
100040d0:	da0c      	bge.n	100040ec <da_ymgtx>
100040d2:	3f20      	subs	r7, #32
100040d4:	3640      	adds	r6, #64	@ 0x40
100040d6:	0004      	movs	r4, r0
100040d8:	40b4      	lsls	r4, r6
100040da:	d000      	beq.n	100040de <da_yrgtx+0x10>
100040dc:	2401      	movs	r4, #1
100040de:	40f8      	lsrs	r0, r7
100040e0:	4304      	orrs	r4, r0
100040e2:	0008      	movs	r0, r1
100040e4:	40b1      	lsls	r1, r6
100040e6:	430c      	orrs	r4, r1
100040e8:	17c1      	asrs	r1, r0, #31
100040ea:	e7ea      	b.n	100040c2 <da_ygtx0>

100040ec <da_ymgtx>:
100040ec:	0010      	movs	r0, r2
100040ee:	0019      	movs	r1, r3

100040f0 <da_xmgty>:
100040f0:	2400      	movs	r4, #0
100040f2:	e794      	b.n	1000401e <da_pack>
100040f4:	7ff00000 	.word	0x7ff00000

100040f8 <dmul_shim>:
100040f8:	b5f0      	push	{r4, r5, r6, r7, lr}
100040fa:	0d0c      	lsrs	r4, r1, #20
100040fc:	1e66      	subs	r6, r4, #1
100040fe:	0536      	lsls	r6, r6, #20
10004100:	1b89      	subs	r1, r1, r6
10004102:	0ae6      	lsrs	r6, r4, #11
10004104:	0564      	lsls	r4, r4, #21
10004106:	0d64      	lsrs	r4, r4, #21
10004108:	d002      	beq.n	10004110 <l12_1>
1000410a:	1c65      	adds	r5, r4, #1
1000410c:	0aed      	lsrs	r5, r5, #11
1000410e:	d004      	beq.n	1000411a <l12_2>

10004110 <l12_1>:
10004110:	2000      	movs	r0, #0
10004112:	2101      	movs	r1, #1
10004114:	0509      	lsls	r1, r1, #20
10004116:	3c80      	subs	r4, #128	@ 0x80
10004118:	0324      	lsls	r4, r4, #12

1000411a <l12_2>:
1000411a:	46a4      	mov	ip, r4
1000411c:	0d1c      	lsrs	r4, r3, #20
1000411e:	1e67      	subs	r7, r4, #1
10004120:	053f      	lsls	r7, r7, #20
10004122:	1bdb      	subs	r3, r3, r7
10004124:	0ae7      	lsrs	r7, r4, #11
10004126:	0564      	lsls	r4, r4, #21
10004128:	0d64      	lsrs	r4, r4, #21
1000412a:	d002      	beq.n	10004132 <l13_1>
1000412c:	1c65      	adds	r5, r4, #1
1000412e:	0aed      	lsrs	r5, r5, #11
10004130:	d004      	beq.n	1000413c <l13_2>

10004132 <l13_1>:
10004132:	2200      	movs	r2, #0
10004134:	2301      	movs	r3, #1
10004136:	051b      	lsls	r3, r3, #20
10004138:	3c80      	subs	r4, #128	@ 0x80
1000413a:	0324      	lsls	r4, r4, #12

1000413c <l13_2>:
1000413c:	4077      	eors	r7, r6
1000413e:	4464      	add	r4, ip
10004140:	b497      	push	{r0, r1, r2, r4, r7}
10004142:	b284      	uxth	r4, r0
10004144:	b296      	uxth	r6, r2
10004146:	4374      	muls	r4, r6
10004148:	0c07      	lsrs	r7, r0, #16
1000414a:	437e      	muls	r6, r7
1000414c:	0c15      	lsrs	r5, r2, #16
1000414e:	436f      	muls	r7, r5
10004150:	b280      	uxth	r0, r0
10004152:	4368      	muls	r0, r5
10004154:	1836      	adds	r6, r6, r0
10004156:	d302      	bcc.n	1000415e <l14_1>
10004158:	2001      	movs	r0, #1
1000415a:	0400      	lsls	r0, r0, #16
1000415c:	183f      	adds	r7, r7, r0

1000415e <l14_1>:
1000415e:	0430      	lsls	r0, r6, #16
10004160:	0c35      	lsrs	r5, r6, #16
10004162:	1900      	adds	r0, r0, r4
10004164:	417d      	adcs	r5, r7
10004166:	4684      	mov	ip, r0
10004168:	b288      	uxth	r0, r1
1000416a:	b29a      	uxth	r2, r3
1000416c:	4350      	muls	r0, r2
1000416e:	0c0c      	lsrs	r4, r1, #16
10004170:	4362      	muls	r2, r4
10004172:	0c1f      	lsrs	r7, r3, #16
10004174:	437c      	muls	r4, r7
10004176:	b28e      	uxth	r6, r1
10004178:	437e      	muls	r6, r7
1000417a:	1992      	adds	r2, r2, r6
1000417c:	d302      	bcc.n	10004184 <l15_1>
1000417e:	2601      	movs	r6, #1
10004180:	0436      	lsls	r6, r6, #16
10004182:	19a4      	adds	r4, r4, r6

10004184 <l15_1>:
10004184:	0416      	lsls	r6, r2, #16
10004186:	0c17      	lsrs	r7, r2, #16
10004188:	1836      	adds	r6, r6, r0
1000418a:	4167      	adcs	r7, r4
1000418c:	bc01      	pop	{r0}
1000418e:	b281      	uxth	r1, r0
10004190:	b29a      	uxth	r2, r3
10004192:	4351      	muls	r1, r2
10004194:	0c04      	lsrs	r4, r0, #16
10004196:	4362      	muls	r2, r4
10004198:	0c1b      	lsrs	r3, r3, #16
1000419a:	435c      	muls	r4, r3
1000419c:	b280      	uxth	r0, r0
1000419e:	4358      	muls	r0, r3
100041a0:	1812      	adds	r2, r2, r0
100041a2:	d302      	bcc.n	100041aa <l16_1>
100041a4:	2001      	movs	r0, #1
100041a6:	0400      	lsls	r0, r0, #16
100041a8:	1824      	adds	r4, r4, r0

100041aa <l16_1>:
100041aa:	0410      	lsls	r0, r2, #16
100041ac:	0c13      	lsrs	r3, r2, #16
100041ae:	1840      	adds	r0, r0, r1
100041b0:	4163      	adcs	r3, r4
100041b2:	182d      	adds	r5, r5, r0
100041b4:	415e      	adcs	r6, r3
100041b6:	2000      	movs	r0, #0
100041b8:	4147      	adcs	r7, r0
100041ba:	bc06      	pop	{r1, r2}
100041bc:	b288      	uxth	r0, r1
100041be:	b293      	uxth	r3, r2
100041c0:	4358      	muls	r0, r3
100041c2:	0c0c      	lsrs	r4, r1, #16
100041c4:	4363      	muls	r3, r4
100041c6:	0c12      	lsrs	r2, r2, #16
100041c8:	4354      	muls	r4, r2
100041ca:	b289      	uxth	r1, r1
100041cc:	4351      	muls	r1, r2
100041ce:	185b      	adds	r3, r3, r1
100041d0:	d302      	bcc.n	100041d8 <l17_1>
100041d2:	2101      	movs	r1, #1
100041d4:	0409      	lsls	r1, r1, #16
100041d6:	1864      	adds	r4, r4, r1

100041d8 <l17_1>:
100041d8:	0419      	lsls	r1, r3, #16
100041da:	0c1a      	lsrs	r2, r3, #16
100041dc:	1809      	adds	r1, r1, r0
100041de:	4162      	adcs	r2, r4
100041e0:	186d      	adds	r5, r5, r1
100041e2:	4156      	adcs	r6, r2
100041e4:	2000      	movs	r0, #0
100041e6:	4147      	adcs	r7, r0
100041e8:	bc18      	pop	{r3, r4}
100041ea:	02f9      	lsls	r1, r7, #11
100041ec:	0d72      	lsrs	r2, r6, #21
100041ee:	4311      	orrs	r1, r2
100041f0:	02f0      	lsls	r0, r6, #11
100041f2:	0d6a      	lsrs	r2, r5, #21
100041f4:	4310      	orrs	r0, r2
100041f6:	02ed      	lsls	r5, r5, #11
100041f8:	0d0a      	lsrs	r2, r1, #20
100041fa:	d103      	bne.n	10004204 <l17_1+0x2c>
100041fc:	196d      	adds	r5, r5, r5
100041fe:	4140      	adcs	r0, r0
10004200:	4149      	adcs	r1, r1
10004202:	3b01      	subs	r3, #1
10004204:	4e12      	ldr	r6, [pc, #72]	@ (10004250 <dm_1+0xa>)
10004206:	1b9b      	subs	r3, r3, r6
10004208:	0076      	lsls	r6, r6, #1
1000420a:	42b3      	cmp	r3, r6
1000420c:	d20e      	bcs.n	1000422c <dm_0>
1000420e:	006d      	lsls	r5, r5, #1
10004210:	d307      	bcc.n	10004222 <l17_1+0x4a>
10004212:	3001      	adds	r0, #1
10004214:	2600      	movs	r6, #0
10004216:	4171      	adcs	r1, r6
10004218:	4666      	mov	r6, ip
1000421a:	4335      	orrs	r5, r6
1000421c:	d101      	bne.n	10004222 <l17_1+0x4a>
1000421e:	0840      	lsrs	r0, r0, #1
10004220:	0040      	lsls	r0, r0, #1
10004222:	051b      	lsls	r3, r3, #20
10004224:	18c9      	adds	r1, r1, r3

10004226 <dm_2>:
10004226:	07e4      	lsls	r4, r4, #31
10004228:	4421      	add	r1, r4
1000422a:	bdf0      	pop	{r4, r5, r6, r7, pc}

1000422c <dm_0>:
1000422c:	da0b      	bge.n	10004246 <dm_1>
1000422e:	3301      	adds	r3, #1
10004230:	d106      	bne.n	10004240 <dm_0+0x14>
10004232:	3001      	adds	r0, #1
10004234:	d104      	bne.n	10004240 <dm_0+0x14>
10004236:	3101      	adds	r1, #1
10004238:	0d4f      	lsrs	r7, r1, #21
1000423a:	d001      	beq.n	10004240 <dm_0+0x14>
1000423c:	0849      	lsrs	r1, r1, #1
1000423e:	e7f2      	b.n	10004226 <dm_2>
10004240:	07e1      	lsls	r1, r4, #31
10004242:	2000      	movs	r0, #0
10004244:	bdf0      	pop	{r4, r5, r6, r7, pc}

10004246 <dm_1>:
10004246:	3601      	adds	r6, #1
10004248:	0531      	lsls	r1, r6, #20
1000424a:	2000      	movs	r0, #0
1000424c:	e7eb      	b.n	10004226 <dm_2>
1000424e:	0000      	.short	0x0000
10004250:	000003ff 	.word	0x000003ff

10004254 <ddiv_shim>:
10004254:	b5f0      	push	{r4, r5, r6, r7, lr}

10004256 <ddiv0>:
10004256:	0d1c      	lsrs	r4, r3, #20
10004258:	1e67      	subs	r7, r4, #1
1000425a:	053f      	lsls	r7, r7, #20
1000425c:	1bdb      	subs	r3, r3, r7
1000425e:	0ae7      	lsrs	r7, r4, #11
10004260:	0564      	lsls	r4, r4, #21
10004262:	0d64      	lsrs	r4, r4, #21
10004264:	d002      	beq.n	1000426c <l20_1>
10004266:	1c66      	adds	r6, r4, #1
10004268:	0af6      	lsrs	r6, r6, #11
1000426a:	d004      	beq.n	10004276 <l20_2>

1000426c <l20_1>:
1000426c:	2200      	movs	r2, #0
1000426e:	2301      	movs	r3, #1
10004270:	051b      	lsls	r3, r3, #20
10004272:	3c80      	subs	r4, #128	@ 0x80
10004274:	0324      	lsls	r4, r4, #12

10004276 <l20_2>:
10004276:	25d0      	movs	r5, #208	@ 0xd0
10004278:	062d      	lsls	r5, r5, #24
1000427a:	2600      	movs	r6, #0
1000427c:	43f6      	mvns	r6, r6
1000427e:	662e      	str	r6, [r5, #96]	@ 0x60
10004280:	091e      	lsrs	r6, r3, #4
10004282:	666e      	str	r6, [r5, #100]	@ 0x64
10004284:	0fce      	lsrs	r6, r1, #31
10004286:	19f6      	adds	r6, r6, r7
10004288:	46b4      	mov	ip, r6
1000428a:	0049      	lsls	r1, r1, #1
1000428c:	0d4f      	lsrs	r7, r1, #21
1000428e:	d002      	beq.n	10004296 <l20_2+0x20>
10004290:	1c7e      	adds	r6, r7, #1
10004292:	0af6      	lsrs	r6, r6, #11
10004294:	d003      	beq.n	1000429e <l20_2+0x28>
10004296:	2000      	movs	r0, #0
10004298:	2100      	movs	r1, #0
1000429a:	3f40      	subs	r7, #64	@ 0x40
1000429c:	033f      	lsls	r7, r7, #12
1000429e:	1b3e      	subs	r6, r7, r4
100042a0:	00b6      	lsls	r6, r6, #2
100042a2:	44b4      	add	ip, r6
100042a4:	3f01      	subs	r7, #1
100042a6:	057f      	lsls	r7, r7, #21
100042a8:	1bc9      	subs	r1, r1, r7
100042aa:	0849      	lsrs	r1, r1, #1
100042ac:	6f2e      	ldr	r6, [r5, #112]	@ 0x70
100042ae:	3601      	adds	r6, #1
100042b0:	0876      	lsrs	r6, r6, #1
100042b2:	029c      	lsls	r4, r3, #10
100042b4:	0d95      	lsrs	r5, r2, #22
100042b6:	4325      	orrs	r5, r4
100042b8:	4375      	muls	r5, r6
100042ba:	13ed      	asrs	r5, r5, #15
100042bc:	4375      	muls	r5, r6
100042be:	13ad      	asrs	r5, r5, #14
100042c0:	3501      	adds	r5, #1
100042c2:	106d      	asrs	r5, r5, #1
100042c4:	03f6      	lsls	r6, r6, #15
100042c6:	1b76      	subs	r6, r6, r5
100042c8:	b40c      	push	{r2, r3}
100042ca:	02cc      	lsls	r4, r1, #11
100042cc:	0d45      	lsrs	r5, r0, #21
100042ce:	432c      	orrs	r4, r5
100042d0:	b2a2      	uxth	r2, r4
100042d2:	b2b3      	uxth	r3, r6
100042d4:	435a      	muls	r2, r3
100042d6:	0c27      	lsrs	r7, r4, #16
100042d8:	437b      	muls	r3, r7
100042da:	0c35      	lsrs	r5, r6, #16
100042dc:	436f      	muls	r7, r5
100042de:	b2a4      	uxth	r4, r4
100042e0:	436c      	muls	r4, r5
100042e2:	191b      	adds	r3, r3, r4
100042e4:	d302      	bcc.n	100042ec <l21_1>
100042e6:	2401      	movs	r4, #1
100042e8:	0424      	lsls	r4, r4, #16
100042ea:	193f      	adds	r7, r7, r4

100042ec <l21_1>:
100042ec:	041c      	lsls	r4, r3, #16
100042ee:	0c1d      	lsrs	r5, r3, #16
100042f0:	18a4      	adds	r4, r4, r2
100042f2:	417d      	adcs	r5, r7
100042f4:	1924      	adds	r4, r4, r4
100042f6:	416d      	adcs	r5, r5
100042f8:	9a00      	ldr	r2, [sp, #0]
100042fa:	b291      	uxth	r1, r2
100042fc:	b2ac      	uxth	r4, r5
100042fe:	4361      	muls	r1, r4
10004300:	0c17      	lsrs	r7, r2, #16
10004302:	437c      	muls	r4, r7
10004304:	0c2b      	lsrs	r3, r5, #16
10004306:	435f      	muls	r7, r3
10004308:	b292      	uxth	r2, r2
1000430a:	435a      	muls	r2, r3
1000430c:	18a4      	adds	r4, r4, r2
1000430e:	d302      	bcc.n	10004316 <l22_1>
10004310:	2201      	movs	r2, #1
10004312:	0412      	lsls	r2, r2, #16
10004314:	18bf      	adds	r7, r7, r2

10004316 <l22_1>:
10004316:	0422      	lsls	r2, r4, #16
10004318:	0c23      	lsrs	r3, r4, #16
1000431a:	1852      	adds	r2, r2, r1
1000431c:	417b      	adcs	r3, r7
1000431e:	9c01      	ldr	r4, [sp, #4]
10004320:	436c      	muls	r4, r5
10004322:	191b      	adds	r3, r3, r4
10004324:	0e52      	lsrs	r2, r2, #25
10004326:	01d9      	lsls	r1, r3, #7
10004328:	430a      	orrs	r2, r1
1000432a:	0144      	lsls	r4, r0, #5
1000432c:	1aa0      	subs	r0, r4, r2
1000432e:	b281      	uxth	r1, r0
10004330:	b2b2      	uxth	r2, r6
10004332:	4351      	muls	r1, r2
10004334:	1403      	asrs	r3, r0, #16
10004336:	435a      	muls	r2, r3
10004338:	0c36      	lsrs	r6, r6, #16
1000433a:	4373      	muls	r3, r6
1000433c:	b287      	uxth	r7, r0
1000433e:	4377      	muls	r7, r6
10004340:	17d6      	asrs	r6, r2, #31
10004342:	19d2      	adds	r2, r2, r7
10004344:	2700      	movs	r7, #0
10004346:	417e      	adcs	r6, r7
10004348:	0436      	lsls	r6, r6, #16
1000434a:	199b      	adds	r3, r3, r6
1000434c:	0417      	lsls	r7, r2, #16
1000434e:	0c16      	lsrs	r6, r2, #16
10004350:	187f      	adds	r7, r7, r1
10004352:	415e      	adcs	r6, r3
10004354:	1673      	asrs	r3, r6, #25
10004356:	18ed      	adds	r5, r5, r3
10004358:	01f3      	lsls	r3, r6, #7
1000435a:	2600      	movs	r6, #0
1000435c:	3380      	adds	r3, #128	@ 0x80
1000435e:	4175      	adcs	r5, r6
10004360:	0fa9      	lsrs	r1, r5, #30
10004362:	d106      	bne.n	10004372 <dd_0>
10004364:	0064      	lsls	r4, r4, #1
10004366:	0a69      	lsrs	r1, r5, #9
10004368:	05e8      	lsls	r0, r5, #23
1000436a:	0a5b      	lsrs	r3, r3, #9
1000436c:	4318      	orrs	r0, r3
1000436e:	d209      	bcs.n	10004384 <dd_1>
10004370:	e02f      	b.n	100043d2 <dd_2>

10004372 <dd_0>:
10004372:	2204      	movs	r2, #4
10004374:	4494      	add	ip, r2
10004376:	3380      	adds	r3, #128	@ 0x80
10004378:	4175      	adcs	r5, r6
1000437a:	0aa9      	lsrs	r1, r5, #10
1000437c:	05a8      	lsls	r0, r5, #22
1000437e:	0a9b      	lsrs	r3, r3, #10
10004380:	4318      	orrs	r0, r3
10004382:	d326      	bcc.n	100043d2 <dd_2>

10004384 <dd_1>:
10004384:	4140      	adcs	r0, r0
10004386:	4149      	adcs	r1, r1
10004388:	0424      	lsls	r4, r4, #16
1000438a:	9a00      	ldr	r2, [sp, #0]
1000438c:	9b01      	ldr	r3, [sp, #4]
1000438e:	000d      	movs	r5, r1
10004390:	4355      	muls	r5, r2
10004392:	1b64      	subs	r4, r4, r5
10004394:	4343      	muls	r3, r0
10004396:	1ae4      	subs	r4, r4, r3
10004398:	b295      	uxth	r5, r2
1000439a:	b286      	uxth	r6, r0
1000439c:	4375      	muls	r5, r6
1000439e:	0c17      	lsrs	r7, r2, #16
100043a0:	437e      	muls	r6, r7
100043a2:	0c03      	lsrs	r3, r0, #16
100043a4:	435f      	muls	r7, r3
100043a6:	b292      	uxth	r2, r2
100043a8:	435a      	muls	r2, r3
100043aa:	18b6      	adds	r6, r6, r2
100043ac:	d302      	bcc.n	100043b4 <l24_1>
100043ae:	2201      	movs	r2, #1
100043b0:	0412      	lsls	r2, r2, #16
100043b2:	18bf      	adds	r7, r7, r2

100043b4 <l24_1>:
100043b4:	0432      	lsls	r2, r6, #16
100043b6:	0c33      	lsrs	r3, r6, #16
100043b8:	1952      	adds	r2, r2, r5
100043ba:	417b      	adcs	r3, r7
100043bc:	4252      	negs	r2, r2
100043be:	419c      	sbcs	r4, r3
100043c0:	2c00      	cmp	r4, #0
100043c2:	d402      	bmi.n	100043ca <l24_1+0x16>
100043c4:	2200      	movs	r2, #0
100043c6:	3001      	adds	r0, #1
100043c8:	4151      	adcs	r1, r2
100043ca:	0840      	lsrs	r0, r0, #1
100043cc:	07ca      	lsls	r2, r1, #31
100043ce:	4310      	orrs	r0, r2
100043d0:	0849      	lsrs	r1, r1, #1

100043d2 <dd_2>:
100043d2:	b002      	add	sp, #8
100043d4:	4662      	mov	r2, ip
100043d6:	07d7      	lsls	r7, r2, #31
100043d8:	1092      	asrs	r2, r2, #2
100043da:	4b08      	ldr	r3, [pc, #32]	@ (100043fc <dd_4+0x6>)
100043dc:	18d2      	adds	r2, r2, r3
100043de:	4b08      	ldr	r3, [pc, #32]	@ (10004400 <dd_4+0xa>)
100043e0:	429a      	cmp	r2, r3
100043e2:	d203      	bcs.n	100043ec <dd_3>
100043e4:	0512      	lsls	r2, r2, #20
100043e6:	1889      	adds	r1, r1, r2

100043e8 <dd_5>:
100043e8:	19c9      	adds	r1, r1, r7
100043ea:	bdf0      	pop	{r4, r5, r6, r7, pc}

100043ec <dd_3>:
100043ec:	2000      	movs	r0, #0
100043ee:	2a00      	cmp	r2, #0
100043f0:	dc01      	bgt.n	100043f6 <dd_4>
100043f2:	0039      	movs	r1, r7
100043f4:	bdf0      	pop	{r4, r5, r6, r7, pc}

100043f6 <dd_4>:
100043f6:	3301      	adds	r3, #1
100043f8:	0519      	lsls	r1, r3, #20
100043fa:	e7f5      	b.n	100043e8 <dd_5>
100043fc:	000003fd 	.word	0x000003fd
10004400:	000007fe 	.word	0x000007fe

10004404 <double2uint_shim>:
10004404:	2200      	movs	r2, #0

10004406 <double2ufix_shim>:
10004406:	b500      	push	{lr}
10004408:	3220      	adds	r2, #32
1000440a:	f000 f804 	bl	10004416 <double2ufix64_shim>
1000440e:	0008      	movs	r0, r1
10004410:	bd00      	pop	{pc}
	...

10004414 <double2uint64_shim>:
10004414:	2200      	movs	r2, #0

10004416 <double2ufix64_shim>:
10004416:	150b      	asrs	r3, r1, #20
10004418:	d40a      	bmi.n	10004430 <ret_dzero>

1000441a <d2fix>:
1000441a:	b510      	push	{r4, lr}
1000441c:	4694      	mov	ip, r2
1000441e:	f000 f831 	bl	10004484 <dunpacks>
10004422:	1414      	asrs	r4, r2, #16
10004424:	3401      	adds	r4, #1
10004426:	da00      	bge.n	1000442a <d2fix+0x10>
10004428:	2100      	movs	r1, #0
1000442a:	17cb      	asrs	r3, r1, #31
1000442c:	4c14      	ldr	r4, [pc, #80]	@ (10004480 <d2fix_a+0x4a>)
1000442e:	4720      	bx	r4

10004430 <ret_dzero>:
10004430:	2000      	movs	r0, #0
10004432:	2100      	movs	r1, #0
10004434:	4770      	bx	lr

10004436 <d2fix_a>:
10004436:	4462      	add	r2, ip
10004438:	3a34      	subs	r2, #52	@ 0x34
1000443a:	d40c      	bmi.n	10004456 <d2fix_a+0x20>
1000443c:	2a0c      	cmp	r2, #12
1000443e:	da07      	bge.n	10004450 <d2fix_a+0x1a>
10004440:	0004      	movs	r4, r0
10004442:	4091      	lsls	r1, r2
10004444:	4090      	lsls	r0, r2
10004446:	4252      	negs	r2, r2
10004448:	3220      	adds	r2, #32
1000444a:	40d4      	lsrs	r4, r2
1000444c:	4321      	orrs	r1, r4
1000444e:	bd10      	pop	{r4, pc}
10004450:	43d8      	mvns	r0, r3
10004452:	43d9      	mvns	r1, r3
10004454:	bd10      	pop	{r4, pc}
10004456:	3220      	adds	r2, #32
10004458:	d407      	bmi.n	1000446a <d2fix_a+0x34>
1000445a:	460c      	mov	r4, r1
1000445c:	4094      	lsls	r4, r2
1000445e:	4252      	negs	r2, r2
10004460:	3220      	adds	r2, #32
10004462:	4111      	asrs	r1, r2
10004464:	40d0      	lsrs	r0, r2
10004466:	4320      	orrs	r0, r4
10004468:	bd10      	pop	{r4, pc}
1000446a:	0008      	movs	r0, r1
1000446c:	17c9      	asrs	r1, r1, #31
1000446e:	3220      	adds	r2, #32
10004470:	d403      	bmi.n	1000447a <d2fix_a+0x44>
10004472:	4252      	negs	r2, r2
10004474:	3220      	adds	r2, #32
10004476:	4110      	asrs	r0, r2
10004478:	bd10      	pop	{r4, pc}
1000447a:	0018      	movs	r0, r3
1000447c:	0019      	movs	r1, r3
1000447e:	bd10      	pop	{r4, pc}
10004480:	10004437 	.word	0x10004437

10004484 <dunpacks>:
10004484:	0d0a      	lsrs	r2, r1, #20
10004486:	0fcc      	lsrs	r4, r1, #31
10004488:	1e53      	subs	r3, r2, #1
1000448a:	051b      	lsls	r3, r3, #20
1000448c:	1ac9      	subs	r1, r1, r3
1000448e:	0552      	lsls	r2, r2, #21
10004490:	d303      	bcc.n	1000449a <l60_1>
10004492:	43c9      	mvns	r1, r1
10004494:	4240      	negs	r0, r0
10004496:	d300      	bcc.n	1000449a <l60_1>
10004498:	3101      	adds	r1, #1

1000449a <l60_1>:
1000449a:	0d52      	lsrs	r2, r2, #21
1000449c:	d003      	beq.n	100044a6 <l60_2>
1000449e:	1c53      	adds	r3, r2, #1
100044a0:	0adb      	lsrs	r3, r3, #11
100044a2:	d007      	beq.n	100044b4 <l60_3>
100044a4:	1b12      	subs	r2, r2, r4

100044a6 <l60_2>:
100044a6:	2000      	movs	r0, #0
100044a8:	0064      	lsls	r4, r4, #1
100044aa:	1c61      	adds	r1, r4, #1
100044ac:	0789      	lsls	r1, r1, #30
100044ae:	1289      	asrs	r1, r1, #10
100044b0:	3a80      	subs	r2, #128	@ 0x80
100044b2:	0312      	lsls	r2, r2, #12

100044b4 <l60_3>:
100044b4:	4b01      	ldr	r3, [pc, #4]	@ (100044bc <l60_3+0x8>)
100044b6:	1ad2      	subs	r2, r2, r3
100044b8:	4770      	bx	lr
100044ba:	0000      	.short	0x0000
100044bc:	000003ff 	.word	0x000003ff

100044c0 <__wrap___aeabi_lmul>:
100044c0:	4351      	muls	r1, r2
100044c2:	4343      	muls	r3, r0
100044c4:	18c9      	adds	r1, r1, r3
100044c6:	468c      	mov	ip, r1
100044c8:	0c11      	lsrs	r1, r2, #16
100044ca:	b283      	uxth	r3, r0
100044cc:	434b      	muls	r3, r1
100044ce:	b410      	push	{r4}
100044d0:	0c04      	lsrs	r4, r0, #16
100044d2:	4361      	muls	r1, r4
100044d4:	b292      	uxth	r2, r2
100044d6:	b280      	uxth	r0, r0
100044d8:	4350      	muls	r0, r2
100044da:	4362      	muls	r2, r4
100044dc:	041c      	lsls	r4, r3, #16
100044de:	0c1b      	lsrs	r3, r3, #16
100044e0:	1900      	adds	r0, r0, r4
100044e2:	bc10      	pop	{r4}
100044e4:	4159      	adcs	r1, r3
100044e6:	0413      	lsls	r3, r2, #16
100044e8:	0c12      	lsrs	r2, r2, #16
100044ea:	18c0      	adds	r0, r0, r3
100044ec:	4151      	adcs	r1, r2
100044ee:	4461      	add	r1, ip
100044f0:	4770      	bx	lr
	...

100044f4 <__wrap___aeabi_frsub>:
100044f4:	4048      	eors	r0, r1
100044f6:	4041      	eors	r1, r0
100044f8:	4048      	eors	r0, r1

100044fa <__wrap___aeabi_fsub>:
100044fa:	2300      	movs	r3, #0
100044fc:	469c      	mov	ip, r3
100044fe:	4b11      	ldr	r3, [pc, #68]	@ (10004544 <__wrap___aeabi_fmul+0xa>)
10004500:	685b      	ldr	r3, [r3, #4]
10004502:	4718      	bx	r3

10004504 <__wrap___aeabi_fadd>:
10004504:	2300      	movs	r3, #0
10004506:	469c      	mov	ip, r3
10004508:	4b0e      	ldr	r3, [pc, #56]	@ (10004544 <__wrap___aeabi_fmul+0xa>)
1000450a:	681b      	ldr	r3, [r3, #0]
1000450c:	4718      	bx	r3

1000450e <__wrap___aeabi_fdiv>:
1000450e:	4a0e      	ldr	r2, [pc, #56]	@ (10004548 <__wrap___aeabi_fmul+0xe>)
10004510:	6f93      	ldr	r3, [r2, #120]	@ 0x78
10004512:	089b      	lsrs	r3, r3, #2
10004514:	d204      	bcs.n	10004520 <fdiv_save_state>

10004516 <fdiv_shim_call>:
10004516:	2300      	movs	r3, #0
10004518:	469c      	mov	ip, r3
1000451a:	4b0a      	ldr	r3, [pc, #40]	@ (10004544 <__wrap___aeabi_fmul+0xa>)
1000451c:	68db      	ldr	r3, [r3, #12]
1000451e:	4718      	bx	r3

10004520 <fdiv_save_state>:
10004520:	b5f0      	push	{r4, r5, r6, r7, lr}
10004522:	6e14      	ldr	r4, [r2, #96]	@ 0x60
10004524:	6e55      	ldr	r5, [r2, #100]	@ 0x64
10004526:	6f57      	ldr	r7, [r2, #116]	@ 0x74
10004528:	6f16      	ldr	r6, [r2, #112]	@ 0x70
1000452a:	f7ff fff4 	bl	10004516 <fdiv_shim_call>
1000452e:	4a06      	ldr	r2, [pc, #24]	@ (10004548 <__wrap___aeabi_fmul+0xe>)
10004530:	6614      	str	r4, [r2, #96]	@ 0x60
10004532:	6655      	str	r5, [r2, #100]	@ 0x64
10004534:	6757      	str	r7, [r2, #116]	@ 0x74
10004536:	6716      	str	r6, [r2, #112]	@ 0x70
10004538:	bdf0      	pop	{r4, r5, r6, r7, pc}

1000453a <__wrap___aeabi_fmul>:
1000453a:	2300      	movs	r3, #0
1000453c:	469c      	mov	ip, r3
1000453e:	4b01      	ldr	r3, [pc, #4]	@ (10004544 <__wrap___aeabi_fmul+0xa>)
10004540:	689b      	ldr	r3, [r3, #8]
10004542:	4718      	bx	r3
10004544:	200023cc 	.word	0x200023cc
10004548:	d0000000 	.word	0xd0000000

1000454c <__wrap___aeabi_cfrcmple>:
1000454c:	b507      	push	{r0, r1, r2, lr}
1000454e:	4048      	eors	r0, r1
10004550:	4041      	eors	r1, r0
10004552:	4048      	eors	r0, r1
10004554:	e001      	b.n	1000455a <__aeabi_cfcmple_guts>
10004556:	46c0      	nop			@ (mov r8, r8)

10004558 <__wrap___aeabi_cfcmpeq>:
10004558:	b507      	push	{r0, r1, r2, lr}

1000455a <__aeabi_cfcmple_guts>:
1000455a:	0042      	lsls	r2, r0, #1
1000455c:	0e12      	lsrs	r2, r2, #24
1000455e:	d003      	beq.n	10004568 <__aeabi_cfcmple_guts+0xe>
10004560:	2aff      	cmp	r2, #255	@ 0xff
10004562:	d103      	bne.n	1000456c <__aeabi_cfcmple_guts+0x12>
10004564:	0242      	lsls	r2, r0, #9
10004566:	d818      	bhi.n	1000459a <__aeabi_cfcmple_guts+0x40>
10004568:	0dc0      	lsrs	r0, r0, #23
1000456a:	05c0      	lsls	r0, r0, #23
1000456c:	004a      	lsls	r2, r1, #1
1000456e:	0e12      	lsrs	r2, r2, #24
10004570:	d003      	beq.n	1000457a <__aeabi_cfcmple_guts+0x20>
10004572:	2aff      	cmp	r2, #255	@ 0xff
10004574:	d103      	bne.n	1000457e <__aeabi_cfcmple_guts+0x24>
10004576:	024a      	lsls	r2, r1, #9
10004578:	d80f      	bhi.n	1000459a <__aeabi_cfcmple_guts+0x40>
1000457a:	0dc9      	lsrs	r1, r1, #23
1000457c:	05c9      	lsls	r1, r1, #23
1000457e:	2201      	movs	r2, #1
10004580:	4041      	eors	r1, r0
10004582:	d405      	bmi.n	10004590 <__aeabi_cfcmple_guts+0x36>
10004584:	4041      	eors	r1, r0
10004586:	d501      	bpl.n	1000458c <__aeabi_cfcmple_guts+0x32>
10004588:	4281      	cmp	r1, r0
1000458a:	bd07      	pop	{r0, r1, r2, pc}
1000458c:	4288      	cmp	r0, r1
1000458e:	bd07      	pop	{r0, r1, r2, pc}
10004590:	4301      	orrs	r1, r0
10004592:	1849      	adds	r1, r1, r1
10004594:	d001      	beq.n	1000459a <__aeabi_cfcmple_guts+0x40>
10004596:	43c0      	mvns	r0, r0
10004598:	1800      	adds	r0, r0, r0
1000459a:	bd07      	pop	{r0, r1, r2, pc}

1000459c <__wrap___aeabi_fcmpeq>:
1000459c:	b500      	push	{lr}
1000459e:	f7ff ffdb 	bl	10004558 <__wrap___aeabi_cfcmpeq>
100045a2:	d001      	beq.n	100045a8 <__wrap___aeabi_fcmpeq+0xc>
100045a4:	2000      	movs	r0, #0
100045a6:	bd00      	pop	{pc}
100045a8:	2001      	movs	r0, #1
100045aa:	bd00      	pop	{pc}

100045ac <__wrap___aeabi_i2f>:
100045ac:	0fc1      	lsrs	r1, r0, #31
100045ae:	07c9      	lsls	r1, r1, #31
100045b0:	d500      	bpl.n	100045b4 <__wrap___aeabi_i2f+0x8>
100045b2:	4240      	negs	r0, r0
100045b4:	2800      	cmp	r0, #0
100045b6:	d017      	beq.n	100045e8 <__aeabi_i2f_main+0x30>

100045b8 <__aeabi_i2f_main>:
100045b8:	46f4      	mov	ip, lr
100045ba:	b403      	push	{r0, r1}
100045bc:	4b0b      	ldr	r3, [pc, #44]	@ (100045ec <__aeabi_i2f_main+0x34>)
100045be:	681b      	ldr	r3, [r3, #0]
100045c0:	4798      	blx	r3
100045c2:	bc06      	pop	{r1, r2}
100045c4:	4081      	lsls	r1, r0
100045c6:	389e      	subs	r0, #158	@ 0x9e
100045c8:	4240      	negs	r0, r0
100045ca:	3180      	adds	r1, #128	@ 0x80
100045cc:	d207      	bcs.n	100045de <__aeabi_i2f_main+0x26>
100045ce:	060b      	lsls	r3, r1, #24
100045d0:	d007      	beq.n	100045e2 <__aeabi_i2f_main+0x2a>
100045d2:	0049      	lsls	r1, r1, #1
100045d4:	0a49      	lsrs	r1, r1, #9
100045d6:	05c0      	lsls	r0, r0, #23
100045d8:	4310      	orrs	r0, r2
100045da:	4308      	orrs	r0, r1
100045dc:	4760      	bx	ip
100045de:	3001      	adds	r0, #1
100045e0:	e7f8      	b.n	100045d4 <__aeabi_i2f_main+0x1c>
100045e2:	0a49      	lsrs	r1, r1, #9
100045e4:	0289      	lsls	r1, r1, #10
100045e6:	e7f5      	b.n	100045d4 <__aeabi_i2f_main+0x1c>
100045e8:	4770      	bx	lr
100045ea:	0000      	.short	0x0000
100045ec:	200023c8 	.word	0x200023c8
100045f0:	4a05      	ldr	r2, [pc, #20]	@ (10004608 <__wrap___aeabi_l2f+0x14>)
100045f2:	4710      	bx	r2

100045f4 <__wrap___aeabi_l2f>:
100045f4:	17c2      	asrs	r2, r0, #31
100045f6:	4291      	cmp	r1, r2
100045f8:	d0fa      	beq.n	100045f0 <__aeabi_i2f_main+0x38>
100045fa:	4b04      	ldr	r3, [pc, #16]	@ (1000460c <__wrap___aeabi_l2f+0x18>)
100045fc:	6ddb      	ldr	r3, [r3, #92]	@ 0x5c
100045fe:	46fc      	mov	ip, pc
10004600:	4718      	bx	r3
10004602:	df5c      	.short	0xdf5c
10004604:	100047a3 	.word	0x100047a3
10004608:	100045ad 	.word	0x100045ad
1000460c:	200023cc 	.word	0x200023cc

10004610 <__wrap___aeabi_f2lz>:
10004610:	42c0      	cmn	r0, r0
10004612:	d311      	bcc.n	10004638 <float2int64>
10004614:	b500      	push	{lr}
10004616:	0040      	lsls	r0, r0, #1
10004618:	0840      	lsrs	r0, r0, #1
1000461a:	2100      	movs	r1, #0
1000461c:	f000 f816 	bl	1000464c <float2ufix64>
10004620:	2900      	cmp	r1, #0
10004622:	d404      	bmi.n	1000462e <__wrap___aeabi_f2lz+0x1e>
10004624:	2200      	movs	r2, #0
10004626:	4240      	negs	r0, r0
10004628:	418a      	sbcs	r2, r1
1000462a:	4611      	mov	r1, r2
1000462c:	bd00      	pop	{pc}
1000462e:	2180      	movs	r1, #128	@ 0x80
10004630:	0609      	lsls	r1, r1, #24
10004632:	2000      	movs	r0, #0
10004634:	bd00      	pop	{pc}
	...

10004638 <float2int64>:
10004638:	4b03      	ldr	r3, [pc, #12]	@ (10004648 <float2int64+0x10>)
1000463a:	6edb      	ldr	r3, [r3, #108]	@ 0x6c
1000463c:	46fc      	mov	ip, pc
1000463e:	4718      	bx	r3
10004640:	47d5df6c 	.word	0x47d5df6c
10004644:	00001000 	.word	0x00001000
10004648:	200023cc 	.word	0x200023cc

1000464c <float2ufix64>:
1000464c:	4b03      	ldr	r3, [pc, #12]	@ (1000465c <float2ufix64+0x10>)
1000464e:	6f9b      	ldr	r3, [r3, #120]	@ 0x78
10004650:	46fc      	mov	ip, pc
10004652:	4718      	bx	r3
10004654:	47e1df78 	.word	0x47e1df78
10004658:	00001000 	.word	0x00001000
1000465c:	200023cc 	.word	0x200023cc

10004660 <__aeabi_float_init>:
10004660:	b570      	push	{r4, r5, r6, lr}
10004662:	2313      	movs	r3, #19
10004664:	781e      	ldrb	r6, [r3, #0]
10004666:	482a      	ldr	r0, [pc, #168]	@ (10004710 <__aeabi_float_init+0xb0>)
10004668:	f7ff f896 	bl	10003798 <rom_data_lookup>
1000466c:	0005      	movs	r5, r0
1000466e:	2e01      	cmp	r6, #1
10004670:	d011      	beq.n	10004696 <__aeabi_float_init+0x36>
10004672:	2e01      	cmp	r6, #1
10004674:	dd09      	ble.n	1000468a <__aeabi_float_init+0x2a>
10004676:	1eab      	subs	r3, r5, #2
10004678:	781b      	ldrb	r3, [r3, #0]
1000467a:	009b      	lsls	r3, r3, #2
1000467c:	2b7f      	cmp	r3, #127	@ 0x7f
1000467e:	dd40      	ble.n	10004702 <__aeabi_float_init+0xa2>
10004680:	4824      	ldr	r0, [pc, #144]	@ (10004714 <__aeabi_float_init+0xb4>)
10004682:	2280      	movs	r2, #128	@ 0x80
10004684:	0029      	movs	r1, r5
10004686:	f000 f90b 	bl	100048a0 <__wrap___aeabi_memcpy>
1000468a:	4823      	ldr	r0, [pc, #140]	@ (10004718 <__aeabi_float_init+0xb8>)
1000468c:	f7ff f87c 	bl	10003788 <rom_func_lookup>
10004690:	4b22      	ldr	r3, [pc, #136]	@ (1000471c <__aeabi_float_init+0xbc>)
10004692:	6018      	str	r0, [r3, #0]
10004694:	bd70      	pop	{r4, r5, r6, pc}
10004696:	481f      	ldr	r0, [pc, #124]	@ (10004714 <__aeabi_float_init+0xb4>)
10004698:	2254      	movs	r2, #84	@ 0x54
1000469a:	0029      	movs	r1, r5
1000469c:	f000 f900 	bl	100048a0 <__wrap___aeabi_memcpy>
100046a0:	4b1f      	ldr	r3, [pc, #124]	@ (10004720 <__aeabi_float_init+0xc0>)
100046a2:	881a      	ldrh	r2, [r3, #0]
100046a4:	4b1f      	ldr	r3, [pc, #124]	@ (10004724 <__aeabi_float_init+0xc4>)
100046a6:	429a      	cmp	r2, r3
100046a8:	d11c      	bne.n	100046e4 <__aeabi_float_init+0x84>
100046aa:	23a7      	movs	r3, #167	@ 0xa7
100046ac:	019b      	lsls	r3, r3, #6
100046ae:	881a      	ldrh	r2, [r3, #0]
100046b0:	4b1d      	ldr	r3, [pc, #116]	@ (10004728 <__aeabi_float_init+0xc8>)
100046b2:	429a      	cmp	r2, r3
100046b4:	d116      	bne.n	100046e4 <__aeabi_float_init+0x84>
100046b6:	4b1d      	ldr	r3, [pc, #116]	@ (1000472c <__aeabi_float_init+0xcc>)
100046b8:	881a      	ldrh	r2, [r3, #0]
100046ba:	4b1d      	ldr	r3, [pc, #116]	@ (10004730 <__aeabi_float_init+0xd0>)
100046bc:	429a      	cmp	r2, r3
100046be:	d111      	bne.n	100046e4 <__aeabi_float_init+0x84>
100046c0:	4b1c      	ldr	r3, [pc, #112]	@ (10004734 <__aeabi_float_init+0xd4>)
100046c2:	881a      	ldrh	r2, [r3, #0]
100046c4:	2394      	movs	r3, #148	@ 0x94
100046c6:	019b      	lsls	r3, r3, #6
100046c8:	429a      	cmp	r2, r3
100046ca:	d10b      	bne.n	100046e4 <__aeabi_float_init+0x84>
100046cc:	4b1a      	ldr	r3, [pc, #104]	@ (10004738 <__aeabi_float_init+0xd8>)
100046ce:	881a      	ldrh	r2, [r3, #0]
100046d0:	4b1a      	ldr	r3, [pc, #104]	@ (1000473c <__aeabi_float_init+0xdc>)
100046d2:	429a      	cmp	r2, r3
100046d4:	d106      	bne.n	100046e4 <__aeabi_float_init+0x84>
100046d6:	4b1a      	ldr	r3, [pc, #104]	@ (10004740 <__aeabi_float_init+0xe0>)
100046d8:	681a      	ldr	r2, [r3, #0]
100046da:	4b1a      	ldr	r3, [pc, #104]	@ (10004744 <__aeabi_float_init+0xe4>)
100046dc:	429a      	cmp	r2, r3
100046de:	d101      	bne.n	100046e4 <__aeabi_float_init+0x84>
100046e0:	2315      	movs	r3, #21
100046e2:	e007      	b.n	100046f4 <__aeabi_float_init+0x94>
100046e4:	4818      	ldr	r0, [pc, #96]	@ (10004748 <__aeabi_float_init+0xe8>)
100046e6:	f7fd fd83 	bl	100021f0 <panic>
100046ea:	4c18      	ldr	r4, [pc, #96]	@ (1000474c <__aeabi_float_init+0xec>)
100046ec:	4a09      	ldr	r2, [pc, #36]	@ (10004714 <__aeabi_float_init+0xb4>)
100046ee:	0099      	lsls	r1, r3, #2
100046f0:	508c      	str	r4, [r1, r2]
100046f2:	3301      	adds	r3, #1
100046f4:	2b1f      	cmp	r3, #31
100046f6:	d9f8      	bls.n	100046ea <__aeabi_float_init+0x8a>
100046f8:	4b14      	ldr	r3, [pc, #80]	@ (1000474c <__aeabi_float_init+0xec>)
100046fa:	4a06      	ldr	r2, [pc, #24]	@ (10004714 <__aeabi_float_init+0xb4>)
100046fc:	6213      	str	r3, [r2, #32]
100046fe:	61d3      	str	r3, [r2, #28]
10004700:	e7b7      	b.n	10004672 <__aeabi_float_init+0x12>
10004702:	4b13      	ldr	r3, [pc, #76]	@ (10004750 <__aeabi_float_init+0xf0>)
10004704:	4a13      	ldr	r2, [pc, #76]	@ (10004754 <__aeabi_float_init+0xf4>)
10004706:	4814      	ldr	r0, [pc, #80]	@ (10004758 <__aeabi_float_init+0xf8>)
10004708:	2142      	movs	r1, #66	@ 0x42
1000470a:	f001 f9d1 	bl	10005ab0 <__assert_func>
1000470e:	46c0      	nop			@ (mov r8, r8)
10004710:	00004653 	.word	0x00004653
10004714:	200023cc 	.word	0x200023cc
10004718:	0000334c 	.word	0x0000334c
1000471c:	200023c8 	.word	0x200023c8
10004720:	000029ee 	.word	0x000029ee
10004724:	00000fc4 	.word	0x00000fc4
10004728:	00000dc2 	.word	0x00000dc2
1000472c:	00002b96 	.word	0x00002b96
10004730:	0000b5c0 	.word	0x0000b5c0
10004734:	00002b18 	.word	0x00002b18
10004738:	00002acc 	.word	0x00002acc
1000473c:	0000b510 	.word	0x0000b510
10004740:	00002cfc 	.word	0x00002cfc
10004744:	6487ed51 	.word	0x6487ed51
10004748:	10008ef0 	.word	0x10008ef0
1000474c:	1000475d 	.word	0x1000475d
10004750:	1000961c 	.word	0x1000961c
10004754:	1000a06c 	.word	0x1000a06c
10004758:	10009650 	.word	0x10009650

1000475c <float_table_shim_on_use_helper>:
1000475c:	b507      	push	{r0, r1, r2, lr}
1000475e:	4660      	mov	r0, ip
10004760:	2800      	cmp	r0, #0
10004762:	d100      	bne.n	10004766 <float_table_shim_on_use_helper+0xa>
10004764:	be00      	bkpt	0x0000
10004766:	8801      	ldrh	r1, [r0, #0]
10004768:	0a0a      	lsrs	r2, r1, #8
1000476a:	3002      	adds	r0, #2
1000476c:	2adf      	cmp	r2, #223	@ 0xdf
1000476e:	d1fa      	bne.n	10004766 <float_table_shim_on_use_helper+0xa>
10004770:	b2c9      	uxtb	r1, r1
10004772:	0882      	lsrs	r2, r0, #2
10004774:	d304      	bcc.n	10004780 <float_table_shim_on_use_helper+0x24>
10004776:	8802      	ldrh	r2, [r0, #0]
10004778:	8840      	ldrh	r0, [r0, #2]
1000477a:	0400      	lsls	r0, r0, #16
1000477c:	4310      	orrs	r0, r2
1000477e:	e000      	b.n	10004782 <float_table_shim_on_use_helper+0x26>
10004780:	6800      	ldr	r0, [r0, #0]
10004782:	4a02      	ldr	r2, [pc, #8]	@ (1000478c <float_table_shim_on_use_helper+0x30>)
10004784:	5050      	str	r0, [r2, r1]
10004786:	9003      	str	r0, [sp, #12]
10004788:	bd07      	pop	{r0, r1, r2, pc}
1000478a:	0000      	.short	0x0000
1000478c:	200023cc 	.word	0x200023cc

10004790 <uint642float_shim>:
10004790:	2200      	movs	r2, #0

10004792 <ufix642float_shim>:
10004792:	b530      	push	{r4, r5, lr}
10004794:	2900      	cmp	r1, #0
10004796:	d506      	bpl.n	100047a6 <fix642float_shim+0x2>
10004798:	07cd      	lsls	r5, r1, #31
1000479a:	4305      	orrs	r5, r0
1000479c:	0848      	lsrs	r0, r1, #1
1000479e:	3a01      	subs	r2, #1
100047a0:	e010      	b.n	100047c4 <fix642float_shim+0x20>

100047a2 <int642float_shim>:
100047a2:	2200      	movs	r2, #0

100047a4 <fix642float_shim>:
100047a4:	b530      	push	{r4, r5, lr}
100047a6:	0005      	movs	r5, r0
100047a8:	430d      	orrs	r5, r1
100047aa:	d00f      	beq.n	100047cc <ret_pop45>
100047ac:	17cd      	asrs	r5, r1, #31
100047ae:	160c      	asrs	r4, r1, #24
100047b0:	42ac      	cmp	r4, r5
100047b2:	d105      	bne.n	100047c0 <fix642float_shim+0x1c>
100047b4:	01c9      	lsls	r1, r1, #7
100047b6:	0e44      	lsrs	r4, r0, #25
100047b8:	4321      	orrs	r1, r4
100047ba:	01c0      	lsls	r0, r0, #7
100047bc:	3207      	adds	r2, #7
100047be:	e7f6      	b.n	100047ae <fix642float_shim+0xa>
100047c0:	0005      	movs	r5, r0
100047c2:	0008      	movs	r0, r1
100047c4:	4252      	negs	r2, r2
100047c6:	323d      	adds	r2, #61	@ 0x3d
100047c8:	4901      	ldr	r1, [pc, #4]	@ (100047d0 <ret_pop45+0x4>)
100047ca:	4788      	blx	r1

100047cc <ret_pop45>:
100047cc:	bd30      	pop	{r4, r5, pc}
100047ce:	0000      	.short	0x0000
100047d0:	000029ef 	.word	0x000029ef

100047d4 <float2int64_shim>:
100047d4:	2100      	movs	r1, #0

100047d6 <float2fix64_shim>:
100047d6:	b500      	push	{lr}
100047d8:	f000 f804 	bl	100047e4 <f2fix>
100047dc:	e045      	b.n	1000486a <d2f64_a>

100047de <float2uint64_shim>:
100047de:	2100      	movs	r1, #0

100047e0 <float2ufix64_shim>:
100047e0:	15c3      	asrs	r3, r0, #23
100047e2:	d418      	bmi.n	10004816 <ret_dzero>

100047e4 <f2fix>:
100047e4:	b510      	push	{r4, lr}
100047e6:	468c      	mov	ip, r1
100047e8:	17c3      	asrs	r3, r0, #31
100047ea:	0040      	lsls	r0, r0, #1
100047ec:	0e02      	lsrs	r2, r0, #24
100047ee:	d00b      	beq.n	10004808 <f2fix+0x24>
100047f0:	2aff      	cmp	r2, #255	@ 0xff
100047f2:	d00d      	beq.n	10004810 <f2fix+0x2c>
100047f4:	1e51      	subs	r1, r2, #1
100047f6:	3a7f      	subs	r2, #127	@ 0x7f
100047f8:	0609      	lsls	r1, r1, #24
100047fa:	1a40      	subs	r0, r0, r1
100047fc:	4058      	eors	r0, r3
100047fe:	1ac0      	subs	r0, r0, r3
10004800:	1101      	asrs	r1, r0, #4
10004802:	0700      	lsls	r0, r0, #28
10004804:	4c05      	ldr	r4, [pc, #20]	@ (1000481c <ret_dzero+0x6>)
10004806:	4720      	bx	r4
10004808:	2000      	movs	r0, #0
1000480a:	0001      	movs	r1, r0
1000480c:	0003      	movs	r3, r0
1000480e:	bd10      	pop	{r4, pc}
10004810:	43d8      	mvns	r0, r3
10004812:	43d9      	mvns	r1, r3
10004814:	bd10      	pop	{r4, pc}

10004816 <ret_dzero>:
10004816:	2000      	movs	r0, #0
10004818:	2100      	movs	r1, #0
1000481a:	4770      	bx	lr
1000481c:	10004437 	.word	0x10004437
10004820:	4462      	add	r2, ip
10004822:	3a34      	subs	r2, #52	@ 0x34
10004824:	d40c      	bmi.n	10004840 <ret_dzero+0x2a>
10004826:	2a0c      	cmp	r2, #12
10004828:	da07      	bge.n	1000483a <ret_dzero+0x24>
1000482a:	0004      	movs	r4, r0
1000482c:	4091      	lsls	r1, r2
1000482e:	4090      	lsls	r0, r2
10004830:	4252      	negs	r2, r2
10004832:	3220      	adds	r2, #32
10004834:	40d4      	lsrs	r4, r2
10004836:	4321      	orrs	r1, r4
10004838:	bd10      	pop	{r4, pc}
1000483a:	43d8      	mvns	r0, r3
1000483c:	43d9      	mvns	r1, r3
1000483e:	bd10      	pop	{r4, pc}
10004840:	3220      	adds	r2, #32
10004842:	d407      	bmi.n	10004854 <ret_dzero+0x3e>
10004844:	460c      	mov	r4, r1
10004846:	4094      	lsls	r4, r2
10004848:	4252      	negs	r2, r2
1000484a:	3220      	adds	r2, #32
1000484c:	4111      	asrs	r1, r2
1000484e:	40d0      	lsrs	r0, r2
10004850:	4320      	orrs	r0, r4
10004852:	bd10      	pop	{r4, pc}
10004854:	0008      	movs	r0, r1
10004856:	17c9      	asrs	r1, r1, #31
10004858:	3220      	adds	r2, #32
1000485a:	d403      	bmi.n	10004864 <ret_dzero+0x4e>
1000485c:	4252      	negs	r2, r2
1000485e:	3220      	adds	r2, #32
10004860:	4110      	asrs	r0, r2
10004862:	bd10      	pop	{r4, pc}
10004864:	0018      	movs	r0, r3
10004866:	0019      	movs	r1, r3
10004868:	bd10      	pop	{r4, pc}

1000486a <d2f64_a>:
1000486a:	17ca      	asrs	r2, r1, #31
1000486c:	429a      	cmp	r2, r3
1000486e:	d100      	bne.n	10004872 <d2f64_a+0x8>
10004870:	bd00      	pop	{pc}
10004872:	43d8      	mvns	r0, r3
10004874:	2101      	movs	r1, #1
10004876:	07c9      	lsls	r1, r1, #31
10004878:	4041      	eors	r1, r0
1000487a:	bd00      	pop	{pc}

1000487c <__wrap_free>:
1000487c:	b510      	push	{r4, lr}
1000487e:	f004 f8a9 	bl	100089d4 <free>
10004882:	bd10      	pop	{r4, pc}

10004884 <__aeabi_mem_init>:
10004884:	4801      	ldr	r0, [pc, #4]	@ (1000488c <__aeabi_mem_init+0x8>)
10004886:	2104      	movs	r1, #4
10004888:	4b01      	ldr	r3, [pc, #4]	@ (10004890 <__aeabi_mem_init+0xc>)
1000488a:	4718      	bx	r3
1000488c:	20000d40 	.word	0x20000d40
10004890:	100037a9 	.word	0x100037a9

10004894 <__wrap_memset>:
10004894:	4b01      	ldr	r3, [pc, #4]	@ (1000489c <__wrap_memset+0x8>)
10004896:	681b      	ldr	r3, [r3, #0]
10004898:	4718      	bx	r3
1000489a:	0000      	.short	0x0000
1000489c:	20000d40 	.word	0x20000d40

100048a0 <__wrap___aeabi_memcpy>:
100048a0:	4b01      	ldr	r3, [pc, #4]	@ (100048a8 <__wrap___aeabi_memcpy+0x8>)
100048a2:	685b      	ldr	r3, [r3, #4]
100048a4:	4718      	bx	r3
100048a6:	0000      	.short	0x0000
100048a8:	20000d40 	.word	0x20000d40

100048ac <_ZdlPvj>:
100048ac:	b510      	push	{r4, lr}
100048ae:	f7ff ffe5 	bl	1000487c <__wrap_free>
100048b2:	bd10      	pop	{r4, pc}

100048b4 <_out_null>:
100048b4:	4770      	bx	lr

100048b6 <_out_fct>:
100048b6:	b510      	push	{r4, lr}
100048b8:	2800      	cmp	r0, #0
100048ba:	d002      	beq.n	100048c2 <_out_fct+0xc>
100048bc:	680b      	ldr	r3, [r1, #0]
100048be:	6849      	ldr	r1, [r1, #4]
100048c0:	4798      	blx	r3
100048c2:	bd10      	pop	{r4, pc}

100048c4 <_atoi>:
100048c4:	0001      	movs	r1, r0
100048c6:	2000      	movs	r0, #0
100048c8:	e007      	b.n	100048da <_atoi+0x16>
100048ca:	0083      	lsls	r3, r0, #2
100048cc:	181b      	adds	r3, r3, r0
100048ce:	005b      	lsls	r3, r3, #1
100048d0:	1c50      	adds	r0, r2, #1
100048d2:	6008      	str	r0, [r1, #0]
100048d4:	7810      	ldrb	r0, [r2, #0]
100048d6:	18c0      	adds	r0, r0, r3
100048d8:	3830      	subs	r0, #48	@ 0x30
100048da:	680a      	ldr	r2, [r1, #0]
100048dc:	7813      	ldrb	r3, [r2, #0]
100048de:	3b30      	subs	r3, #48	@ 0x30
100048e0:	b2db      	uxtb	r3, r3
100048e2:	2b09      	cmp	r3, #9
100048e4:	d9f1      	bls.n	100048ca <_atoi+0x6>
100048e6:	4770      	bx	lr

100048e8 <_out_rev>:
100048e8:	b5f0      	push	{r4, r5, r6, r7, lr}
100048ea:	46de      	mov	lr, fp
100048ec:	4657      	mov	r7, sl
100048ee:	464e      	mov	r6, r9
100048f0:	4645      	mov	r5, r8
100048f2:	b5e0      	push	{r5, r6, r7, lr}
100048f4:	b083      	sub	sp, #12
100048f6:	4693      	mov	fp, r2
100048f8:	001f      	movs	r7, r3
100048fa:	9b0c      	ldr	r3, [sp, #48]	@ 0x30
100048fc:	469a      	mov	sl, r3
100048fe:	9c0d      	ldr	r4, [sp, #52]	@ 0x34
10004900:	9b0e      	ldr	r3, [sp, #56]	@ 0x38
10004902:	4699      	mov	r9, r3
10004904:	9b0f      	ldr	r3, [sp, #60]	@ 0x3c
10004906:	079b      	lsls	r3, r3, #30
10004908:	d003      	beq.n	10004912 <_out_rev+0x2a>
1000490a:	46b8      	mov	r8, r7
1000490c:	000f      	movs	r7, r1
1000490e:	0006      	movs	r6, r0
10004910:	e022      	b.n	10004958 <_out_rev+0x70>
10004912:	9201      	str	r2, [sp, #4]
10004914:	46a3      	mov	fp, r4
10004916:	4688      	mov	r8, r1
10004918:	464e      	mov	r6, r9
1000491a:	46b9      	mov	r9, r7
1000491c:	0007      	movs	r7, r0
1000491e:	42b4      	cmp	r4, r6
10004920:	d207      	bcs.n	10004932 <_out_rev+0x4a>
10004922:	1c55      	adds	r5, r2, #1
10004924:	464b      	mov	r3, r9
10004926:	4641      	mov	r1, r8
10004928:	2020      	movs	r0, #32
1000492a:	47b8      	blx	r7
1000492c:	3401      	adds	r4, #1
1000492e:	002a      	movs	r2, r5
10004930:	e7f5      	b.n	1000491e <_out_rev+0x36>
10004932:	003d      	movs	r5, r7
10004934:	464f      	mov	r7, r9
10004936:	465c      	mov	r4, fp
10004938:	9b01      	ldr	r3, [sp, #4]
1000493a:	469b      	mov	fp, r3
1000493c:	46b1      	mov	r9, r6
1000493e:	4646      	mov	r6, r8
10004940:	46b8      	mov	r8, r7
10004942:	0037      	movs	r7, r6
10004944:	002e      	movs	r6, r5
10004946:	e007      	b.n	10004958 <_out_rev+0x70>
10004948:	3c01      	subs	r4, #1
1000494a:	1c55      	adds	r5, r2, #1
1000494c:	4653      	mov	r3, sl
1000494e:	5d18      	ldrb	r0, [r3, r4]
10004950:	4643      	mov	r3, r8
10004952:	0039      	movs	r1, r7
10004954:	47b0      	blx	r6
10004956:	002a      	movs	r2, r5
10004958:	2c00      	cmp	r4, #0
1000495a:	d1f5      	bne.n	10004948 <_out_rev+0x60>
1000495c:	0035      	movs	r5, r6
1000495e:	003e      	movs	r6, r7
10004960:	4647      	mov	r7, r8
10004962:	9b0f      	ldr	r3, [sp, #60]	@ 0x3c
10004964:	079b      	lsls	r3, r3, #30
10004966:	d407      	bmi.n	10004978 <_out_rev+0x90>
10004968:	0010      	movs	r0, r2
1000496a:	b003      	add	sp, #12
1000496c:	bcf0      	pop	{r4, r5, r6, r7}
1000496e:	46bb      	mov	fp, r7
10004970:	46b2      	mov	sl, r6
10004972:	46a9      	mov	r9, r5
10004974:	46a0      	mov	r8, r4
10004976:	bdf0      	pop	{r4, r5, r6, r7, pc}
10004978:	46b0      	mov	r8, r6
1000497a:	464e      	mov	r6, r9
1000497c:	46b9      	mov	r9, r7
1000497e:	002f      	movs	r7, r5
10004980:	465d      	mov	r5, fp
10004982:	1b53      	subs	r3, r2, r5
10004984:	42b3      	cmp	r3, r6
10004986:	d2ef      	bcs.n	10004968 <_out_rev+0x80>
10004988:	1c54      	adds	r4, r2, #1
1000498a:	464b      	mov	r3, r9
1000498c:	4641      	mov	r1, r8
1000498e:	2020      	movs	r0, #32
10004990:	47b8      	blx	r7
10004992:	0022      	movs	r2, r4
10004994:	e7f5      	b.n	10004982 <_out_rev+0x9a>

10004996 <_ntoa_format>:
10004996:	b5f0      	push	{r4, r5, r6, r7, lr}
10004998:	46ce      	mov	lr, r9
1000499a:	4647      	mov	r7, r8
1000499c:	b580      	push	{r7, lr}
1000499e:	b085      	sub	sp, #20
100049a0:	4694      	mov	ip, r2
100049a2:	4698      	mov	r8, r3
100049a4:	9d0c      	ldr	r5, [sp, #48]	@ 0x30
100049a6:	9c0d      	ldr	r4, [sp, #52]	@ 0x34
100049a8:	ab0e      	add	r3, sp, #56	@ 0x38
100049aa:	781b      	ldrb	r3, [r3, #0]
100049ac:	4699      	mov	r9, r3
100049ae:	9a10      	ldr	r2, [sp, #64]	@ 0x40
100049b0:	9b11      	ldr	r3, [sp, #68]	@ 0x44
100049b2:	9e12      	ldr	r6, [sp, #72]	@ 0x48
100049b4:	07b7      	lsls	r7, r6, #30
100049b6:	d41c      	bmi.n	100049f2 <_ntoa_format+0x5c>
100049b8:	2b00      	cmp	r3, #0
100049ba:	d00c      	beq.n	100049d6 <_ntoa_format+0x40>
100049bc:	07f7      	lsls	r7, r6, #31
100049be:	d50a      	bpl.n	100049d6 <_ntoa_format+0x40>
100049c0:	464f      	mov	r7, r9
100049c2:	2f00      	cmp	r7, #0
100049c4:	d102      	bne.n	100049cc <_ntoa_format+0x36>
100049c6:	370c      	adds	r7, #12
100049c8:	4237      	tst	r7, r6
100049ca:	d004      	beq.n	100049d6 <_ntoa_format+0x40>
100049cc:	3b01      	subs	r3, #1
100049ce:	e002      	b.n	100049d6 <_ntoa_format+0x40>
100049d0:	2730      	movs	r7, #48	@ 0x30
100049d2:	552f      	strb	r7, [r5, r4]
100049d4:	3401      	adds	r4, #1
100049d6:	4294      	cmp	r4, r2
100049d8:	d201      	bcs.n	100049de <_ntoa_format+0x48>
100049da:	2c1f      	cmp	r4, #31
100049dc:	d9f8      	bls.n	100049d0 <_ntoa_format+0x3a>
100049de:	07f7      	lsls	r7, r6, #31
100049e0:	d507      	bpl.n	100049f2 <_ntoa_format+0x5c>
100049e2:	429c      	cmp	r4, r3
100049e4:	d205      	bcs.n	100049f2 <_ntoa_format+0x5c>
100049e6:	2c1f      	cmp	r4, #31
100049e8:	d803      	bhi.n	100049f2 <_ntoa_format+0x5c>
100049ea:	2730      	movs	r7, #48	@ 0x30
100049ec:	552f      	strb	r7, [r5, r4]
100049ee:	3401      	adds	r4, #1
100049f0:	e7f5      	b.n	100049de <_ntoa_format+0x48>
100049f2:	06f7      	lsls	r7, r6, #27
100049f4:	d512      	bpl.n	10004a1c <_ntoa_format+0x86>
100049f6:	0577      	lsls	r7, r6, #21
100049f8:	d405      	bmi.n	10004a06 <_ntoa_format+0x70>
100049fa:	2c00      	cmp	r4, #0
100049fc:	d003      	beq.n	10004a06 <_ntoa_format+0x70>
100049fe:	4294      	cmp	r4, r2
10004a00:	d021      	beq.n	10004a46 <_ntoa_format+0xb0>
10004a02:	429c      	cmp	r4, r3
10004a04:	d01f      	beq.n	10004a46 <_ntoa_format+0xb0>
10004a06:	9a0f      	ldr	r2, [sp, #60]	@ 0x3c
10004a08:	2a10      	cmp	r2, #16
10004a0a:	d032      	beq.n	10004a72 <_ntoa_format+0xdc>
10004a0c:	9a0f      	ldr	r2, [sp, #60]	@ 0x3c
10004a0e:	2a02      	cmp	r2, #2
10004a10:	d037      	beq.n	10004a82 <_ntoa_format+0xec>
10004a12:	2c1f      	cmp	r4, #31
10004a14:	d80a      	bhi.n	10004a2c <_ntoa_format+0x96>
10004a16:	2230      	movs	r2, #48	@ 0x30
10004a18:	552a      	strb	r2, [r5, r4]
10004a1a:	3401      	adds	r4, #1
10004a1c:	2c1f      	cmp	r4, #31
10004a1e:	d805      	bhi.n	10004a2c <_ntoa_format+0x96>
10004a20:	464a      	mov	r2, r9
10004a22:	2a00      	cmp	r2, #0
10004a24:	d033      	beq.n	10004a8e <_ntoa_format+0xf8>
10004a26:	222d      	movs	r2, #45	@ 0x2d
10004a28:	552a      	strb	r2, [r5, r4]
10004a2a:	3401      	adds	r4, #1
10004a2c:	9603      	str	r6, [sp, #12]
10004a2e:	9302      	str	r3, [sp, #8]
10004a30:	9401      	str	r4, [sp, #4]
10004a32:	9500      	str	r5, [sp, #0]
10004a34:	4643      	mov	r3, r8
10004a36:	4662      	mov	r2, ip
10004a38:	f7ff ff56 	bl	100048e8 <_out_rev>
10004a3c:	b005      	add	sp, #20
10004a3e:	bcc0      	pop	{r6, r7}
10004a40:	46b9      	mov	r9, r7
10004a42:	46b0      	mov	r8, r6
10004a44:	bdf0      	pop	{r4, r5, r6, r7, pc}
10004a46:	1e62      	subs	r2, r4, #1
10004a48:	2c01      	cmp	r4, #1
10004a4a:	d010      	beq.n	10004a6e <_ntoa_format+0xd8>
10004a4c:	9f0f      	ldr	r7, [sp, #60]	@ 0x3c
10004a4e:	2f10      	cmp	r7, #16
10004a50:	d00b      	beq.n	10004a6a <_ntoa_format+0xd4>
10004a52:	0014      	movs	r4, r2
10004a54:	9a0f      	ldr	r2, [sp, #60]	@ 0x3c
10004a56:	2a10      	cmp	r2, #16
10004a58:	d1d8      	bne.n	10004a0c <_ntoa_format+0x76>
10004a5a:	06b2      	lsls	r2, r6, #26
10004a5c:	d5d6      	bpl.n	10004a0c <_ntoa_format+0x76>
10004a5e:	2c1f      	cmp	r4, #31
10004a60:	d8d4      	bhi.n	10004a0c <_ntoa_format+0x76>
10004a62:	2258      	movs	r2, #88	@ 0x58
10004a64:	552a      	strb	r2, [r5, r4]
10004a66:	3401      	adds	r4, #1
10004a68:	e7d3      	b.n	10004a12 <_ntoa_format+0x7c>
10004a6a:	3c02      	subs	r4, #2
10004a6c:	e7cb      	b.n	10004a06 <_ntoa_format+0x70>
10004a6e:	0014      	movs	r4, r2
10004a70:	e7c9      	b.n	10004a06 <_ntoa_format+0x70>
10004a72:	06b2      	lsls	r2, r6, #26
10004a74:	d4ee      	bmi.n	10004a54 <_ntoa_format+0xbe>
10004a76:	2c1f      	cmp	r4, #31
10004a78:	d8ec      	bhi.n	10004a54 <_ntoa_format+0xbe>
10004a7a:	2278      	movs	r2, #120	@ 0x78
10004a7c:	552a      	strb	r2, [r5, r4]
10004a7e:	3401      	adds	r4, #1
10004a80:	e7c7      	b.n	10004a12 <_ntoa_format+0x7c>
10004a82:	2c1f      	cmp	r4, #31
10004a84:	d8d2      	bhi.n	10004a2c <_ntoa_format+0x96>
10004a86:	3260      	adds	r2, #96	@ 0x60
10004a88:	552a      	strb	r2, [r5, r4]
10004a8a:	3401      	adds	r4, #1
10004a8c:	e7c1      	b.n	10004a12 <_ntoa_format+0x7c>
10004a8e:	0772      	lsls	r2, r6, #29
10004a90:	d503      	bpl.n	10004a9a <_ntoa_format+0x104>
10004a92:	222b      	movs	r2, #43	@ 0x2b
10004a94:	552a      	strb	r2, [r5, r4]
10004a96:	3401      	adds	r4, #1
10004a98:	e7c8      	b.n	10004a2c <_ntoa_format+0x96>
10004a9a:	0732      	lsls	r2, r6, #28
10004a9c:	d5c6      	bpl.n	10004a2c <_ntoa_format+0x96>
10004a9e:	2220      	movs	r2, #32
10004aa0:	552a      	strb	r2, [r5, r4]
10004aa2:	3401      	adds	r4, #1
10004aa4:	e7c2      	b.n	10004a2c <_ntoa_format+0x96>

10004aa6 <_ntoa_long>:
10004aa6:	b5f0      	push	{r4, r5, r6, r7, lr}
10004aa8:	46de      	mov	lr, fp
10004aaa:	4657      	mov	r7, sl
10004aac:	464e      	mov	r6, r9
10004aae:	4645      	mov	r5, r8
10004ab0:	b5e0      	push	{r5, r6, r7, lr}
10004ab2:	b093      	sub	sp, #76	@ 0x4c
10004ab4:	4681      	mov	r9, r0
10004ab6:	468a      	mov	sl, r1
10004ab8:	9208      	str	r2, [sp, #32]
10004aba:	9309      	str	r3, [sp, #36]	@ 0x24
10004abc:	ab1c      	add	r3, sp, #112	@ 0x70
10004abe:	cb10      	ldmia	r3!, {r4}
10004ac0:	781b      	ldrb	r3, [r3, #0]
10004ac2:	469b      	mov	fp, r3
10004ac4:	9d1e      	ldr	r5, [sp, #120]	@ 0x78
10004ac6:	9b21      	ldr	r3, [sp, #132]	@ 0x84
10004ac8:	4698      	mov	r8, r3
10004aca:	2c00      	cmp	r4, #0
10004acc:	d103      	bne.n	10004ad6 <_ntoa_long+0x30>
10004ace:	2310      	movs	r3, #16
10004ad0:	4642      	mov	r2, r8
10004ad2:	439a      	bics	r2, r3
10004ad4:	4690      	mov	r8, r2
10004ad6:	2380      	movs	r3, #128	@ 0x80
10004ad8:	00db      	lsls	r3, r3, #3
10004ada:	4646      	mov	r6, r8
10004adc:	401e      	ands	r6, r3
10004ade:	4642      	mov	r2, r8
10004ae0:	421a      	tst	r2, r3
10004ae2:	d012      	beq.n	10004b0a <_ntoa_long+0x64>
10004ae4:	2c00      	cmp	r4, #0
10004ae6:	d022      	beq.n	10004b2e <_ntoa_long+0x88>
10004ae8:	2600      	movs	r6, #0
10004aea:	e00e      	b.n	10004b0a <_ntoa_long+0x64>
10004aec:	3330      	adds	r3, #48	@ 0x30
10004aee:	b2d9      	uxtb	r1, r3
10004af0:	1c77      	adds	r7, r6, #1
10004af2:	ab0a      	add	r3, sp, #40	@ 0x28
10004af4:	5599      	strb	r1, [r3, r6]
10004af6:	0029      	movs	r1, r5
10004af8:	0020      	movs	r0, r4
10004afa:	f7fe fea5 	bl	10003848 <__wrap___aeabi_uidiv>
10004afe:	42ac      	cmp	r4, r5
10004b00:	d316      	bcc.n	10004b30 <_ntoa_long+0x8a>
10004b02:	2f1f      	cmp	r7, #31
10004b04:	d814      	bhi.n	10004b30 <_ntoa_long+0x8a>
10004b06:	003e      	movs	r6, r7
10004b08:	0004      	movs	r4, r0
10004b0a:	0029      	movs	r1, r5
10004b0c:	0020      	movs	r0, r4
10004b0e:	f7fe fe9b 	bl	10003848 <__wrap___aeabi_uidiv>
10004b12:	b2cb      	uxtb	r3, r1
10004b14:	2b09      	cmp	r3, #9
10004b16:	d9e9      	bls.n	10004aec <_ntoa_long+0x46>
10004b18:	4642      	mov	r2, r8
10004b1a:	0692      	lsls	r2, r2, #26
10004b1c:	d505      	bpl.n	10004b2a <_ntoa_long+0x84>
10004b1e:	2141      	movs	r1, #65	@ 0x41
10004b20:	18c9      	adds	r1, r1, r3
10004b22:	b2c9      	uxtb	r1, r1
10004b24:	390a      	subs	r1, #10
10004b26:	b2c9      	uxtb	r1, r1
10004b28:	e7e2      	b.n	10004af0 <_ntoa_long+0x4a>
10004b2a:	2161      	movs	r1, #97	@ 0x61
10004b2c:	e7f8      	b.n	10004b20 <_ntoa_long+0x7a>
10004b2e:	0027      	movs	r7, r4
10004b30:	4643      	mov	r3, r8
10004b32:	9306      	str	r3, [sp, #24]
10004b34:	9b20      	ldr	r3, [sp, #128]	@ 0x80
10004b36:	9305      	str	r3, [sp, #20]
10004b38:	9b1f      	ldr	r3, [sp, #124]	@ 0x7c
10004b3a:	9304      	str	r3, [sp, #16]
10004b3c:	9503      	str	r5, [sp, #12]
10004b3e:	465b      	mov	r3, fp
10004b40:	9302      	str	r3, [sp, #8]
10004b42:	9701      	str	r7, [sp, #4]
10004b44:	ab0a      	add	r3, sp, #40	@ 0x28
10004b46:	9300      	str	r3, [sp, #0]
10004b48:	9b09      	ldr	r3, [sp, #36]	@ 0x24
10004b4a:	9a08      	ldr	r2, [sp, #32]
10004b4c:	4651      	mov	r1, sl
10004b4e:	4648      	mov	r0, r9
10004b50:	f7ff ff21 	bl	10004996 <_ntoa_format>
10004b54:	b013      	add	sp, #76	@ 0x4c
10004b56:	bcf0      	pop	{r4, r5, r6, r7}
10004b58:	46bb      	mov	fp, r7
10004b5a:	46b2      	mov	sl, r6
10004b5c:	46a9      	mov	r9, r5
10004b5e:	46a0      	mov	r8, r4
10004b60:	bdf0      	pop	{r4, r5, r6, r7, pc}

10004b62 <_ntoa_long_long>:
10004b62:	b5f0      	push	{r4, r5, r6, r7, lr}
10004b64:	46de      	mov	lr, fp
10004b66:	4657      	mov	r7, sl
10004b68:	464e      	mov	r6, r9
10004b6a:	4645      	mov	r5, r8
10004b6c:	b5e0      	push	{r5, r6, r7, lr}
10004b6e:	b097      	sub	sp, #92	@ 0x5c
10004b70:	900a      	str	r0, [sp, #40]	@ 0x28
10004b72:	910b      	str	r1, [sp, #44]	@ 0x2c
10004b74:	920c      	str	r2, [sp, #48]	@ 0x30
10004b76:	469a      	mov	sl, r3
10004b78:	9b20      	ldr	r3, [sp, #128]	@ 0x80
10004b7a:	4699      	mov	r9, r3
10004b7c:	9f21      	ldr	r7, [sp, #132]	@ 0x84
10004b7e:	aa22      	add	r2, sp, #136	@ 0x88
10004b80:	7813      	ldrb	r3, [r2, #0]
10004b82:	469b      	mov	fp, r3
10004b84:	9b24      	ldr	r3, [sp, #144]	@ 0x90
10004b86:	9309      	str	r3, [sp, #36]	@ 0x24
10004b88:	9c25      	ldr	r4, [sp, #148]	@ 0x94
10004b8a:	9b28      	ldr	r3, [sp, #160]	@ 0xa0
10004b8c:	4698      	mov	r8, r3
10004b8e:	464a      	mov	r2, r9
10004b90:	433a      	orrs	r2, r7
10004b92:	d102      	bne.n	10004b9a <_ntoa_long_long+0x38>
10004b94:	3210      	adds	r2, #16
10004b96:	4393      	bics	r3, r2
10004b98:	4698      	mov	r8, r3
10004b9a:	2280      	movs	r2, #128	@ 0x80
10004b9c:	00d2      	lsls	r2, r2, #3
10004b9e:	4645      	mov	r5, r8
10004ba0:	4015      	ands	r5, r2
10004ba2:	4643      	mov	r3, r8
10004ba4:	4213      	tst	r3, r2
10004ba6:	d00a      	beq.n	10004bbe <_ntoa_long_long+0x5c>
10004ba8:	464a      	mov	r2, r9
10004baa:	433a      	orrs	r2, r7
10004bac:	d041      	beq.n	10004c32 <_ntoa_long_long+0xd0>
10004bae:	2500      	movs	r5, #0
10004bb0:	002e      	movs	r6, r5
10004bb2:	4653      	mov	r3, sl
10004bb4:	930d      	str	r3, [sp, #52]	@ 0x34
10004bb6:	464d      	mov	r5, r9
10004bb8:	9b09      	ldr	r3, [sp, #36]	@ 0x24
10004bba:	469a      	mov	sl, r3
10004bbc:	e01b      	b.n	10004bf6 <_ntoa_long_long+0x94>
10004bbe:	002e      	movs	r6, r5
10004bc0:	4653      	mov	r3, sl
10004bc2:	930d      	str	r3, [sp, #52]	@ 0x34
10004bc4:	464d      	mov	r5, r9
10004bc6:	9b09      	ldr	r3, [sp, #36]	@ 0x24
10004bc8:	469a      	mov	sl, r3
10004bca:	e014      	b.n	10004bf6 <_ntoa_long_long+0x94>
10004bcc:	3330      	adds	r3, #48	@ 0x30
10004bce:	b2da      	uxtb	r2, r3
10004bd0:	1c73      	adds	r3, r6, #1
10004bd2:	4699      	mov	r9, r3
10004bd4:	ab0e      	add	r3, sp, #56	@ 0x38
10004bd6:	559a      	strb	r2, [r3, r6]
10004bd8:	4652      	mov	r2, sl
10004bda:	0023      	movs	r3, r4
10004bdc:	0028      	movs	r0, r5
10004bde:	0039      	movs	r1, r7
10004be0:	f7fe fe70 	bl	100038c4 <__wrap___aeabi_uldivmod>
10004be4:	42bc      	cmp	r4, r7
10004be6:	d826      	bhi.n	10004c36 <_ntoa_long_long+0xd4>
10004be8:	d019      	beq.n	10004c1e <_ntoa_long_long+0xbc>
10004bea:	464b      	mov	r3, r9
10004bec:	2b1f      	cmp	r3, #31
10004bee:	d81c      	bhi.n	10004c2a <_ntoa_long_long+0xc8>
10004bf0:	464e      	mov	r6, r9
10004bf2:	0005      	movs	r5, r0
10004bf4:	000f      	movs	r7, r1
10004bf6:	4652      	mov	r2, sl
10004bf8:	0023      	movs	r3, r4
10004bfa:	0028      	movs	r0, r5
10004bfc:	0039      	movs	r1, r7
10004bfe:	f7fe fe61 	bl	100038c4 <__wrap___aeabi_uldivmod>
10004c02:	b2d3      	uxtb	r3, r2
10004c04:	2b09      	cmp	r3, #9
10004c06:	d9e1      	bls.n	10004bcc <_ntoa_long_long+0x6a>
10004c08:	4642      	mov	r2, r8
10004c0a:	0692      	lsls	r2, r2, #26
10004c0c:	d505      	bpl.n	10004c1a <_ntoa_long_long+0xb8>
10004c0e:	2241      	movs	r2, #65	@ 0x41
10004c10:	18d2      	adds	r2, r2, r3
10004c12:	b2d2      	uxtb	r2, r2
10004c14:	3a0a      	subs	r2, #10
10004c16:	b2d2      	uxtb	r2, r2
10004c18:	e7da      	b.n	10004bd0 <_ntoa_long_long+0x6e>
10004c1a:	2261      	movs	r2, #97	@ 0x61
10004c1c:	e7f8      	b.n	10004c10 <_ntoa_long_long+0xae>
10004c1e:	45aa      	cmp	sl, r5
10004c20:	d9e3      	bls.n	10004bea <_ntoa_long_long+0x88>
10004c22:	464e      	mov	r6, r9
10004c24:	9b0d      	ldr	r3, [sp, #52]	@ 0x34
10004c26:	469a      	mov	sl, r3
10004c28:	e008      	b.n	10004c3c <_ntoa_long_long+0xda>
10004c2a:	464e      	mov	r6, r9
10004c2c:	9b0d      	ldr	r3, [sp, #52]	@ 0x34
10004c2e:	469a      	mov	sl, r3
10004c30:	e004      	b.n	10004c3c <_ntoa_long_long+0xda>
10004c32:	2600      	movs	r6, #0
10004c34:	e002      	b.n	10004c3c <_ntoa_long_long+0xda>
10004c36:	464e      	mov	r6, r9
10004c38:	9b0d      	ldr	r3, [sp, #52]	@ 0x34
10004c3a:	469a      	mov	sl, r3
10004c3c:	4643      	mov	r3, r8
10004c3e:	9306      	str	r3, [sp, #24]
10004c40:	9b27      	ldr	r3, [sp, #156]	@ 0x9c
10004c42:	9305      	str	r3, [sp, #20]
10004c44:	9b26      	ldr	r3, [sp, #152]	@ 0x98
10004c46:	9304      	str	r3, [sp, #16]
10004c48:	9b09      	ldr	r3, [sp, #36]	@ 0x24
10004c4a:	9303      	str	r3, [sp, #12]
10004c4c:	465b      	mov	r3, fp
10004c4e:	9302      	str	r3, [sp, #8]
10004c50:	9601      	str	r6, [sp, #4]
10004c52:	ab0e      	add	r3, sp, #56	@ 0x38
10004c54:	9300      	str	r3, [sp, #0]
10004c56:	4653      	mov	r3, sl
10004c58:	9a0c      	ldr	r2, [sp, #48]	@ 0x30
10004c5a:	990b      	ldr	r1, [sp, #44]	@ 0x2c
10004c5c:	980a      	ldr	r0, [sp, #40]	@ 0x28
10004c5e:	f7ff fe9a 	bl	10004996 <_ntoa_format>
10004c62:	b017      	add	sp, #92	@ 0x5c
10004c64:	bcf0      	pop	{r4, r5, r6, r7}
10004c66:	46bb      	mov	fp, r7
10004c68:	46b2      	mov	sl, r6
10004c6a:	46a9      	mov	r9, r5
10004c6c:	46a0      	mov	r8, r4
10004c6e:	bdf0      	pop	{r4, r5, r6, r7, pc}

10004c70 <_etoa>:
10004c70:	b5f0      	push	{r4, r5, r6, r7, lr}
10004c72:	46de      	mov	lr, fp
10004c74:	4657      	mov	r7, sl
10004c76:	464e      	mov	r6, r9
10004c78:	4645      	mov	r5, r8
10004c7a:	b5e0      	push	{r5, r6, r7, lr}
10004c7c:	b091      	sub	sp, #68	@ 0x44
10004c7e:	4680      	mov	r8, r0
10004c80:	4689      	mov	r9, r1
10004c82:	920c      	str	r2, [sp, #48]	@ 0x30
10004c84:	469a      	mov	sl, r3
10004c86:	9c1a      	ldr	r4, [sp, #104]	@ 0x68
10004c88:	9d1b      	ldr	r5, [sp, #108]	@ 0x6c
10004c8a:	0022      	movs	r2, r4
10004c8c:	002b      	movs	r3, r5
10004c8e:	0020      	movs	r0, r4
10004c90:	0029      	movs	r1, r5
10004c92:	f7ff f8a2 	bl	10003dda <__wrap___aeabi_dcmpun>
10004c96:	2800      	cmp	r0, #0
10004c98:	d000      	beq.n	10004c9c <_etoa+0x2c>
10004c9a:	e0ec      	b.n	10004e76 <_etoa+0x206>
10004c9c:	2201      	movs	r2, #1
10004c9e:	4252      	negs	r2, r2
10004ca0:	4bd4      	ldr	r3, [pc, #848]	@ (10004ff4 <_etoa+0x384>)
10004ca2:	0020      	movs	r0, r4
10004ca4:	0029      	movs	r1, r5
10004ca6:	f7ff f893 	bl	10003dd0 <__wrap___aeabi_dcmpgt>
10004caa:	2800      	cmp	r0, #0
10004cac:	d000      	beq.n	10004cb0 <_etoa+0x40>
10004cae:	e0e2      	b.n	10004e76 <_etoa+0x206>
10004cb0:	2201      	movs	r2, #1
10004cb2:	4252      	negs	r2, r2
10004cb4:	4bd0      	ldr	r3, [pc, #832]	@ (10004ff8 <_etoa+0x388>)
10004cb6:	0020      	movs	r0, r4
10004cb8:	0029      	movs	r1, r5
10004cba:	f7ff f873 	bl	10003da4 <__wrap___aeabi_dcmplt>
10004cbe:	2800      	cmp	r0, #0
10004cc0:	d000      	beq.n	10004cc4 <_etoa+0x54>
10004cc2:	e0d8      	b.n	10004e76 <_etoa+0x206>
10004cc4:	2200      	movs	r2, #0
10004cc6:	2300      	movs	r3, #0
10004cc8:	0020      	movs	r0, r4
10004cca:	0029      	movs	r1, r5
10004ccc:	f7ff f86a 	bl	10003da4 <__wrap___aeabi_dcmplt>
10004cd0:	2800      	cmp	r0, #0
10004cd2:	d000      	beq.n	10004cd6 <_etoa+0x66>
10004cd4:	e0e4      	b.n	10004ea0 <_etoa+0x230>
10004cd6:	9406      	str	r4, [sp, #24]
10004cd8:	9507      	str	r5, [sp, #28]
10004cda:	2380      	movs	r3, #128	@ 0x80
10004cdc:	00db      	lsls	r3, r3, #3
10004cde:	9a1e      	ldr	r2, [sp, #120]	@ 0x78
10004ce0:	401a      	ands	r2, r3
10004ce2:	920d      	str	r2, [sp, #52]	@ 0x34
10004ce4:	9a1e      	ldr	r2, [sp, #120]	@ 0x78
10004ce6:	421a      	tst	r2, r3
10004ce8:	d101      	bne.n	10004cee <_etoa+0x7e>
10004cea:	2306      	movs	r3, #6
10004cec:	931c      	str	r3, [sp, #112]	@ 0x70
10004cee:	9806      	ldr	r0, [sp, #24]
10004cf0:	9907      	ldr	r1, [sp, #28]
10004cf2:	0002      	movs	r2, r0
10004cf4:	000b      	movs	r3, r1
10004cf6:	9208      	str	r2, [sp, #32]
10004cf8:	9309      	str	r3, [sp, #36]	@ 0x24
10004cfa:	0003      	movs	r3, r0
10004cfc:	000a      	movs	r2, r1
10004cfe:	4302      	orrs	r2, r0
10004d00:	d100      	bne.n	10004d04 <_etoa+0x94>
10004d02:	e0d9      	b.n	10004eb8 <_etoa+0x248>
10004d04:	0d08      	lsrs	r0, r1, #20
10004d06:	0540      	lsls	r0, r0, #21
10004d08:	0d40      	lsrs	r0, r0, #21
10004d0a:	4ebc      	ldr	r6, [pc, #752]	@ (10004ffc <_etoa+0x38c>)
10004d0c:	46b4      	mov	ip, r6
10004d0e:	4460      	add	r0, ip
10004d10:	030a      	lsls	r2, r1, #12
10004d12:	0b12      	lsrs	r2, r2, #12
10004d14:	001e      	movs	r6, r3
10004d16:	4bba      	ldr	r3, [pc, #744]	@ (10005000 <_etoa+0x390>)
10004d18:	4313      	orrs	r3, r2
10004d1a:	001f      	movs	r7, r3
10004d1c:	f7ff f86e 	bl	10003dfc <__wrap___aeabi_i2d>
10004d20:	4ab8      	ldr	r2, [pc, #736]	@ (10005004 <_etoa+0x394>)
10004d22:	4bb9      	ldr	r3, [pc, #740]	@ (10005008 <_etoa+0x398>)
10004d24:	f7fe fffb 	bl	10003d1e <__wrap___aeabi_dmul>
10004d28:	4ab8      	ldr	r2, [pc, #736]	@ (1000500c <_etoa+0x39c>)
10004d2a:	4bb9      	ldr	r3, [pc, #740]	@ (10005010 <_etoa+0x3a0>)
10004d2c:	f7fe ffd0 	bl	10003cd0 <__wrap___aeabi_dadd>
10004d30:	9008      	str	r0, [sp, #32]
10004d32:	9109      	str	r1, [sp, #36]	@ 0x24
10004d34:	2200      	movs	r2, #0
10004d36:	4bb7      	ldr	r3, [pc, #732]	@ (10005014 <_etoa+0x3a4>)
10004d38:	0030      	movs	r0, r6
10004d3a:	0039      	movs	r1, r7
10004d3c:	f7fe ffbf 	bl	10003cbe <__wrap___aeabi_dsub>
10004d40:	4ab5      	ldr	r2, [pc, #724]	@ (10005018 <_etoa+0x3a8>)
10004d42:	4bb6      	ldr	r3, [pc, #728]	@ (1000501c <_etoa+0x3ac>)
10004d44:	f7fe ffeb 	bl	10003d1e <__wrap___aeabi_dmul>
10004d48:	0002      	movs	r2, r0
10004d4a:	000b      	movs	r3, r1
10004d4c:	9808      	ldr	r0, [sp, #32]
10004d4e:	9909      	ldr	r1, [sp, #36]	@ 0x24
10004d50:	f7fe ffbe 	bl	10003cd0 <__wrap___aeabi_dadd>
10004d54:	f7ff f86a 	bl	10003e2c <__wrap___aeabi_d2iz>
10004d58:	4683      	mov	fp, r0
10004d5a:	f7ff f84f 	bl	10003dfc <__wrap___aeabi_i2d>
10004d5e:	0006      	movs	r6, r0
10004d60:	000f      	movs	r7, r1
10004d62:	4aaf      	ldr	r2, [pc, #700]	@ (10005020 <_etoa+0x3b0>)
10004d64:	4baf      	ldr	r3, [pc, #700]	@ (10005024 <_etoa+0x3b4>)
10004d66:	f7fe ffda 	bl	10003d1e <__wrap___aeabi_dmul>
10004d6a:	2200      	movs	r2, #0
10004d6c:	4bae      	ldr	r3, [pc, #696]	@ (10005028 <_etoa+0x3b8>)
10004d6e:	f7fe ffaf 	bl	10003cd0 <__wrap___aeabi_dadd>
10004d72:	f7ff f85b 	bl	10003e2c <__wrap___aeabi_d2iz>
10004d76:	9008      	str	r0, [sp, #32]
10004d78:	4aac      	ldr	r2, [pc, #688]	@ (1000502c <_etoa+0x3bc>)
10004d7a:	4bad      	ldr	r3, [pc, #692]	@ (10005030 <_etoa+0x3c0>)
10004d7c:	0030      	movs	r0, r6
10004d7e:	0039      	movs	r1, r7
10004d80:	f7fe ffcd 	bl	10003d1e <__wrap___aeabi_dmul>
10004d84:	0006      	movs	r6, r0
10004d86:	000f      	movs	r7, r1
10004d88:	9808      	ldr	r0, [sp, #32]
10004d8a:	f7ff f837 	bl	10003dfc <__wrap___aeabi_i2d>
10004d8e:	4aa9      	ldr	r2, [pc, #676]	@ (10005034 <_etoa+0x3c4>)
10004d90:	4ba9      	ldr	r3, [pc, #676]	@ (10005038 <_etoa+0x3c8>)
10004d92:	f7fe ffc4 	bl	10003d1e <__wrap___aeabi_dmul>
10004d96:	0002      	movs	r2, r0
10004d98:	000b      	movs	r3, r1
10004d9a:	0030      	movs	r0, r6
10004d9c:	0039      	movs	r1, r7
10004d9e:	f7fe ff8e 	bl	10003cbe <__wrap___aeabi_dsub>
10004da2:	0006      	movs	r6, r0
10004da4:	000f      	movs	r7, r1
10004da6:	0002      	movs	r2, r0
10004da8:	000b      	movs	r3, r1
10004daa:	f7fe ffb8 	bl	10003d1e <__wrap___aeabi_dmul>
10004dae:	900a      	str	r0, [sp, #40]	@ 0x28
10004db0:	910b      	str	r1, [sp, #44]	@ 0x2c
10004db2:	9b08      	ldr	r3, [sp, #32]
10004db4:	4aa1      	ldr	r2, [pc, #644]	@ (1000503c <_etoa+0x3cc>)
10004db6:	4694      	mov	ip, r2
10004db8:	4463      	add	r3, ip
10004dba:	2100      	movs	r1, #0
10004dbc:	2200      	movs	r2, #0
10004dbe:	9108      	str	r1, [sp, #32]
10004dc0:	9209      	str	r2, [sp, #36]	@ 0x24
10004dc2:	051b      	lsls	r3, r3, #20
10004dc4:	9309      	str	r3, [sp, #36]	@ 0x24
10004dc6:	2300      	movs	r3, #0
10004dc8:	9308      	str	r3, [sp, #32]
10004dca:	0032      	movs	r2, r6
10004dcc:	003b      	movs	r3, r7
10004dce:	0030      	movs	r0, r6
10004dd0:	0039      	movs	r1, r7
10004dd2:	f7fe ff7d 	bl	10003cd0 <__wrap___aeabi_dadd>
10004dd6:	900e      	str	r0, [sp, #56]	@ 0x38
10004dd8:	910f      	str	r1, [sp, #60]	@ 0x3c
10004dda:	0032      	movs	r2, r6
10004ddc:	003b      	movs	r3, r7
10004dde:	2000      	movs	r0, #0
10004de0:	2180      	movs	r1, #128	@ 0x80
10004de2:	05c9      	lsls	r1, r1, #23
10004de4:	f7fe ff6b 	bl	10003cbe <__wrap___aeabi_dsub>
10004de8:	0006      	movs	r6, r0
10004dea:	000f      	movs	r7, r1
10004dec:	2200      	movs	r2, #0
10004dee:	4b94      	ldr	r3, [pc, #592]	@ (10005040 <_etoa+0x3d0>)
10004df0:	980a      	ldr	r0, [sp, #40]	@ 0x28
10004df2:	990b      	ldr	r1, [sp, #44]	@ 0x2c
10004df4:	f7fe ff75 	bl	10003ce2 <__wrap___aeabi_ddiv>
10004df8:	2200      	movs	r2, #0
10004dfa:	4b92      	ldr	r3, [pc, #584]	@ (10005044 <_etoa+0x3d4>)
10004dfc:	f7fe ff68 	bl	10003cd0 <__wrap___aeabi_dadd>
10004e00:	0002      	movs	r2, r0
10004e02:	000b      	movs	r3, r1
10004e04:	980a      	ldr	r0, [sp, #40]	@ 0x28
10004e06:	990b      	ldr	r1, [sp, #44]	@ 0x2c
10004e08:	f7fe ff6b 	bl	10003ce2 <__wrap___aeabi_ddiv>
10004e0c:	2200      	movs	r2, #0
10004e0e:	4b8e      	ldr	r3, [pc, #568]	@ (10005048 <_etoa+0x3d8>)
10004e10:	f7fe ff5e 	bl	10003cd0 <__wrap___aeabi_dadd>
10004e14:	0002      	movs	r2, r0
10004e16:	000b      	movs	r3, r1
10004e18:	980a      	ldr	r0, [sp, #40]	@ 0x28
10004e1a:	990b      	ldr	r1, [sp, #44]	@ 0x2c
10004e1c:	f7fe ff61 	bl	10003ce2 <__wrap___aeabi_ddiv>
10004e20:	0002      	movs	r2, r0
10004e22:	000b      	movs	r3, r1
10004e24:	0030      	movs	r0, r6
10004e26:	0039      	movs	r1, r7
10004e28:	f7fe ff52 	bl	10003cd0 <__wrap___aeabi_dadd>
10004e2c:	0002      	movs	r2, r0
10004e2e:	000b      	movs	r3, r1
10004e30:	980e      	ldr	r0, [sp, #56]	@ 0x38
10004e32:	990f      	ldr	r1, [sp, #60]	@ 0x3c
10004e34:	f7fe ff55 	bl	10003ce2 <__wrap___aeabi_ddiv>
10004e38:	2200      	movs	r2, #0
10004e3a:	4b71      	ldr	r3, [pc, #452]	@ (10005000 <_etoa+0x390>)
10004e3c:	f7fe ff48 	bl	10003cd0 <__wrap___aeabi_dadd>
10004e40:	9a08      	ldr	r2, [sp, #32]
10004e42:	9b09      	ldr	r3, [sp, #36]	@ 0x24
10004e44:	f7fe ff6b 	bl	10003d1e <__wrap___aeabi_dmul>
10004e48:	0006      	movs	r6, r0
10004e4a:	000f      	movs	r7, r1
10004e4c:	9608      	str	r6, [sp, #32]
10004e4e:	9709      	str	r7, [sp, #36]	@ 0x24
10004e50:	9a06      	ldr	r2, [sp, #24]
10004e52:	9b07      	ldr	r3, [sp, #28]
10004e54:	f7fe ffbc 	bl	10003dd0 <__wrap___aeabi_dcmpgt>
10004e58:	2800      	cmp	r0, #0
10004e5a:	d02f      	beq.n	10004ebc <_etoa+0x24c>
10004e5c:	2301      	movs	r3, #1
10004e5e:	425b      	negs	r3, r3
10004e60:	469c      	mov	ip, r3
10004e62:	44e3      	add	fp, ip
10004e64:	2200      	movs	r2, #0
10004e66:	4b77      	ldr	r3, [pc, #476]	@ (10005044 <_etoa+0x3d4>)
10004e68:	0030      	movs	r0, r6
10004e6a:	0039      	movs	r1, r7
10004e6c:	f7fe ff39 	bl	10003ce2 <__wrap___aeabi_ddiv>
10004e70:	9008      	str	r0, [sp, #32]
10004e72:	9109      	str	r1, [sp, #36]	@ 0x24
10004e74:	e022      	b.n	10004ebc <_etoa+0x24c>
10004e76:	9b1e      	ldr	r3, [sp, #120]	@ 0x78
10004e78:	9304      	str	r3, [sp, #16]
10004e7a:	9b1d      	ldr	r3, [sp, #116]	@ 0x74
10004e7c:	9303      	str	r3, [sp, #12]
10004e7e:	9b1c      	ldr	r3, [sp, #112]	@ 0x70
10004e80:	9302      	str	r3, [sp, #8]
10004e82:	9400      	str	r4, [sp, #0]
10004e84:	9501      	str	r5, [sp, #4]
10004e86:	4653      	mov	r3, sl
10004e88:	9a0c      	ldr	r2, [sp, #48]	@ 0x30
10004e8a:	4649      	mov	r1, r9
10004e8c:	4640      	mov	r0, r8
10004e8e:	f000 f8ff 	bl	10005090 <_ftoa>
10004e92:	b011      	add	sp, #68	@ 0x44
10004e94:	bcf0      	pop	{r4, r5, r6, r7}
10004e96:	46bb      	mov	fp, r7
10004e98:	46b2      	mov	sl, r6
10004e9a:	46a9      	mov	r9, r5
10004e9c:	46a0      	mov	r8, r4
10004e9e:	bdf0      	pop	{r4, r5, r6, r7, pc}
10004ea0:	2100      	movs	r1, #0
10004ea2:	2200      	movs	r2, #0
10004ea4:	9106      	str	r1, [sp, #24]
10004ea6:	9207      	str	r2, [sp, #28]
10004ea8:	9406      	str	r4, [sp, #24]
10004eaa:	2380      	movs	r3, #128	@ 0x80
10004eac:	061b      	lsls	r3, r3, #24
10004eae:	469c      	mov	ip, r3
10004eb0:	44ac      	add	ip, r5
10004eb2:	4663      	mov	r3, ip
10004eb4:	9307      	str	r3, [sp, #28]
10004eb6:	e710      	b.n	10004cda <_etoa+0x6a>
10004eb8:	2300      	movs	r3, #0
10004eba:	469b      	mov	fp, r3
10004ebc:	465b      	mov	r3, fp
10004ebe:	3363      	adds	r3, #99	@ 0x63
10004ec0:	2bc6      	cmp	r3, #198	@ 0xc6
10004ec2:	d820      	bhi.n	10004f06 <_etoa+0x296>
10004ec4:	2604      	movs	r6, #4
10004ec6:	9b1e      	ldr	r3, [sp, #120]	@ 0x78
10004ec8:	051b      	lsls	r3, r3, #20
10004eca:	d528      	bpl.n	10004f1e <_etoa+0x2ae>
10004ecc:	9a08      	ldr	r2, [sp, #32]
10004ece:	9b09      	ldr	r3, [sp, #36]	@ 0x24
10004ed0:	0019      	movs	r1, r3
10004ed2:	4311      	orrs	r1, r2
10004ed4:	d00f      	beq.n	10004ef6 <_etoa+0x286>
10004ed6:	4a5d      	ldr	r2, [pc, #372]	@ (1000504c <_etoa+0x3dc>)
10004ed8:	4b5d      	ldr	r3, [pc, #372]	@ (10005050 <_etoa+0x3e0>)
10004eda:	9806      	ldr	r0, [sp, #24]
10004edc:	9907      	ldr	r1, [sp, #28]
10004ede:	f7fe ff6f 	bl	10003dc0 <__wrap___aeabi_dcmpge>
10004ee2:	2800      	cmp	r0, #0
10004ee4:	d07a      	beq.n	10004fdc <_etoa+0x36c>
10004ee6:	2200      	movs	r2, #0
10004ee8:	4b5a      	ldr	r3, [pc, #360]	@ (10005054 <_etoa+0x3e4>)
10004eea:	9806      	ldr	r0, [sp, #24]
10004eec:	9907      	ldr	r1, [sp, #28]
10004eee:	f7fe ff59 	bl	10003da4 <__wrap___aeabi_dcmplt>
10004ef2:	2800      	cmp	r0, #0
10004ef4:	d072      	beq.n	10004fdc <_etoa+0x36c>
10004ef6:	9b1c      	ldr	r3, [sp, #112]	@ 0x70
10004ef8:	455b      	cmp	r3, fp
10004efa:	dd06      	ble.n	10004f0a <_etoa+0x29a>
10004efc:	465a      	mov	r2, fp
10004efe:	1a9b      	subs	r3, r3, r2
10004f00:	3b01      	subs	r3, #1
10004f02:	931c      	str	r3, [sp, #112]	@ 0x70
10004f04:	e003      	b.n	10004f0e <_etoa+0x29e>
10004f06:	2605      	movs	r6, #5
10004f08:	e7dd      	b.n	10004ec6 <_etoa+0x256>
10004f0a:	2300      	movs	r3, #0
10004f0c:	931c      	str	r3, [sp, #112]	@ 0x70
10004f0e:	2380      	movs	r3, #128	@ 0x80
10004f10:	00db      	lsls	r3, r3, #3
10004f12:	9a1e      	ldr	r2, [sp, #120]	@ 0x78
10004f14:	431a      	orrs	r2, r3
10004f16:	921e      	str	r2, [sp, #120]	@ 0x78
10004f18:	2600      	movs	r6, #0
10004f1a:	2300      	movs	r3, #0
10004f1c:	469b      	mov	fp, r3
10004f1e:	9b1d      	ldr	r3, [sp, #116]	@ 0x74
10004f20:	429e      	cmp	r6, r3
10004f22:	d265      	bcs.n	10004ff0 <_etoa+0x380>
10004f24:	1b9f      	subs	r7, r3, r6
10004f26:	2302      	movs	r3, #2
10004f28:	9a1e      	ldr	r2, [sp, #120]	@ 0x78
10004f2a:	401a      	ands	r2, r3
10004f2c:	920a      	str	r2, [sp, #40]	@ 0x28
10004f2e:	9a1e      	ldr	r2, [sp, #120]	@ 0x78
10004f30:	4213      	tst	r3, r2
10004f32:	d002      	beq.n	10004f3a <_etoa+0x2ca>
10004f34:	2e00      	cmp	r6, #0
10004f36:	d000      	beq.n	10004f3a <_etoa+0x2ca>
10004f38:	2700      	movs	r7, #0
10004f3a:	465b      	mov	r3, fp
10004f3c:	2b00      	cmp	r3, #0
10004f3e:	d007      	beq.n	10004f50 <_etoa+0x2e0>
10004f40:	9a08      	ldr	r2, [sp, #32]
10004f42:	9b09      	ldr	r3, [sp, #36]	@ 0x24
10004f44:	9806      	ldr	r0, [sp, #24]
10004f46:	9907      	ldr	r1, [sp, #28]
10004f48:	f7fe fecb 	bl	10003ce2 <__wrap___aeabi_ddiv>
10004f4c:	9006      	str	r0, [sp, #24]
10004f4e:	9107      	str	r1, [sp, #28]
10004f50:	2200      	movs	r2, #0
10004f52:	2300      	movs	r3, #0
10004f54:	0020      	movs	r0, r4
10004f56:	0029      	movs	r1, r5
10004f58:	f7fe ff24 	bl	10003da4 <__wrap___aeabi_dcmplt>
10004f5c:	2800      	cmp	r0, #0
10004f5e:	d000      	beq.n	10004f62 <_etoa+0x2f2>
10004f60:	e07c      	b.n	1000505c <_etoa+0x3ec>
10004f62:	4b3d      	ldr	r3, [pc, #244]	@ (10005058 <_etoa+0x3e8>)
10004f64:	9a1e      	ldr	r2, [sp, #120]	@ 0x78
10004f66:	4013      	ands	r3, r2
10004f68:	9304      	str	r3, [sp, #16]
10004f6a:	9703      	str	r7, [sp, #12]
10004f6c:	9b1c      	ldr	r3, [sp, #112]	@ 0x70
10004f6e:	9302      	str	r3, [sp, #8]
10004f70:	9b06      	ldr	r3, [sp, #24]
10004f72:	9c07      	ldr	r4, [sp, #28]
10004f74:	9300      	str	r3, [sp, #0]
10004f76:	9401      	str	r4, [sp, #4]
10004f78:	4653      	mov	r3, sl
10004f7a:	9a0c      	ldr	r2, [sp, #48]	@ 0x30
10004f7c:	4649      	mov	r1, r9
10004f7e:	4640      	mov	r0, r8
10004f80:	f000 f886 	bl	10005090 <_ftoa>
10004f84:	2e00      	cmp	r6, #0
10004f86:	d100      	bne.n	10004f8a <_etoa+0x31a>
10004f88:	e783      	b.n	10004e92 <_etoa+0x222>
10004f8a:	9b1e      	ldr	r3, [sp, #120]	@ 0x78
10004f8c:	069b      	lsls	r3, r3, #26
10004f8e:	d571      	bpl.n	10005074 <_etoa+0x404>
10004f90:	2545      	movs	r5, #69	@ 0x45
10004f92:	1c44      	adds	r4, r0, #1
10004f94:	4653      	mov	r3, sl
10004f96:	0002      	movs	r2, r0
10004f98:	4649      	mov	r1, r9
10004f9a:	0028      	movs	r0, r5
10004f9c:	47c0      	blx	r8
10004f9e:	465a      	mov	r2, fp
10004fa0:	17d3      	asrs	r3, r2, #31
10004fa2:	18d2      	adds	r2, r2, r3
10004fa4:	405a      	eors	r2, r3
10004fa6:	2305      	movs	r3, #5
10004fa8:	9305      	str	r3, [sp, #20]
10004faa:	3e01      	subs	r6, #1
10004fac:	9604      	str	r6, [sp, #16]
10004fae:	2300      	movs	r3, #0
10004fb0:	9303      	str	r3, [sp, #12]
10004fb2:	330a      	adds	r3, #10
10004fb4:	9302      	str	r3, [sp, #8]
10004fb6:	465b      	mov	r3, fp
10004fb8:	0fdb      	lsrs	r3, r3, #31
10004fba:	9301      	str	r3, [sp, #4]
10004fbc:	9200      	str	r2, [sp, #0]
10004fbe:	4653      	mov	r3, sl
10004fc0:	0022      	movs	r2, r4
10004fc2:	4649      	mov	r1, r9
10004fc4:	4640      	mov	r0, r8
10004fc6:	f7ff fd6e 	bl	10004aa6 <_ntoa_long>
10004fca:	9b0a      	ldr	r3, [sp, #40]	@ 0x28
10004fcc:	2b00      	cmp	r3, #0
10004fce:	d100      	bne.n	10004fd2 <_etoa+0x362>
10004fd0:	e75f      	b.n	10004e92 <_etoa+0x222>
10004fd2:	0002      	movs	r2, r0
10004fd4:	4647      	mov	r7, r8
10004fd6:	9e0c      	ldr	r6, [sp, #48]	@ 0x30
10004fd8:	9d1d      	ldr	r5, [sp, #116]	@ 0x74
10004fda:	e053      	b.n	10005084 <_etoa+0x414>
10004fdc:	9b1c      	ldr	r3, [sp, #112]	@ 0x70
10004fde:	2b00      	cmp	r3, #0
10004fe0:	d09d      	beq.n	10004f1e <_etoa+0x2ae>
10004fe2:	9b0d      	ldr	r3, [sp, #52]	@ 0x34
10004fe4:	2b00      	cmp	r3, #0
10004fe6:	d09a      	beq.n	10004f1e <_etoa+0x2ae>
10004fe8:	9b1c      	ldr	r3, [sp, #112]	@ 0x70
10004fea:	3b01      	subs	r3, #1
10004fec:	931c      	str	r3, [sp, #112]	@ 0x70
10004fee:	e796      	b.n	10004f1e <_etoa+0x2ae>
10004ff0:	2700      	movs	r7, #0
10004ff2:	e798      	b.n	10004f26 <_etoa+0x2b6>
10004ff4:	7fefffff 	.word	0x7fefffff
10004ff8:	ffefffff 	.word	0xffefffff
10004ffc:	fffffc01 	.word	0xfffffc01
10005000:	3ff00000 	.word	0x3ff00000
10005004:	509f79fb 	.word	0x509f79fb
10005008:	3fd34413 	.word	0x3fd34413
1000500c:	8b60c8b3 	.word	0x8b60c8b3
10005010:	3fc68a28 	.word	0x3fc68a28
10005014:	3ff80000 	.word	0x3ff80000
10005018:	636f4361 	.word	0x636f4361
1000501c:	3fd287a7 	.word	0x3fd287a7
10005020:	0979a371 	.word	0x0979a371
10005024:	400a934f 	.word	0x400a934f
10005028:	3fe00000 	.word	0x3fe00000
1000502c:	bbb55516 	.word	0xbbb55516
10005030:	40026bb1 	.word	0x40026bb1
10005034:	fefa39ef 	.word	0xfefa39ef
10005038:	3fe62e42 	.word	0x3fe62e42
1000503c:	000003ff 	.word	0x000003ff
10005040:	402c0000 	.word	0x402c0000
10005044:	40240000 	.word	0x40240000
10005048:	40180000 	.word	0x40180000
1000504c:	eb1c432d 	.word	0xeb1c432d
10005050:	3f1a36e2 	.word	0x3f1a36e2
10005054:	412e8480 	.word	0x412e8480
10005058:	fffff7ff 	.word	0xfffff7ff
1000505c:	9c06      	ldr	r4, [sp, #24]
1000505e:	9d07      	ldr	r5, [sp, #28]
10005060:	0022      	movs	r2, r4
10005062:	0029      	movs	r1, r5
10005064:	2080      	movs	r0, #128	@ 0x80
10005066:	0600      	lsls	r0, r0, #24
10005068:	4684      	mov	ip, r0
1000506a:	4461      	add	r1, ip
1000506c:	000b      	movs	r3, r1
1000506e:	9206      	str	r2, [sp, #24]
10005070:	9307      	str	r3, [sp, #28]
10005072:	e776      	b.n	10004f62 <_etoa+0x2f2>
10005074:	2565      	movs	r5, #101	@ 0x65
10005076:	e78c      	b.n	10004f92 <_etoa+0x322>
10005078:	1c54      	adds	r4, r2, #1
1000507a:	4653      	mov	r3, sl
1000507c:	4649      	mov	r1, r9
1000507e:	2020      	movs	r0, #32
10005080:	47b8      	blx	r7
10005082:	0022      	movs	r2, r4
10005084:	1b93      	subs	r3, r2, r6
10005086:	42ab      	cmp	r3, r5
10005088:	d3f6      	bcc.n	10005078 <_etoa+0x408>
1000508a:	0010      	movs	r0, r2
1000508c:	e701      	b.n	10004e92 <_etoa+0x222>
1000508e:	46c0      	nop			@ (mov r8, r8)

10005090 <_ftoa>:
10005090:	b5f0      	push	{r4, r5, r6, r7, lr}
10005092:	46de      	mov	lr, fp
10005094:	4657      	mov	r7, sl
10005096:	464e      	mov	r6, r9
10005098:	4645      	mov	r5, r8
1000509a:	b5e0      	push	{r5, r6, r7, lr}
1000509c:	b095      	sub	sp, #84	@ 0x54
1000509e:	9006      	str	r0, [sp, #24]
100050a0:	9107      	str	r1, [sp, #28]
100050a2:	4693      	mov	fp, r2
100050a4:	4699      	mov	r9, r3
100050a6:	9f20      	ldr	r7, [sp, #128]	@ 0x80
100050a8:	9a1e      	ldr	r2, [sp, #120]	@ 0x78
100050aa:	9b1f      	ldr	r3, [sp, #124]	@ 0x7c
100050ac:	0010      	movs	r0, r2
100050ae:	0019      	movs	r1, r3
100050b0:	f7fe fe93 	bl	10003dda <__wrap___aeabi_dcmpun>
100050b4:	2800      	cmp	r0, #0
100050b6:	d131      	bne.n	1000511c <_ftoa+0x8c>
100050b8:	2201      	movs	r2, #1
100050ba:	4252      	negs	r2, r2
100050bc:	4bbf      	ldr	r3, [pc, #764]	@ (100053bc <_ftoa+0x32c>)
100050be:	981e      	ldr	r0, [sp, #120]	@ 0x78
100050c0:	991f      	ldr	r1, [sp, #124]	@ 0x7c
100050c2:	f7fe fe6f 	bl	10003da4 <__wrap___aeabi_dcmplt>
100050c6:	2800      	cmp	r0, #0
100050c8:	d137      	bne.n	1000513a <_ftoa+0xaa>
100050ca:	2201      	movs	r2, #1
100050cc:	4252      	negs	r2, r2
100050ce:	4bbc      	ldr	r3, [pc, #752]	@ (100053c0 <_ftoa+0x330>)
100050d0:	981e      	ldr	r0, [sp, #120]	@ 0x78
100050d2:	991f      	ldr	r1, [sp, #124]	@ 0x7c
100050d4:	f7fe fe7c 	bl	10003dd0 <__wrap___aeabi_dcmpgt>
100050d8:	2800      	cmp	r0, #0
100050da:	d13d      	bne.n	10005158 <_ftoa+0xc8>
100050dc:	2200      	movs	r2, #0
100050de:	4bb9      	ldr	r3, [pc, #740]	@ (100053c4 <_ftoa+0x334>)
100050e0:	981e      	ldr	r0, [sp, #120]	@ 0x78
100050e2:	991f      	ldr	r1, [sp, #124]	@ 0x7c
100050e4:	f7fe fe74 	bl	10003dd0 <__wrap___aeabi_dcmpgt>
100050e8:	2800      	cmp	r0, #0
100050ea:	d150      	bne.n	1000518e <_ftoa+0xfe>
100050ec:	2200      	movs	r2, #0
100050ee:	4bb6      	ldr	r3, [pc, #728]	@ (100053c8 <_ftoa+0x338>)
100050f0:	981e      	ldr	r0, [sp, #120]	@ 0x78
100050f2:	991f      	ldr	r1, [sp, #124]	@ 0x7c
100050f4:	f7fe fe56 	bl	10003da4 <__wrap___aeabi_dcmplt>
100050f8:	2800      	cmp	r0, #0
100050fa:	d148      	bne.n	1000518e <_ftoa+0xfe>
100050fc:	2200      	movs	r2, #0
100050fe:	2300      	movs	r3, #0
10005100:	981e      	ldr	r0, [sp, #120]	@ 0x78
10005102:	991f      	ldr	r1, [sp, #124]	@ 0x7c
10005104:	f7fe fe4e 	bl	10003da4 <__wrap___aeabi_dcmplt>
10005108:	2800      	cmp	r0, #0
1000510a:	d150      	bne.n	100051ae <_ftoa+0x11e>
1000510c:	2300      	movs	r3, #0
1000510e:	4698      	mov	r8, r3
10005110:	9b22      	ldr	r3, [sp, #136]	@ 0x88
10005112:	055b      	lsls	r3, r3, #21
10005114:	d400      	bmi.n	10005118 <_ftoa+0x88>
10005116:	e0b6      	b.n	10005286 <_ftoa+0x1f6>
10005118:	2400      	movs	r4, #0
1000511a:	e058      	b.n	100051ce <_ftoa+0x13e>
1000511c:	9b22      	ldr	r3, [sp, #136]	@ 0x88
1000511e:	9303      	str	r3, [sp, #12]
10005120:	9b21      	ldr	r3, [sp, #132]	@ 0x84
10005122:	9302      	str	r3, [sp, #8]
10005124:	2303      	movs	r3, #3
10005126:	9301      	str	r3, [sp, #4]
10005128:	4ba8      	ldr	r3, [pc, #672]	@ (100053cc <_ftoa+0x33c>)
1000512a:	9300      	str	r3, [sp, #0]
1000512c:	464b      	mov	r3, r9
1000512e:	465a      	mov	r2, fp
10005130:	9907      	ldr	r1, [sp, #28]
10005132:	9806      	ldr	r0, [sp, #24]
10005134:	f7ff fbd8 	bl	100048e8 <_out_rev>
10005138:	e10e      	b.n	10005358 <_ftoa+0x2c8>
1000513a:	9b22      	ldr	r3, [sp, #136]	@ 0x88
1000513c:	9303      	str	r3, [sp, #12]
1000513e:	9b21      	ldr	r3, [sp, #132]	@ 0x84
10005140:	9302      	str	r3, [sp, #8]
10005142:	2304      	movs	r3, #4
10005144:	9301      	str	r3, [sp, #4]
10005146:	4ba2      	ldr	r3, [pc, #648]	@ (100053d0 <_ftoa+0x340>)
10005148:	9300      	str	r3, [sp, #0]
1000514a:	464b      	mov	r3, r9
1000514c:	465a      	mov	r2, fp
1000514e:	9907      	ldr	r1, [sp, #28]
10005150:	9806      	ldr	r0, [sp, #24]
10005152:	f7ff fbc9 	bl	100048e8 <_out_rev>
10005156:	e0ff      	b.n	10005358 <_ftoa+0x2c8>
10005158:	2304      	movs	r3, #4
1000515a:	9a22      	ldr	r2, [sp, #136]	@ 0x88
1000515c:	401a      	ands	r2, r3
1000515e:	9922      	ldr	r1, [sp, #136]	@ 0x88
10005160:	420b      	tst	r3, r1
10005162:	d010      	beq.n	10005186 <_ftoa+0xf6>
10005164:	4b9b      	ldr	r3, [pc, #620]	@ (100053d4 <_ftoa+0x344>)
10005166:	2a00      	cmp	r2, #0
10005168:	d00f      	beq.n	1000518a <_ftoa+0xfa>
1000516a:	2204      	movs	r2, #4
1000516c:	9922      	ldr	r1, [sp, #136]	@ 0x88
1000516e:	9103      	str	r1, [sp, #12]
10005170:	9921      	ldr	r1, [sp, #132]	@ 0x84
10005172:	9102      	str	r1, [sp, #8]
10005174:	9201      	str	r2, [sp, #4]
10005176:	9300      	str	r3, [sp, #0]
10005178:	464b      	mov	r3, r9
1000517a:	465a      	mov	r2, fp
1000517c:	9907      	ldr	r1, [sp, #28]
1000517e:	9806      	ldr	r0, [sp, #24]
10005180:	f7ff fbb2 	bl	100048e8 <_out_rev>
10005184:	e0e8      	b.n	10005358 <_ftoa+0x2c8>
10005186:	4b94      	ldr	r3, [pc, #592]	@ (100053d8 <_ftoa+0x348>)
10005188:	e7ed      	b.n	10005166 <_ftoa+0xd6>
1000518a:	2203      	movs	r2, #3
1000518c:	e7ee      	b.n	1000516c <_ftoa+0xdc>
1000518e:	9b22      	ldr	r3, [sp, #136]	@ 0x88
10005190:	9304      	str	r3, [sp, #16]
10005192:	9b21      	ldr	r3, [sp, #132]	@ 0x84
10005194:	9303      	str	r3, [sp, #12]
10005196:	9702      	str	r7, [sp, #8]
10005198:	9b1e      	ldr	r3, [sp, #120]	@ 0x78
1000519a:	9c1f      	ldr	r4, [sp, #124]	@ 0x7c
1000519c:	9300      	str	r3, [sp, #0]
1000519e:	9401      	str	r4, [sp, #4]
100051a0:	464b      	mov	r3, r9
100051a2:	465a      	mov	r2, fp
100051a4:	9907      	ldr	r1, [sp, #28]
100051a6:	9806      	ldr	r0, [sp, #24]
100051a8:	f7ff fd62 	bl	10004c70 <_etoa>
100051ac:	e0d4      	b.n	10005358 <_ftoa+0x2c8>
100051ae:	9a1e      	ldr	r2, [sp, #120]	@ 0x78
100051b0:	9b1f      	ldr	r3, [sp, #124]	@ 0x7c
100051b2:	2000      	movs	r0, #0
100051b4:	2100      	movs	r1, #0
100051b6:	f7fe fd82 	bl	10003cbe <__wrap___aeabi_dsub>
100051ba:	901e      	str	r0, [sp, #120]	@ 0x78
100051bc:	911f      	str	r1, [sp, #124]	@ 0x7c
100051be:	2301      	movs	r3, #1
100051c0:	4698      	mov	r8, r3
100051c2:	e7a5      	b.n	10005110 <_ftoa+0x80>
100051c4:	ab0c      	add	r3, sp, #48	@ 0x30
100051c6:	2230      	movs	r2, #48	@ 0x30
100051c8:	551a      	strb	r2, [r3, r4]
100051ca:	3f01      	subs	r7, #1
100051cc:	3401      	adds	r4, #1
100051ce:	2c1f      	cmp	r4, #31
100051d0:	d801      	bhi.n	100051d6 <_ftoa+0x146>
100051d2:	2f09      	cmp	r7, #9
100051d4:	d8f6      	bhi.n	100051c4 <_ftoa+0x134>
100051d6:	981e      	ldr	r0, [sp, #120]	@ 0x78
100051d8:	991f      	ldr	r1, [sp, #124]	@ 0x7c
100051da:	f7fe fe27 	bl	10003e2c <__wrap___aeabi_d2iz>
100051de:	0005      	movs	r5, r0
100051e0:	f7fe fe0c 	bl	10003dfc <__wrap___aeabi_i2d>
100051e4:	0002      	movs	r2, r0
100051e6:	000b      	movs	r3, r1
100051e8:	981e      	ldr	r0, [sp, #120]	@ 0x78
100051ea:	991f      	ldr	r1, [sp, #124]	@ 0x7c
100051ec:	f7fe fd67 	bl	10003cbe <__wrap___aeabi_dsub>
100051f0:	4b7a      	ldr	r3, [pc, #488]	@ (100053dc <_ftoa+0x34c>)
100051f2:	00fa      	lsls	r2, r7, #3
100051f4:	189b      	adds	r3, r3, r2
100051f6:	681a      	ldr	r2, [r3, #0]
100051f8:	685b      	ldr	r3, [r3, #4]
100051fa:	920a      	str	r2, [sp, #40]	@ 0x28
100051fc:	930b      	str	r3, [sp, #44]	@ 0x2c
100051fe:	f7fe fd8e 	bl	10003d1e <__wrap___aeabi_dmul>
10005202:	9008      	str	r0, [sp, #32]
10005204:	9109      	str	r1, [sp, #36]	@ 0x24
10005206:	f7fe fe35 	bl	10003e74 <__wrap___aeabi_d2uiz>
1000520a:	0006      	movs	r6, r0
1000520c:	f7fe fdf2 	bl	10003df4 <__wrap___aeabi_ui2d>
10005210:	0002      	movs	r2, r0
10005212:	000b      	movs	r3, r1
10005214:	9808      	ldr	r0, [sp, #32]
10005216:	9909      	ldr	r1, [sp, #36]	@ 0x24
10005218:	f7fe fd51 	bl	10003cbe <__wrap___aeabi_dsub>
1000521c:	9008      	str	r0, [sp, #32]
1000521e:	9109      	str	r1, [sp, #36]	@ 0x24
10005220:	2200      	movs	r2, #0
10005222:	4b6f      	ldr	r3, [pc, #444]	@ (100053e0 <_ftoa+0x350>)
10005224:	f7fe fdd4 	bl	10003dd0 <__wrap___aeabi_dcmpgt>
10005228:	2800      	cmp	r0, #0
1000522a:	d02e      	beq.n	1000528a <_ftoa+0x1fa>
1000522c:	3601      	adds	r6, #1
1000522e:	0030      	movs	r0, r6
10005230:	f7fe fde0 	bl	10003df4 <__wrap___aeabi_ui2d>
10005234:	0002      	movs	r2, r0
10005236:	000b      	movs	r3, r1
10005238:	980a      	ldr	r0, [sp, #40]	@ 0x28
1000523a:	990b      	ldr	r1, [sp, #44]	@ 0x2c
1000523c:	f7fe fdb8 	bl	10003db0 <__wrap___aeabi_dcmple>
10005240:	2800      	cmp	r0, #0
10005242:	d001      	beq.n	10005248 <_ftoa+0x1b8>
10005244:	3501      	adds	r5, #1
10005246:	2600      	movs	r6, #0
10005248:	2f00      	cmp	r7, #0
1000524a:	d12c      	bne.n	100052a6 <_ftoa+0x216>
1000524c:	0028      	movs	r0, r5
1000524e:	f7fe fdd5 	bl	10003dfc <__wrap___aeabi_i2d>
10005252:	0002      	movs	r2, r0
10005254:	000b      	movs	r3, r1
10005256:	981e      	ldr	r0, [sp, #120]	@ 0x78
10005258:	991f      	ldr	r1, [sp, #124]	@ 0x7c
1000525a:	f7fe fd30 	bl	10003cbe <__wrap___aeabi_dsub>
1000525e:	0006      	movs	r6, r0
10005260:	000f      	movs	r7, r1
10005262:	2200      	movs	r2, #0
10005264:	4b5e      	ldr	r3, [pc, #376]	@ (100053e0 <_ftoa+0x350>)
10005266:	f7fe fd9d 	bl	10003da4 <__wrap___aeabi_dcmplt>
1000526a:	2800      	cmp	r0, #0
1000526c:	d146      	bne.n	100052fc <_ftoa+0x26c>
1000526e:	2200      	movs	r2, #0
10005270:	4b5b      	ldr	r3, [pc, #364]	@ (100053e0 <_ftoa+0x350>)
10005272:	0030      	movs	r0, r6
10005274:	0039      	movs	r1, r7
10005276:	f7fe fdab 	bl	10003dd0 <__wrap___aeabi_dcmpgt>
1000527a:	2800      	cmp	r0, #0
1000527c:	d13e      	bne.n	100052fc <_ftoa+0x26c>
1000527e:	07eb      	lsls	r3, r5, #31
10005280:	d53c      	bpl.n	100052fc <_ftoa+0x26c>
10005282:	3501      	adds	r5, #1
10005284:	e03a      	b.n	100052fc <_ftoa+0x26c>
10005286:	2706      	movs	r7, #6
10005288:	e746      	b.n	10005118 <_ftoa+0x88>
1000528a:	2200      	movs	r2, #0
1000528c:	4b54      	ldr	r3, [pc, #336]	@ (100053e0 <_ftoa+0x350>)
1000528e:	9808      	ldr	r0, [sp, #32]
10005290:	9909      	ldr	r1, [sp, #36]	@ 0x24
10005292:	f7fe fd87 	bl	10003da4 <__wrap___aeabi_dcmplt>
10005296:	2800      	cmp	r0, #0
10005298:	d1d6      	bne.n	10005248 <_ftoa+0x1b8>
1000529a:	2e00      	cmp	r6, #0
1000529c:	d001      	beq.n	100052a2 <_ftoa+0x212>
1000529e:	07f3      	lsls	r3, r6, #31
100052a0:	d5d2      	bpl.n	10005248 <_ftoa+0x1b8>
100052a2:	3601      	adds	r6, #1
100052a4:	e7d0      	b.n	10005248 <_ftoa+0x1b8>
100052a6:	46aa      	mov	sl, r5
100052a8:	2c1f      	cmp	r4, #31
100052aa:	d811      	bhi.n	100052d0 <_ftoa+0x240>
100052ac:	3f01      	subs	r7, #1
100052ae:	210a      	movs	r1, #10
100052b0:	0030      	movs	r0, r6
100052b2:	f7fe fac9 	bl	10003848 <__wrap___aeabi_uidiv>
100052b6:	1c65      	adds	r5, r4, #1
100052b8:	3130      	adds	r1, #48	@ 0x30
100052ba:	ab0c      	add	r3, sp, #48	@ 0x30
100052bc:	5519      	strb	r1, [r3, r4]
100052be:	210a      	movs	r1, #10
100052c0:	0030      	movs	r0, r6
100052c2:	f7fe fac1 	bl	10003848 <__wrap___aeabi_uidiv>
100052c6:	2e09      	cmp	r6, #9
100052c8:	d90e      	bls.n	100052e8 <_ftoa+0x258>
100052ca:	0006      	movs	r6, r0
100052cc:	002c      	movs	r4, r5
100052ce:	e7eb      	b.n	100052a8 <_ftoa+0x218>
100052d0:	4655      	mov	r5, sl
100052d2:	2c1f      	cmp	r4, #31
100052d4:	d80c      	bhi.n	100052f0 <_ftoa+0x260>
100052d6:	1e7b      	subs	r3, r7, #1
100052d8:	2f00      	cmp	r7, #0
100052da:	d009      	beq.n	100052f0 <_ftoa+0x260>
100052dc:	aa0c      	add	r2, sp, #48	@ 0x30
100052de:	2130      	movs	r1, #48	@ 0x30
100052e0:	5511      	strb	r1, [r2, r4]
100052e2:	001f      	movs	r7, r3
100052e4:	3401      	adds	r4, #1
100052e6:	e7f4      	b.n	100052d2 <_ftoa+0x242>
100052e8:	002b      	movs	r3, r5
100052ea:	4655      	mov	r5, sl
100052ec:	001c      	movs	r4, r3
100052ee:	e7f0      	b.n	100052d2 <_ftoa+0x242>
100052f0:	2c1f      	cmp	r4, #31
100052f2:	d803      	bhi.n	100052fc <_ftoa+0x26c>
100052f4:	ab0c      	add	r3, sp, #48	@ 0x30
100052f6:	222e      	movs	r2, #46	@ 0x2e
100052f8:	551a      	strb	r2, [r3, r4]
100052fa:	3401      	adds	r4, #1
100052fc:	2c1f      	cmp	r4, #31
100052fe:	d810      	bhi.n	10005322 <_ftoa+0x292>
10005300:	210a      	movs	r1, #10
10005302:	0028      	movs	r0, r5
10005304:	f7fe fa78 	bl	100037f8 <__wrap___aeabi_idiv>
10005308:	1c66      	adds	r6, r4, #1
1000530a:	3130      	adds	r1, #48	@ 0x30
1000530c:	ab0c      	add	r3, sp, #48	@ 0x30
1000530e:	5519      	strb	r1, [r3, r4]
10005310:	210a      	movs	r1, #10
10005312:	0028      	movs	r0, r5
10005314:	f7fe fa70 	bl	100037f8 <__wrap___aeabi_idiv>
10005318:	1e05      	subs	r5, r0, #0
1000531a:	d001      	beq.n	10005320 <_ftoa+0x290>
1000531c:	0034      	movs	r4, r6
1000531e:	e7ed      	b.n	100052fc <_ftoa+0x26c>
10005320:	0034      	movs	r4, r6
10005322:	2303      	movs	r3, #3
10005324:	9a22      	ldr	r2, [sp, #136]	@ 0x88
10005326:	4013      	ands	r3, r2
10005328:	2b01      	cmp	r3, #1
1000532a:	d01c      	beq.n	10005366 <_ftoa+0x2d6>
1000532c:	2c1f      	cmp	r4, #31
1000532e:	d806      	bhi.n	1000533e <_ftoa+0x2ae>
10005330:	4643      	mov	r3, r8
10005332:	2b00      	cmp	r3, #0
10005334:	d032      	beq.n	1000539c <_ftoa+0x30c>
10005336:	ab0c      	add	r3, sp, #48	@ 0x30
10005338:	222d      	movs	r2, #45	@ 0x2d
1000533a:	551a      	strb	r2, [r3, r4]
1000533c:	3401      	adds	r4, #1
1000533e:	9b22      	ldr	r3, [sp, #136]	@ 0x88
10005340:	9303      	str	r3, [sp, #12]
10005342:	9b21      	ldr	r3, [sp, #132]	@ 0x84
10005344:	9302      	str	r3, [sp, #8]
10005346:	9401      	str	r4, [sp, #4]
10005348:	ab0c      	add	r3, sp, #48	@ 0x30
1000534a:	9300      	str	r3, [sp, #0]
1000534c:	464b      	mov	r3, r9
1000534e:	465a      	mov	r2, fp
10005350:	9907      	ldr	r1, [sp, #28]
10005352:	9806      	ldr	r0, [sp, #24]
10005354:	f7ff fac8 	bl	100048e8 <_out_rev>
10005358:	b015      	add	sp, #84	@ 0x54
1000535a:	bcf0      	pop	{r4, r5, r6, r7}
1000535c:	46bb      	mov	fp, r7
1000535e:	46b2      	mov	sl, r6
10005360:	46a9      	mov	r9, r5
10005362:	46a0      	mov	r8, r4
10005364:	bdf0      	pop	{r4, r5, r6, r7, pc}
10005366:	9b21      	ldr	r3, [sp, #132]	@ 0x84
10005368:	2b00      	cmp	r3, #0
1000536a:	d013      	beq.n	10005394 <_ftoa+0x304>
1000536c:	4643      	mov	r3, r8
1000536e:	2b00      	cmp	r3, #0
10005370:	d102      	bne.n	10005378 <_ftoa+0x2e8>
10005372:	330c      	adds	r3, #12
10005374:	4213      	tst	r3, r2
10005376:	d00f      	beq.n	10005398 <_ftoa+0x308>
10005378:	9b21      	ldr	r3, [sp, #132]	@ 0x84
1000537a:	3b01      	subs	r3, #1
1000537c:	9321      	str	r3, [sp, #132]	@ 0x84
1000537e:	0019      	movs	r1, r3
10005380:	e003      	b.n	1000538a <_ftoa+0x2fa>
10005382:	ab0c      	add	r3, sp, #48	@ 0x30
10005384:	2230      	movs	r2, #48	@ 0x30
10005386:	551a      	strb	r2, [r3, r4]
10005388:	3401      	adds	r4, #1
1000538a:	428c      	cmp	r4, r1
1000538c:	d2ce      	bcs.n	1000532c <_ftoa+0x29c>
1000538e:	2c1f      	cmp	r4, #31
10005390:	d9f7      	bls.n	10005382 <_ftoa+0x2f2>
10005392:	e7cb      	b.n	1000532c <_ftoa+0x29c>
10005394:	9921      	ldr	r1, [sp, #132]	@ 0x84
10005396:	e7f8      	b.n	1000538a <_ftoa+0x2fa>
10005398:	9921      	ldr	r1, [sp, #132]	@ 0x84
1000539a:	e7f6      	b.n	1000538a <_ftoa+0x2fa>
1000539c:	9b22      	ldr	r3, [sp, #136]	@ 0x88
1000539e:	075b      	lsls	r3, r3, #29
100053a0:	d504      	bpl.n	100053ac <_ftoa+0x31c>
100053a2:	ab0c      	add	r3, sp, #48	@ 0x30
100053a4:	222b      	movs	r2, #43	@ 0x2b
100053a6:	551a      	strb	r2, [r3, r4]
100053a8:	3401      	adds	r4, #1
100053aa:	e7c8      	b.n	1000533e <_ftoa+0x2ae>
100053ac:	9b22      	ldr	r3, [sp, #136]	@ 0x88
100053ae:	071b      	lsls	r3, r3, #28
100053b0:	d5c5      	bpl.n	1000533e <_ftoa+0x2ae>
100053b2:	ab0c      	add	r3, sp, #48	@ 0x30
100053b4:	2220      	movs	r2, #32
100053b6:	551a      	strb	r2, [r3, r4]
100053b8:	3401      	adds	r4, #1
100053ba:	e7c0      	b.n	1000533e <_ftoa+0x2ae>
100053bc:	ffefffff 	.word	0xffefffff
100053c0:	7fefffff 	.word	0x7fefffff
100053c4:	41cdcd65 	.word	0x41cdcd65
100053c8:	c1cdcd65 	.word	0xc1cdcd65
100053cc:	100096e8 	.word	0x100096e8
100053d0:	100096ec 	.word	0x100096ec
100053d4:	100096dc 	.word	0x100096dc
100053d8:	100096e4 	.word	0x100096e4
100053dc:	1000a270 	.word	0x1000a270
100053e0:	3fe00000 	.word	0x3fe00000

100053e4 <_vsnprintf>:
100053e4:	b5f0      	push	{r4, r5, r6, r7, lr}
100053e6:	46de      	mov	lr, fp
100053e8:	4657      	mov	r7, sl
100053ea:	464e      	mov	r6, r9
100053ec:	4645      	mov	r5, r8
100053ee:	b5e0      	push	{r5, r6, r7, lr}
100053f0:	b093      	sub	sp, #76	@ 0x4c
100053f2:	4682      	mov	sl, r0
100053f4:	4688      	mov	r8, r1
100053f6:	4693      	mov	fp, r2
100053f8:	9311      	str	r3, [sp, #68]	@ 0x44
100053fa:	2900      	cmp	r1, #0
100053fc:	d100      	bne.n	10005400 <_vsnprintf+0x1c>
100053fe:	e30d      	b.n	10005a1c <_vsnprintf+0x638>
10005400:	2500      	movs	r5, #0
10005402:	4656      	mov	r6, sl
10005404:	9b11      	ldr	r3, [sp, #68]	@ 0x44
10005406:	7818      	ldrb	r0, [r3, #0]
10005408:	2800      	cmp	r0, #0
1000540a:	d100      	bne.n	1000540e <_vsnprintf+0x2a>
1000540c:	e309      	b.n	10005a22 <_vsnprintf+0x63e>
1000540e:	2825      	cmp	r0, #37	@ 0x25
10005410:	d009      	beq.n	10005426 <_vsnprintf+0x42>
10005412:	1c6c      	adds	r4, r5, #1
10005414:	465b      	mov	r3, fp
10005416:	002a      	movs	r2, r5
10005418:	4641      	mov	r1, r8
1000541a:	47b0      	blx	r6
1000541c:	9b11      	ldr	r3, [sp, #68]	@ 0x44
1000541e:	3301      	adds	r3, #1
10005420:	9311      	str	r3, [sp, #68]	@ 0x44
10005422:	0025      	movs	r5, r4
10005424:	e7ee      	b.n	10005404 <_vsnprintf+0x20>
10005426:	3301      	adds	r3, #1
10005428:	9311      	str	r3, [sp, #68]	@ 0x44
1000542a:	2700      	movs	r7, #0
1000542c:	e020      	b.n	10005470 <_vsnprintf+0x8c>
1000542e:	2301      	movs	r3, #1
10005430:	431f      	orrs	r7, r3
10005432:	3201      	adds	r2, #1
10005434:	9211      	str	r2, [sp, #68]	@ 0x44
10005436:	2401      	movs	r4, #1
10005438:	e018      	b.n	1000546c <_vsnprintf+0x88>
1000543a:	2302      	movs	r3, #2
1000543c:	431f      	orrs	r7, r3
1000543e:	3201      	adds	r2, #1
10005440:	9211      	str	r2, [sp, #68]	@ 0x44
10005442:	2401      	movs	r4, #1
10005444:	e012      	b.n	1000546c <_vsnprintf+0x88>
10005446:	2304      	movs	r3, #4
10005448:	431f      	orrs	r7, r3
1000544a:	3201      	adds	r2, #1
1000544c:	9211      	str	r2, [sp, #68]	@ 0x44
1000544e:	2401      	movs	r4, #1
10005450:	e00c      	b.n	1000546c <_vsnprintf+0x88>
10005452:	2308      	movs	r3, #8
10005454:	431f      	orrs	r7, r3
10005456:	3201      	adds	r2, #1
10005458:	9211      	str	r2, [sp, #68]	@ 0x44
1000545a:	2401      	movs	r4, #1
1000545c:	e006      	b.n	1000546c <_vsnprintf+0x88>
1000545e:	2310      	movs	r3, #16
10005460:	431f      	orrs	r7, r3
10005462:	3201      	adds	r2, #1
10005464:	9211      	str	r2, [sp, #68]	@ 0x44
10005466:	2401      	movs	r4, #1
10005468:	e000      	b.n	1000546c <_vsnprintf+0x88>
1000546a:	2400      	movs	r4, #0
1000546c:	2c00      	cmp	r4, #0
1000546e:	d009      	beq.n	10005484 <_vsnprintf+0xa0>
10005470:	9a11      	ldr	r2, [sp, #68]	@ 0x44
10005472:	7813      	ldrb	r3, [r2, #0]
10005474:	3b20      	subs	r3, #32
10005476:	b2d9      	uxtb	r1, r3
10005478:	2910      	cmp	r1, #16
1000547a:	d8f6      	bhi.n	1000546a <_vsnprintf+0x86>
1000547c:	008b      	lsls	r3, r1, #2
1000547e:	49c8      	ldr	r1, [pc, #800]	@ (100057a0 <_vsnprintf+0x3bc>)
10005480:	58cb      	ldr	r3, [r1, r3]
10005482:	469f      	mov	pc, r3
10005484:	9b11      	ldr	r3, [sp, #68]	@ 0x44
10005486:	781a      	ldrb	r2, [r3, #0]
10005488:	0013      	movs	r3, r2
1000548a:	3b30      	subs	r3, #48	@ 0x30
1000548c:	b2db      	uxtb	r3, r3
1000548e:	2b09      	cmp	r3, #9
10005490:	d910      	bls.n	100054b4 <_vsnprintf+0xd0>
10005492:	2a2a      	cmp	r2, #42	@ 0x2a
10005494:	d013      	beq.n	100054be <_vsnprintf+0xda>
10005496:	940b      	str	r4, [sp, #44]	@ 0x2c
10005498:	9b11      	ldr	r3, [sp, #68]	@ 0x44
1000549a:	781a      	ldrb	r2, [r3, #0]
1000549c:	2a2e      	cmp	r2, #46	@ 0x2e
1000549e:	d01e      	beq.n	100054de <_vsnprintf+0xfa>
100054a0:	9a11      	ldr	r2, [sp, #68]	@ 0x44
100054a2:	7813      	ldrb	r3, [r2, #0]
100054a4:	3b68      	subs	r3, #104	@ 0x68
100054a6:	b2d9      	uxtb	r1, r3
100054a8:	2912      	cmp	r1, #18
100054aa:	d859      	bhi.n	10005560 <_vsnprintf+0x17c>
100054ac:	008b      	lsls	r3, r1, #2
100054ae:	49bd      	ldr	r1, [pc, #756]	@ (100057a4 <_vsnprintf+0x3c0>)
100054b0:	58cb      	ldr	r3, [r1, r3]
100054b2:	469f      	mov	pc, r3
100054b4:	a811      	add	r0, sp, #68	@ 0x44
100054b6:	f7ff fa05 	bl	100048c4 <_atoi>
100054ba:	900b      	str	r0, [sp, #44]	@ 0x2c
100054bc:	e7ec      	b.n	10005498 <_vsnprintf+0xb4>
100054be:	9b1c      	ldr	r3, [sp, #112]	@ 0x70
100054c0:	1d1a      	adds	r2, r3, #4
100054c2:	921c      	str	r2, [sp, #112]	@ 0x70
100054c4:	681b      	ldr	r3, [r3, #0]
100054c6:	2b00      	cmp	r3, #0
100054c8:	db04      	blt.n	100054d4 <_vsnprintf+0xf0>
100054ca:	930b      	str	r3, [sp, #44]	@ 0x2c
100054cc:	9b11      	ldr	r3, [sp, #68]	@ 0x44
100054ce:	3301      	adds	r3, #1
100054d0:	9311      	str	r3, [sp, #68]	@ 0x44
100054d2:	e7e1      	b.n	10005498 <_vsnprintf+0xb4>
100054d4:	2202      	movs	r2, #2
100054d6:	4317      	orrs	r7, r2
100054d8:	425b      	negs	r3, r3
100054da:	930b      	str	r3, [sp, #44]	@ 0x2c
100054dc:	e7f6      	b.n	100054cc <_vsnprintf+0xe8>
100054de:	2280      	movs	r2, #128	@ 0x80
100054e0:	00d2      	lsls	r2, r2, #3
100054e2:	4317      	orrs	r7, r2
100054e4:	1c5a      	adds	r2, r3, #1
100054e6:	9211      	str	r2, [sp, #68]	@ 0x44
100054e8:	785a      	ldrb	r2, [r3, #1]
100054ea:	0013      	movs	r3, r2
100054ec:	3b30      	subs	r3, #48	@ 0x30
100054ee:	b2db      	uxtb	r3, r3
100054f0:	2b09      	cmp	r3, #9
100054f2:	d90b      	bls.n	1000550c <_vsnprintf+0x128>
100054f4:	2a2a      	cmp	r2, #42	@ 0x2a
100054f6:	d1d3      	bne.n	100054a0 <_vsnprintf+0xbc>
100054f8:	9b1c      	ldr	r3, [sp, #112]	@ 0x70
100054fa:	1d1a      	adds	r2, r3, #4
100054fc:	921c      	str	r2, [sp, #112]	@ 0x70
100054fe:	681c      	ldr	r4, [r3, #0]
10005500:	2c00      	cmp	r4, #0
10005502:	db08      	blt.n	10005516 <_vsnprintf+0x132>
10005504:	9b11      	ldr	r3, [sp, #68]	@ 0x44
10005506:	3301      	adds	r3, #1
10005508:	9311      	str	r3, [sp, #68]	@ 0x44
1000550a:	e7c9      	b.n	100054a0 <_vsnprintf+0xbc>
1000550c:	a811      	add	r0, sp, #68	@ 0x44
1000550e:	f7ff f9d9 	bl	100048c4 <_atoi>
10005512:	0004      	movs	r4, r0
10005514:	e7c4      	b.n	100054a0 <_vsnprintf+0xbc>
10005516:	2400      	movs	r4, #0
10005518:	e7f4      	b.n	10005504 <_vsnprintf+0x120>
1000551a:	2380      	movs	r3, #128	@ 0x80
1000551c:	005b      	lsls	r3, r3, #1
1000551e:	433b      	orrs	r3, r7
10005520:	1c51      	adds	r1, r2, #1
10005522:	9111      	str	r1, [sp, #68]	@ 0x44
10005524:	7851      	ldrb	r1, [r2, #1]
10005526:	296c      	cmp	r1, #108	@ 0x6c
10005528:	d001      	beq.n	1000552e <_vsnprintf+0x14a>
1000552a:	001f      	movs	r7, r3
1000552c:	e018      	b.n	10005560 <_vsnprintf+0x17c>
1000552e:	23c0      	movs	r3, #192	@ 0xc0
10005530:	009b      	lsls	r3, r3, #2
10005532:	431f      	orrs	r7, r3
10005534:	3202      	adds	r2, #2
10005536:	9211      	str	r2, [sp, #68]	@ 0x44
10005538:	e012      	b.n	10005560 <_vsnprintf+0x17c>
1000553a:	2380      	movs	r3, #128	@ 0x80
1000553c:	433b      	orrs	r3, r7
1000553e:	1c51      	adds	r1, r2, #1
10005540:	9111      	str	r1, [sp, #68]	@ 0x44
10005542:	7851      	ldrb	r1, [r2, #1]
10005544:	2968      	cmp	r1, #104	@ 0x68
10005546:	d001      	beq.n	1000554c <_vsnprintf+0x168>
10005548:	001f      	movs	r7, r3
1000554a:	e009      	b.n	10005560 <_vsnprintf+0x17c>
1000554c:	23c0      	movs	r3, #192	@ 0xc0
1000554e:	431f      	orrs	r7, r3
10005550:	3202      	adds	r2, #2
10005552:	9211      	str	r2, [sp, #68]	@ 0x44
10005554:	e004      	b.n	10005560 <_vsnprintf+0x17c>
10005556:	2380      	movs	r3, #128	@ 0x80
10005558:	005b      	lsls	r3, r3, #1
1000555a:	431f      	orrs	r7, r3
1000555c:	3201      	adds	r2, #1
1000555e:	9211      	str	r2, [sp, #68]	@ 0x44
10005560:	9b11      	ldr	r3, [sp, #68]	@ 0x44
10005562:	7818      	ldrb	r0, [r3, #0]
10005564:	2867      	cmp	r0, #103	@ 0x67
10005566:	d818      	bhi.n	1000559a <_vsnprintf+0x1b6>
10005568:	2825      	cmp	r0, #37	@ 0x25
1000556a:	d200      	bcs.n	1000556e <_vsnprintf+0x18a>
1000556c:	e24c      	b.n	10005a08 <_vsnprintf+0x624>
1000556e:	0003      	movs	r3, r0
10005570:	3b25      	subs	r3, #37	@ 0x25
10005572:	b2da      	uxtb	r2, r3
10005574:	2a42      	cmp	r2, #66	@ 0x42
10005576:	d900      	bls.n	1000557a <_vsnprintf+0x196>
10005578:	e246      	b.n	10005a08 <_vsnprintf+0x624>
1000557a:	0093      	lsls	r3, r2, #2
1000557c:	4a8a      	ldr	r2, [pc, #552]	@ (100057a8 <_vsnprintf+0x3c4>)
1000557e:	58d3      	ldr	r3, [r2, r3]
10005580:	469f      	mov	pc, r3
10005582:	2380      	movs	r3, #128	@ 0x80
10005584:	009b      	lsls	r3, r3, #2
10005586:	431f      	orrs	r7, r3
10005588:	3201      	adds	r2, #1
1000558a:	9211      	str	r2, [sp, #68]	@ 0x44
1000558c:	e7e8      	b.n	10005560 <_vsnprintf+0x17c>
1000558e:	2380      	movs	r3, #128	@ 0x80
10005590:	005b      	lsls	r3, r3, #1
10005592:	431f      	orrs	r7, r3
10005594:	3201      	adds	r2, #1
10005596:	9211      	str	r2, [sp, #68]	@ 0x44
10005598:	e7e2      	b.n	10005560 <_vsnprintf+0x17c>
1000559a:	2878      	cmp	r0, #120	@ 0x78
1000559c:	d900      	bls.n	100055a0 <_vsnprintf+0x1bc>
1000559e:	e233      	b.n	10005a08 <_vsnprintf+0x624>
100055a0:	2869      	cmp	r0, #105	@ 0x69
100055a2:	d200      	bcs.n	100055a6 <_vsnprintf+0x1c2>
100055a4:	e230      	b.n	10005a08 <_vsnprintf+0x624>
100055a6:	0002      	movs	r2, r0
100055a8:	3a69      	subs	r2, #105	@ 0x69
100055aa:	b2d2      	uxtb	r2, r2
100055ac:	2301      	movs	r3, #1
100055ae:	4093      	lsls	r3, r2
100055b0:	4a7e      	ldr	r2, [pc, #504]	@ (100057ac <_vsnprintf+0x3c8>)
100055b2:	4213      	tst	r3, r2
100055b4:	d111      	bne.n	100055da <_vsnprintf+0x1f6>
100055b6:	061a      	lsls	r2, r3, #24
100055b8:	d500      	bpl.n	100055bc <_vsnprintf+0x1d8>
100055ba:	e200      	b.n	100059be <_vsnprintf+0x5da>
100055bc:	055b      	lsls	r3, r3, #21
100055be:	d400      	bmi.n	100055c2 <_vsnprintf+0x1de>
100055c0:	e222      	b.n	10005a08 <_vsnprintf+0x624>
100055c2:	9b1c      	ldr	r3, [sp, #112]	@ 0x70
100055c4:	1d1a      	adds	r2, r3, #4
100055c6:	921c      	str	r2, [sp, #112]	@ 0x70
100055c8:	681b      	ldr	r3, [r3, #0]
100055ca:	469a      	mov	sl, r3
100055cc:	2c00      	cmp	r4, #0
100055ce:	d000      	beq.n	100055d2 <_vsnprintf+0x1ee>
100055d0:	e1b2      	b.n	10005938 <_vsnprintf+0x554>
100055d2:	2201      	movs	r2, #1
100055d4:	4252      	negs	r2, r2
100055d6:	4653      	mov	r3, sl
100055d8:	e18e      	b.n	100058f8 <_vsnprintf+0x514>
100055da:	286f      	cmp	r0, #111	@ 0x6f
100055dc:	d00e      	beq.n	100055fc <_vsnprintf+0x218>
100055de:	d806      	bhi.n	100055ee <_vsnprintf+0x20a>
100055e0:	2858      	cmp	r0, #88	@ 0x58
100055e2:	d03d      	beq.n	10005660 <_vsnprintf+0x27c>
100055e4:	2862      	cmp	r0, #98	@ 0x62
100055e6:	d104      	bne.n	100055f2 <_vsnprintf+0x20e>
100055e8:	2302      	movs	r3, #2
100055ea:	469c      	mov	ip, r3
100055ec:	e008      	b.n	10005600 <_vsnprintf+0x21c>
100055ee:	2878      	cmp	r0, #120	@ 0x78
100055f0:	d039      	beq.n	10005666 <_vsnprintf+0x282>
100055f2:	2310      	movs	r3, #16
100055f4:	439f      	bics	r7, r3
100055f6:	3b06      	subs	r3, #6
100055f8:	469c      	mov	ip, r3
100055fa:	e001      	b.n	10005600 <_vsnprintf+0x21c>
100055fc:	2308      	movs	r3, #8
100055fe:	469c      	mov	ip, r3
10005600:	2858      	cmp	r0, #88	@ 0x58
10005602:	d033      	beq.n	1000566c <_vsnprintf+0x288>
10005604:	2869      	cmp	r0, #105	@ 0x69
10005606:	d003      	beq.n	10005610 <_vsnprintf+0x22c>
10005608:	2864      	cmp	r0, #100	@ 0x64
1000560a:	d001      	beq.n	10005610 <_vsnprintf+0x22c>
1000560c:	220c      	movs	r2, #12
1000560e:	4397      	bics	r7, r2
10005610:	057a      	lsls	r2, r7, #21
10005612:	d501      	bpl.n	10005618 <_vsnprintf+0x234>
10005614:	2201      	movs	r2, #1
10005616:	4397      	bics	r7, r2
10005618:	2869      	cmp	r0, #105	@ 0x69
1000561a:	d02a      	beq.n	10005672 <_vsnprintf+0x28e>
1000561c:	2864      	cmp	r0, #100	@ 0x64
1000561e:	d028      	beq.n	10005672 <_vsnprintf+0x28e>
10005620:	05ba      	lsls	r2, r7, #22
10005622:	d500      	bpl.n	10005626 <_vsnprintf+0x242>
10005624:	e09f      	b.n	10005766 <_vsnprintf+0x382>
10005626:	05fa      	lsls	r2, r7, #23
10005628:	d500      	bpl.n	1000562c <_vsnprintf+0x248>
1000562a:	e0c1      	b.n	100057b0 <_vsnprintf+0x3cc>
1000562c:	067a      	lsls	r2, r7, #25
1000562e:	d400      	bmi.n	10005632 <_vsnprintf+0x24e>
10005630:	e0d3      	b.n	100057da <_vsnprintf+0x3f6>
10005632:	9a1c      	ldr	r2, [sp, #112]	@ 0x70
10005634:	1d11      	adds	r1, r2, #4
10005636:	911c      	str	r1, [sp, #112]	@ 0x70
10005638:	6811      	ldr	r1, [r2, #0]
1000563a:	22ff      	movs	r2, #255	@ 0xff
1000563c:	400a      	ands	r2, r1
1000563e:	9705      	str	r7, [sp, #20]
10005640:	9b0b      	ldr	r3, [sp, #44]	@ 0x2c
10005642:	9304      	str	r3, [sp, #16]
10005644:	9403      	str	r4, [sp, #12]
10005646:	4663      	mov	r3, ip
10005648:	9302      	str	r3, [sp, #8]
1000564a:	2300      	movs	r3, #0
1000564c:	9301      	str	r3, [sp, #4]
1000564e:	9200      	str	r2, [sp, #0]
10005650:	465b      	mov	r3, fp
10005652:	002a      	movs	r2, r5
10005654:	4641      	mov	r1, r8
10005656:	0030      	movs	r0, r6
10005658:	f7ff fa25 	bl	10004aa6 <_ntoa_long>
1000565c:	0005      	movs	r5, r0
1000565e:	e027      	b.n	100056b0 <_vsnprintf+0x2cc>
10005660:	2310      	movs	r3, #16
10005662:	469c      	mov	ip, r3
10005664:	e7cc      	b.n	10005600 <_vsnprintf+0x21c>
10005666:	2310      	movs	r3, #16
10005668:	469c      	mov	ip, r3
1000566a:	e7c9      	b.n	10005600 <_vsnprintf+0x21c>
1000566c:	2220      	movs	r2, #32
1000566e:	4317      	orrs	r7, r2
10005670:	e7c8      	b.n	10005604 <_vsnprintf+0x220>
10005672:	05ba      	lsls	r2, r7, #22
10005674:	d420      	bmi.n	100056b8 <_vsnprintf+0x2d4>
10005676:	05fa      	lsls	r2, r7, #23
10005678:	d450      	bmi.n	1000571c <_vsnprintf+0x338>
1000567a:	067a      	lsls	r2, r7, #25
1000567c:	d566      	bpl.n	1000574c <_vsnprintf+0x368>
1000567e:	9a1c      	ldr	r2, [sp, #112]	@ 0x70
10005680:	1d11      	adds	r1, r2, #4
10005682:	911c      	str	r1, [sp, #112]	@ 0x70
10005684:	6811      	ldr	r1, [r2, #0]
10005686:	22ff      	movs	r2, #255	@ 0xff
10005688:	400a      	ands	r2, r1
1000568a:	17d0      	asrs	r0, r2, #31
1000568c:	1811      	adds	r1, r2, r0
1000568e:	4041      	eors	r1, r0
10005690:	9705      	str	r7, [sp, #20]
10005692:	9b0b      	ldr	r3, [sp, #44]	@ 0x2c
10005694:	9304      	str	r3, [sp, #16]
10005696:	9403      	str	r4, [sp, #12]
10005698:	4663      	mov	r3, ip
1000569a:	9302      	str	r3, [sp, #8]
1000569c:	0fd2      	lsrs	r2, r2, #31
1000569e:	9201      	str	r2, [sp, #4]
100056a0:	9100      	str	r1, [sp, #0]
100056a2:	465b      	mov	r3, fp
100056a4:	002a      	movs	r2, r5
100056a6:	4641      	mov	r1, r8
100056a8:	0030      	movs	r0, r6
100056aa:	f7ff f9fc 	bl	10004aa6 <_ntoa_long>
100056ae:	0005      	movs	r5, r0
100056b0:	9b11      	ldr	r3, [sp, #68]	@ 0x44
100056b2:	3301      	adds	r3, #1
100056b4:	9311      	str	r3, [sp, #68]	@ 0x44
100056b6:	e6a5      	b.n	10005404 <_vsnprintf+0x20>
100056b8:	9a1c      	ldr	r2, [sp, #112]	@ 0x70
100056ba:	3207      	adds	r2, #7
100056bc:	2107      	movs	r1, #7
100056be:	438a      	bics	r2, r1
100056c0:	0011      	movs	r1, r2
100056c2:	3108      	adds	r1, #8
100056c4:	911c      	str	r1, [sp, #112]	@ 0x70
100056c6:	6811      	ldr	r1, [r2, #0]
100056c8:	6853      	ldr	r3, [r2, #4]
100056ca:	4699      	mov	r9, r3
100056cc:	17db      	asrs	r3, r3, #31
100056ce:	930c      	str	r3, [sp, #48]	@ 0x30
100056d0:	930d      	str	r3, [sp, #52]	@ 0x34
100056d2:	9a0c      	ldr	r2, [sp, #48]	@ 0x30
100056d4:	9b0d      	ldr	r3, [sp, #52]	@ 0x34
100056d6:	0010      	movs	r0, r2
100056d8:	4048      	eors	r0, r1
100056da:	900e      	str	r0, [sp, #56]	@ 0x38
100056dc:	464a      	mov	r2, r9
100056de:	4053      	eors	r3, r2
100056e0:	930f      	str	r3, [sp, #60]	@ 0x3c
100056e2:	980e      	ldr	r0, [sp, #56]	@ 0x38
100056e4:	990f      	ldr	r1, [sp, #60]	@ 0x3c
100056e6:	9a0c      	ldr	r2, [sp, #48]	@ 0x30
100056e8:	9b0d      	ldr	r3, [sp, #52]	@ 0x34
100056ea:	1a80      	subs	r0, r0, r2
100056ec:	4199      	sbcs	r1, r3
100056ee:	900e      	str	r0, [sp, #56]	@ 0x38
100056f0:	910f      	str	r1, [sp, #60]	@ 0x3c
100056f2:	9708      	str	r7, [sp, #32]
100056f4:	9b0b      	ldr	r3, [sp, #44]	@ 0x2c
100056f6:	9307      	str	r3, [sp, #28]
100056f8:	9406      	str	r4, [sp, #24]
100056fa:	4663      	mov	r3, ip
100056fc:	9304      	str	r3, [sp, #16]
100056fe:	2300      	movs	r3, #0
10005700:	9305      	str	r3, [sp, #20]
10005702:	464b      	mov	r3, r9
10005704:	0fda      	lsrs	r2, r3, #31
10005706:	9202      	str	r2, [sp, #8]
10005708:	9000      	str	r0, [sp, #0]
1000570a:	9101      	str	r1, [sp, #4]
1000570c:	465b      	mov	r3, fp
1000570e:	002a      	movs	r2, r5
10005710:	4641      	mov	r1, r8
10005712:	0030      	movs	r0, r6
10005714:	f7ff fa25 	bl	10004b62 <_ntoa_long_long>
10005718:	0005      	movs	r5, r0
1000571a:	e7c9      	b.n	100056b0 <_vsnprintf+0x2cc>
1000571c:	9a1c      	ldr	r2, [sp, #112]	@ 0x70
1000571e:	1d11      	adds	r1, r2, #4
10005720:	911c      	str	r1, [sp, #112]	@ 0x70
10005722:	6812      	ldr	r2, [r2, #0]
10005724:	17d0      	asrs	r0, r2, #31
10005726:	1811      	adds	r1, r2, r0
10005728:	4041      	eors	r1, r0
1000572a:	9705      	str	r7, [sp, #20]
1000572c:	9b0b      	ldr	r3, [sp, #44]	@ 0x2c
1000572e:	9304      	str	r3, [sp, #16]
10005730:	9403      	str	r4, [sp, #12]
10005732:	4663      	mov	r3, ip
10005734:	9302      	str	r3, [sp, #8]
10005736:	0fd2      	lsrs	r2, r2, #31
10005738:	9201      	str	r2, [sp, #4]
1000573a:	9100      	str	r1, [sp, #0]
1000573c:	465b      	mov	r3, fp
1000573e:	002a      	movs	r2, r5
10005740:	4641      	mov	r1, r8
10005742:	0030      	movs	r0, r6
10005744:	f7ff f9af 	bl	10004aa6 <_ntoa_long>
10005748:	0005      	movs	r5, r0
1000574a:	e7b1      	b.n	100056b0 <_vsnprintf+0x2cc>
1000574c:	063a      	lsls	r2, r7, #24
1000574e:	d505      	bpl.n	1000575c <_vsnprintf+0x378>
10005750:	9a1c      	ldr	r2, [sp, #112]	@ 0x70
10005752:	1d11      	adds	r1, r2, #4
10005754:	911c      	str	r1, [sp, #112]	@ 0x70
10005756:	2300      	movs	r3, #0
10005758:	5ed2      	ldrsh	r2, [r2, r3]
1000575a:	e796      	b.n	1000568a <_vsnprintf+0x2a6>
1000575c:	9a1c      	ldr	r2, [sp, #112]	@ 0x70
1000575e:	1d11      	adds	r1, r2, #4
10005760:	911c      	str	r1, [sp, #112]	@ 0x70
10005762:	6812      	ldr	r2, [r2, #0]
10005764:	e791      	b.n	1000568a <_vsnprintf+0x2a6>
10005766:	9a1c      	ldr	r2, [sp, #112]	@ 0x70
10005768:	3207      	adds	r2, #7
1000576a:	2107      	movs	r1, #7
1000576c:	438a      	bics	r2, r1
1000576e:	0011      	movs	r1, r2
10005770:	3108      	adds	r1, #8
10005772:	911c      	str	r1, [sp, #112]	@ 0x70
10005774:	9708      	str	r7, [sp, #32]
10005776:	9b0b      	ldr	r3, [sp, #44]	@ 0x2c
10005778:	9307      	str	r3, [sp, #28]
1000577a:	9406      	str	r4, [sp, #24]
1000577c:	4663      	mov	r3, ip
1000577e:	9304      	str	r3, [sp, #16]
10005780:	2300      	movs	r3, #0
10005782:	9305      	str	r3, [sp, #20]
10005784:	9302      	str	r3, [sp, #8]
10005786:	6853      	ldr	r3, [r2, #4]
10005788:	6812      	ldr	r2, [r2, #0]
1000578a:	9200      	str	r2, [sp, #0]
1000578c:	9301      	str	r3, [sp, #4]
1000578e:	465b      	mov	r3, fp
10005790:	002a      	movs	r2, r5
10005792:	4641      	mov	r1, r8
10005794:	0030      	movs	r0, r6
10005796:	f7ff f9e4 	bl	10004b62 <_ntoa_long_long>
1000579a:	0005      	movs	r5, r0
1000579c:	e788      	b.n	100056b0 <_vsnprintf+0x2cc>
1000579e:	46c0      	nop			@ (mov r8, r8)
100057a0:	1000a0d4 	.word	0x1000a0d4
100057a4:	1000a118 	.word	0x1000a118
100057a8:	1000a164 	.word	0x1000a164
100057ac:	00009041 	.word	0x00009041
100057b0:	9a1c      	ldr	r2, [sp, #112]	@ 0x70
100057b2:	1d11      	adds	r1, r2, #4
100057b4:	911c      	str	r1, [sp, #112]	@ 0x70
100057b6:	9705      	str	r7, [sp, #20]
100057b8:	9b0b      	ldr	r3, [sp, #44]	@ 0x2c
100057ba:	9304      	str	r3, [sp, #16]
100057bc:	9403      	str	r4, [sp, #12]
100057be:	4663      	mov	r3, ip
100057c0:	9302      	str	r3, [sp, #8]
100057c2:	2300      	movs	r3, #0
100057c4:	9301      	str	r3, [sp, #4]
100057c6:	6813      	ldr	r3, [r2, #0]
100057c8:	9300      	str	r3, [sp, #0]
100057ca:	465b      	mov	r3, fp
100057cc:	002a      	movs	r2, r5
100057ce:	4641      	mov	r1, r8
100057d0:	0030      	movs	r0, r6
100057d2:	f7ff f968 	bl	10004aa6 <_ntoa_long>
100057d6:	0005      	movs	r5, r0
100057d8:	e76a      	b.n	100056b0 <_vsnprintf+0x2cc>
100057da:	063a      	lsls	r2, r7, #24
100057dc:	d506      	bpl.n	100057ec <_vsnprintf+0x408>
100057de:	9a1c      	ldr	r2, [sp, #112]	@ 0x70
100057e0:	1d11      	adds	r1, r2, #4
100057e2:	911c      	str	r1, [sp, #112]	@ 0x70
100057e4:	6812      	ldr	r2, [r2, #0]
100057e6:	0412      	lsls	r2, r2, #16
100057e8:	0c12      	lsrs	r2, r2, #16
100057ea:	e728      	b.n	1000563e <_vsnprintf+0x25a>
100057ec:	9a1c      	ldr	r2, [sp, #112]	@ 0x70
100057ee:	1d11      	adds	r1, r2, #4
100057f0:	911c      	str	r1, [sp, #112]	@ 0x70
100057f2:	6812      	ldr	r2, [r2, #0]
100057f4:	e723      	b.n	1000563e <_vsnprintf+0x25a>
100057f6:	2846      	cmp	r0, #70	@ 0x46
100057f8:	d019      	beq.n	1000582e <_vsnprintf+0x44a>
100057fa:	9b1c      	ldr	r3, [sp, #112]	@ 0x70
100057fc:	3307      	adds	r3, #7
100057fe:	2207      	movs	r2, #7
10005800:	4393      	bics	r3, r2
10005802:	001a      	movs	r2, r3
10005804:	3208      	adds	r2, #8
10005806:	921c      	str	r2, [sp, #112]	@ 0x70
10005808:	9704      	str	r7, [sp, #16]
1000580a:	9a0b      	ldr	r2, [sp, #44]	@ 0x2c
1000580c:	9203      	str	r2, [sp, #12]
1000580e:	9402      	str	r4, [sp, #8]
10005810:	681a      	ldr	r2, [r3, #0]
10005812:	685b      	ldr	r3, [r3, #4]
10005814:	9200      	str	r2, [sp, #0]
10005816:	9301      	str	r3, [sp, #4]
10005818:	465b      	mov	r3, fp
1000581a:	002a      	movs	r2, r5
1000581c:	4641      	mov	r1, r8
1000581e:	0030      	movs	r0, r6
10005820:	f7ff fc36 	bl	10005090 <_ftoa>
10005824:	0005      	movs	r5, r0
10005826:	9b11      	ldr	r3, [sp, #68]	@ 0x44
10005828:	3301      	adds	r3, #1
1000582a:	9311      	str	r3, [sp, #68]	@ 0x44
1000582c:	e5ea      	b.n	10005404 <_vsnprintf+0x20>
1000582e:	2320      	movs	r3, #32
10005830:	431f      	orrs	r7, r3
10005832:	e7e2      	b.n	100057fa <_vsnprintf+0x416>
10005834:	2867      	cmp	r0, #103	@ 0x67
10005836:	d001      	beq.n	1000583c <_vsnprintf+0x458>
10005838:	2847      	cmp	r0, #71	@ 0x47
1000583a:	d102      	bne.n	10005842 <_vsnprintf+0x45e>
1000583c:	2380      	movs	r3, #128	@ 0x80
1000583e:	011b      	lsls	r3, r3, #4
10005840:	431f      	orrs	r7, r3
10005842:	2845      	cmp	r0, #69	@ 0x45
10005844:	d001      	beq.n	1000584a <_vsnprintf+0x466>
10005846:	2847      	cmp	r0, #71	@ 0x47
10005848:	d101      	bne.n	1000584e <_vsnprintf+0x46a>
1000584a:	2320      	movs	r3, #32
1000584c:	431f      	orrs	r7, r3
1000584e:	9b1c      	ldr	r3, [sp, #112]	@ 0x70
10005850:	3307      	adds	r3, #7
10005852:	2207      	movs	r2, #7
10005854:	4393      	bics	r3, r2
10005856:	001a      	movs	r2, r3
10005858:	3208      	adds	r2, #8
1000585a:	921c      	str	r2, [sp, #112]	@ 0x70
1000585c:	9704      	str	r7, [sp, #16]
1000585e:	9a0b      	ldr	r2, [sp, #44]	@ 0x2c
10005860:	9203      	str	r2, [sp, #12]
10005862:	9402      	str	r4, [sp, #8]
10005864:	681a      	ldr	r2, [r3, #0]
10005866:	685b      	ldr	r3, [r3, #4]
10005868:	9200      	str	r2, [sp, #0]
1000586a:	9301      	str	r3, [sp, #4]
1000586c:	465b      	mov	r3, fp
1000586e:	002a      	movs	r2, r5
10005870:	4641      	mov	r1, r8
10005872:	0030      	movs	r0, r6
10005874:	f7ff f9fc 	bl	10004c70 <_etoa>
10005878:	0005      	movs	r5, r0
1000587a:	9b11      	ldr	r3, [sp, #68]	@ 0x44
1000587c:	3301      	adds	r3, #1
1000587e:	9311      	str	r3, [sp, #68]	@ 0x44
10005880:	e5c0      	b.n	10005404 <_vsnprintf+0x20>
10005882:	2302      	movs	r3, #2
10005884:	001a      	movs	r2, r3
10005886:	403a      	ands	r2, r7
10005888:	4691      	mov	r9, r2
1000588a:	423b      	tst	r3, r7
1000588c:	d01d      	beq.n	100058ca <_vsnprintf+0x4e6>
1000588e:	2401      	movs	r4, #1
10005890:	9b1c      	ldr	r3, [sp, #112]	@ 0x70
10005892:	1d1a      	adds	r2, r3, #4
10005894:	921c      	str	r2, [sp, #112]	@ 0x70
10005896:	1c6f      	adds	r7, r5, #1
10005898:	7818      	ldrb	r0, [r3, #0]
1000589a:	465b      	mov	r3, fp
1000589c:	002a      	movs	r2, r5
1000589e:	4641      	mov	r1, r8
100058a0:	47b0      	blx	r6
100058a2:	464b      	mov	r3, r9
100058a4:	2b00      	cmp	r3, #0
100058a6:	d114      	bne.n	100058d2 <_vsnprintf+0x4ee>
100058a8:	9b11      	ldr	r3, [sp, #68]	@ 0x44
100058aa:	3301      	adds	r3, #1
100058ac:	9311      	str	r3, [sp, #68]	@ 0x44
100058ae:	003d      	movs	r5, r7
100058b0:	e5a8      	b.n	10005404 <_vsnprintf+0x20>
100058b2:	1c57      	adds	r7, r2, #1
100058b4:	465b      	mov	r3, fp
100058b6:	4641      	mov	r1, r8
100058b8:	2020      	movs	r0, #32
100058ba:	47b0      	blx	r6
100058bc:	0023      	movs	r3, r4
100058be:	003a      	movs	r2, r7
100058c0:	1c5c      	adds	r4, r3, #1
100058c2:	429d      	cmp	r5, r3
100058c4:	d8f5      	bhi.n	100058b2 <_vsnprintf+0x4ce>
100058c6:	0015      	movs	r5, r2
100058c8:	e7e2      	b.n	10005890 <_vsnprintf+0x4ac>
100058ca:	2301      	movs	r3, #1
100058cc:	002a      	movs	r2, r5
100058ce:	9d0b      	ldr	r5, [sp, #44]	@ 0x2c
100058d0:	e7f6      	b.n	100058c0 <_vsnprintf+0x4dc>
100058d2:	003a      	movs	r2, r7
100058d4:	46b1      	mov	r9, r6
100058d6:	9e0b      	ldr	r6, [sp, #44]	@ 0x2c
100058d8:	e006      	b.n	100058e8 <_vsnprintf+0x504>
100058da:	1c57      	adds	r7, r2, #1
100058dc:	465b      	mov	r3, fp
100058de:	4641      	mov	r1, r8
100058e0:	2020      	movs	r0, #32
100058e2:	47c8      	blx	r9
100058e4:	002c      	movs	r4, r5
100058e6:	003a      	movs	r2, r7
100058e8:	1c65      	adds	r5, r4, #1
100058ea:	42a6      	cmp	r6, r4
100058ec:	d8f5      	bhi.n	100058da <_vsnprintf+0x4f6>
100058ee:	0017      	movs	r7, r2
100058f0:	464e      	mov	r6, r9
100058f2:	e7d9      	b.n	100058a8 <_vsnprintf+0x4c4>
100058f4:	3301      	adds	r3, #1
100058f6:	000a      	movs	r2, r1
100058f8:	7819      	ldrb	r1, [r3, #0]
100058fa:	2900      	cmp	r1, #0
100058fc:	d002      	beq.n	10005904 <_vsnprintf+0x520>
100058fe:	1e51      	subs	r1, r2, #1
10005900:	2a00      	cmp	r2, #0
10005902:	d1f7      	bne.n	100058f4 <_vsnprintf+0x510>
10005904:	4652      	mov	r2, sl
10005906:	1a9b      	subs	r3, r3, r2
10005908:	2280      	movs	r2, #128	@ 0x80
1000590a:	00d2      	lsls	r2, r2, #3
1000590c:	0039      	movs	r1, r7
1000590e:	4011      	ands	r1, r2
10005910:	4689      	mov	r9, r1
10005912:	4217      	tst	r7, r2
10005914:	d002      	beq.n	1000591c <_vsnprintf+0x538>
10005916:	42a3      	cmp	r3, r4
10005918:	d900      	bls.n	1000591c <_vsnprintf+0x538>
1000591a:	0023      	movs	r3, r4
1000591c:	2202      	movs	r2, #2
1000591e:	0011      	movs	r1, r2
10005920:	4039      	ands	r1, r7
10005922:	9110      	str	r1, [sp, #64]	@ 0x40
10005924:	423a      	tst	r2, r7
10005926:	d009      	beq.n	1000593c <_vsnprintf+0x558>
10005928:	002a      	movs	r2, r5
1000592a:	0025      	movs	r5, r4
1000592c:	4657      	mov	r7, sl
1000592e:	469a      	mov	sl, r3
10005930:	0033      	movs	r3, r6
10005932:	464e      	mov	r6, r9
10005934:	4699      	mov	r9, r3
10005936:	e021      	b.n	1000597c <_vsnprintf+0x598>
10005938:	0022      	movs	r2, r4
1000593a:	e64c      	b.n	100055d6 <_vsnprintf+0x1f2>
1000593c:	002a      	movs	r2, r5
1000593e:	4645      	mov	r5, r8
10005940:	46a0      	mov	r8, r4
10005942:	e006      	b.n	10005952 <_vsnprintf+0x56e>
10005944:	1c54      	adds	r4, r2, #1
10005946:	465b      	mov	r3, fp
10005948:	0029      	movs	r1, r5
1000594a:	2020      	movs	r0, #32
1000594c:	47b0      	blx	r6
1000594e:	003b      	movs	r3, r7
10005950:	0022      	movs	r2, r4
10005952:	1c5f      	adds	r7, r3, #1
10005954:	990b      	ldr	r1, [sp, #44]	@ 0x2c
10005956:	4299      	cmp	r1, r3
10005958:	d8f4      	bhi.n	10005944 <_vsnprintf+0x560>
1000595a:	4644      	mov	r4, r8
1000595c:	46a8      	mov	r8, r5
1000595e:	003b      	movs	r3, r7
10005960:	0025      	movs	r5, r4
10005962:	4657      	mov	r7, sl
10005964:	469a      	mov	sl, r3
10005966:	0033      	movs	r3, r6
10005968:	464e      	mov	r6, r9
1000596a:	4699      	mov	r9, r3
1000596c:	e006      	b.n	1000597c <_vsnprintf+0x598>
1000596e:	001d      	movs	r5, r3
10005970:	3701      	adds	r7, #1
10005972:	1c54      	adds	r4, r2, #1
10005974:	465b      	mov	r3, fp
10005976:	4641      	mov	r1, r8
10005978:	47c8      	blx	r9
1000597a:	0022      	movs	r2, r4
1000597c:	7838      	ldrb	r0, [r7, #0]
1000597e:	2800      	cmp	r0, #0
10005980:	d004      	beq.n	1000598c <_vsnprintf+0x5a8>
10005982:	2e00      	cmp	r6, #0
10005984:	d0f4      	beq.n	10005970 <_vsnprintf+0x58c>
10005986:	1e6b      	subs	r3, r5, #1
10005988:	2d00      	cmp	r5, #0
1000598a:	d1f0      	bne.n	1000596e <_vsnprintf+0x58a>
1000598c:	0015      	movs	r5, r2
1000598e:	4653      	mov	r3, sl
10005990:	464e      	mov	r6, r9
10005992:	9a10      	ldr	r2, [sp, #64]	@ 0x40
10005994:	2a00      	cmp	r2, #0
10005996:	d103      	bne.n	100059a0 <_vsnprintf+0x5bc>
10005998:	9b11      	ldr	r3, [sp, #68]	@ 0x44
1000599a:	3301      	adds	r3, #1
1000599c:	9311      	str	r3, [sp, #68]	@ 0x44
1000599e:	e531      	b.n	10005404 <_vsnprintf+0x20>
100059a0:	9f0b      	ldr	r7, [sp, #44]	@ 0x2c
100059a2:	002a      	movs	r2, r5
100059a4:	e006      	b.n	100059b4 <_vsnprintf+0x5d0>
100059a6:	1c55      	adds	r5, r2, #1
100059a8:	465b      	mov	r3, fp
100059aa:	4641      	mov	r1, r8
100059ac:	2020      	movs	r0, #32
100059ae:	47b0      	blx	r6
100059b0:	0023      	movs	r3, r4
100059b2:	002a      	movs	r2, r5
100059b4:	1c5c      	adds	r4, r3, #1
100059b6:	429f      	cmp	r7, r3
100059b8:	d8f5      	bhi.n	100059a6 <_vsnprintf+0x5c2>
100059ba:	0015      	movs	r5, r2
100059bc:	e7ec      	b.n	10005998 <_vsnprintf+0x5b4>
100059be:	2321      	movs	r3, #33	@ 0x21
100059c0:	433b      	orrs	r3, r7
100059c2:	9a1c      	ldr	r2, [sp, #112]	@ 0x70
100059c4:	1d11      	adds	r1, r2, #4
100059c6:	911c      	str	r1, [sp, #112]	@ 0x70
100059c8:	6812      	ldr	r2, [r2, #0]
100059ca:	9305      	str	r3, [sp, #20]
100059cc:	2308      	movs	r3, #8
100059ce:	9304      	str	r3, [sp, #16]
100059d0:	9403      	str	r4, [sp, #12]
100059d2:	3308      	adds	r3, #8
100059d4:	9302      	str	r3, [sp, #8]
100059d6:	2300      	movs	r3, #0
100059d8:	9301      	str	r3, [sp, #4]
100059da:	9200      	str	r2, [sp, #0]
100059dc:	465b      	mov	r3, fp
100059de:	002a      	movs	r2, r5
100059e0:	4641      	mov	r1, r8
100059e2:	0030      	movs	r0, r6
100059e4:	f7ff f85f 	bl	10004aa6 <_ntoa_long>
100059e8:	0005      	movs	r5, r0
100059ea:	9b11      	ldr	r3, [sp, #68]	@ 0x44
100059ec:	3301      	adds	r3, #1
100059ee:	9311      	str	r3, [sp, #68]	@ 0x44
100059f0:	e508      	b.n	10005404 <_vsnprintf+0x20>
100059f2:	1c6c      	adds	r4, r5, #1
100059f4:	465b      	mov	r3, fp
100059f6:	002a      	movs	r2, r5
100059f8:	4641      	mov	r1, r8
100059fa:	2025      	movs	r0, #37	@ 0x25
100059fc:	47b0      	blx	r6
100059fe:	9b11      	ldr	r3, [sp, #68]	@ 0x44
10005a00:	3301      	adds	r3, #1
10005a02:	9311      	str	r3, [sp, #68]	@ 0x44
10005a04:	0025      	movs	r5, r4
10005a06:	e4fd      	b.n	10005404 <_vsnprintf+0x20>
10005a08:	1c6c      	adds	r4, r5, #1
10005a0a:	465b      	mov	r3, fp
10005a0c:	002a      	movs	r2, r5
10005a0e:	4641      	mov	r1, r8
10005a10:	47b0      	blx	r6
10005a12:	9b11      	ldr	r3, [sp, #68]	@ 0x44
10005a14:	3301      	adds	r3, #1
10005a16:	9311      	str	r3, [sp, #68]	@ 0x44
10005a18:	0025      	movs	r5, r4
10005a1a:	e4f3      	b.n	10005404 <_vsnprintf+0x20>
10005a1c:	4b0a      	ldr	r3, [pc, #40]	@ (10005a48 <_vsnprintf+0x664>)
10005a1e:	469a      	mov	sl, r3
10005a20:	e4ee      	b.n	10005400 <_vsnprintf+0x1c>
10005a22:	46b2      	mov	sl, r6
10005a24:	455d      	cmp	r5, fp
10005a26:	d30d      	bcc.n	10005a44 <_vsnprintf+0x660>
10005a28:	465b      	mov	r3, fp
10005a2a:	1e5a      	subs	r2, r3, #1
10005a2c:	465b      	mov	r3, fp
10005a2e:	4641      	mov	r1, r8
10005a30:	2000      	movs	r0, #0
10005a32:	47d0      	blx	sl
10005a34:	0028      	movs	r0, r5
10005a36:	b013      	add	sp, #76	@ 0x4c
10005a38:	bcf0      	pop	{r4, r5, r6, r7}
10005a3a:	46bb      	mov	fp, r7
10005a3c:	46b2      	mov	sl, r6
10005a3e:	46a9      	mov	r9, r5
10005a40:	46a0      	mov	r8, r4
10005a42:	bdf0      	pop	{r4, r5, r6, r7, pc}
10005a44:	002a      	movs	r2, r5
10005a46:	e7f1      	b.n	10005a2c <_vsnprintf+0x648>
10005a48:	100048b5 	.word	0x100048b5

10005a4c <vfctprintf>:
10005a4c:	b500      	push	{lr}
10005a4e:	b085      	sub	sp, #20
10005a50:	9002      	str	r0, [sp, #8]
10005a52:	9103      	str	r1, [sp, #12]
10005a54:	2101      	movs	r1, #1
10005a56:	4804      	ldr	r0, [pc, #16]	@ (10005a68 <vfctprintf+0x1c>)
10005a58:	9300      	str	r3, [sp, #0]
10005a5a:	0013      	movs	r3, r2
10005a5c:	424a      	negs	r2, r1
10005a5e:	a902      	add	r1, sp, #8
10005a60:	f7ff fcc0 	bl	100053e4 <_vsnprintf>
10005a64:	b005      	add	sp, #20
10005a66:	bd00      	pop	{pc}
10005a68:	100048b7 	.word	0x100048b7

10005a6c <_exit>:
10005a6c:	be00      	bkpt	0x0000
10005a6e:	e7fd      	b.n	10005a6c <_exit>

10005a70 <_sbrk>:
10005a70:	0003      	movs	r3, r0
10005a72:	4a0a      	ldr	r2, [pc, #40]	@ (10005a9c <_sbrk+0x2c>)
10005a74:	6812      	ldr	r2, [r2, #0]
10005a76:	2a00      	cmp	r2, #0
10005a78:	d008      	beq.n	10005a8c <_sbrk+0x1c>
10005a7a:	4a08      	ldr	r2, [pc, #32]	@ (10005a9c <_sbrk+0x2c>)
10005a7c:	6810      	ldr	r0, [r2, #0]
10005a7e:	18c3      	adds	r3, r0, r3
10005a80:	4a07      	ldr	r2, [pc, #28]	@ (10005aa0 <_sbrk+0x30>)
10005a82:	429a      	cmp	r2, r3
10005a84:	d306      	bcc.n	10005a94 <_sbrk+0x24>
10005a86:	4a05      	ldr	r2, [pc, #20]	@ (10005a9c <_sbrk+0x2c>)
10005a88:	6013      	str	r3, [r2, #0]
10005a8a:	4770      	bx	lr
10005a8c:	4a03      	ldr	r2, [pc, #12]	@ (10005a9c <_sbrk+0x2c>)
10005a8e:	4905      	ldr	r1, [pc, #20]	@ (10005aa4 <_sbrk+0x34>)
10005a90:	6011      	str	r1, [r2, #0]
10005a92:	e7f2      	b.n	10005a7a <_sbrk+0xa>
10005a94:	2001      	movs	r0, #1
10005a96:	4240      	negs	r0, r0
10005a98:	e7f7      	b.n	10005a8a <_sbrk+0x1a>
10005a9a:	46c0      	nop			@ (mov r8, r8)
10005a9c:	20001e7c 	.word	0x20001e7c
10005aa0:	20040000 	.word	0x20040000
10005aa4:	200024f8 	.word	0x200024f8

10005aa8 <exit>:
10005aa8:	b510      	push	{r4, lr}
10005aaa:	f7ff ffdf 	bl	10005a6c <_exit>
	...

10005ab0 <__assert_func>:
10005ab0:	b530      	push	{r4, r5, lr}
10005ab2:	b083      	sub	sp, #12
10005ab4:	000d      	movs	r5, r1
10005ab6:	0019      	movs	r1, r3
10005ab8:	2a00      	cmp	r2, #0
10005aba:	d00b      	beq.n	10005ad4 <__assert_func+0x24>
10005abc:	4b07      	ldr	r3, [pc, #28]	@ (10005adc <__assert_func+0x2c>)
10005abe:	4c08      	ldr	r4, [pc, #32]	@ (10005ae0 <__assert_func+0x30>)
10005ac0:	9201      	str	r2, [sp, #4]
10005ac2:	9300      	str	r3, [sp, #0]
10005ac4:	002b      	movs	r3, r5
10005ac6:	0002      	movs	r2, r0
10005ac8:	0020      	movs	r0, r4
10005aca:	f000 f95f 	bl	10005d8c <__wrap_printf>
10005ace:	2001      	movs	r0, #1
10005ad0:	f7ff ffcc 	bl	10005a6c <_exit>
10005ad4:	4b03      	ldr	r3, [pc, #12]	@ (10005ae4 <__assert_func+0x34>)
10005ad6:	001a      	movs	r2, r3
10005ad8:	e7f1      	b.n	10005abe <__assert_func+0xe>
10005ada:	46c0      	nop			@ (mov r8, r8)
10005adc:	100096f4 	.word	0x100096f4
10005ae0:	10009704 	.word	0x10009704
10005ae4:	10008ef0 	.word	0x10008ef0

10005ae8 <runtime_init>:
10005ae8:	b510      	push	{r4, lr}
10005aea:	f3ef 8305 	mrs	r3, IPSR
10005aee:	2b00      	cmp	r3, #0
10005af0:	d000      	beq.n	10005af4 <runtime_init+0xc>
10005af2:	be00      	bkpt	0x0000
10005af4:	f7fd fd6e 	bl	100035d4 <runtime_run_initializers>
10005af8:	4c03      	ldr	r4, [pc, #12]	@ (10005b08 <runtime_init+0x20>)
10005afa:	e001      	b.n	10005b00 <runtime_init+0x18>
10005afc:	cc08      	ldmia	r4!, {r3}
10005afe:	4798      	blx	r3
10005b00:	4b02      	ldr	r3, [pc, #8]	@ (10005b0c <runtime_init+0x24>)
10005b02:	429c      	cmp	r4, r3
10005b04:	d3fa      	bcc.n	10005afc <runtime_init+0x14>
10005b06:	bd10      	pop	{r4, pc}
10005b08:	10008e84 	.word	0x10008e84
10005b0c:	10008e90 	.word	0x10008e90

10005b10 <stdio_out_chars_no_crlf>:
10005b10:	b510      	push	{r4, lr}
10005b12:	0003      	movs	r3, r0
10005b14:	0008      	movs	r0, r1
10005b16:	0011      	movs	r1, r2
10005b18:	681b      	ldr	r3, [r3, #0]
10005b1a:	4798      	blx	r3
10005b1c:	bd10      	pop	{r4, pc}
	...

10005b20 <stdio_out_chars_crlf>:
10005b20:	b5f8      	push	{r3, r4, r5, r6, r7, lr}
10005b22:	0007      	movs	r7, r0
10005b24:	000d      	movs	r5, r1
10005b26:	0016      	movs	r6, r2
10005b28:	7d43      	ldrb	r3, [r0, #21]
10005b2a:	2b00      	cmp	r3, #0
10005b2c:	d002      	beq.n	10005b34 <stdio_out_chars_crlf+0x14>
10005b2e:	2400      	movs	r4, #0
10005b30:	2000      	movs	r0, #0
10005b32:	e00c      	b.n	10005b4e <stdio_out_chars_crlf+0x2e>
10005b34:	6803      	ldr	r3, [r0, #0]
10005b36:	0011      	movs	r1, r2
10005b38:	0028      	movs	r0, r5
10005b3a:	4798      	blx	r3
10005b3c:	e02d      	b.n	10005b9a <stdio_out_chars_crlf+0x7a>
10005b3e:	7d3b      	ldrb	r3, [r7, #20]
10005b40:	e010      	b.n	10005b64 <stdio_out_chars_crlf+0x44>
10005b42:	683b      	ldr	r3, [r7, #0]
10005b44:	4815      	ldr	r0, [pc, #84]	@ (10005b9c <stdio_out_chars_crlf+0x7c>)
10005b46:	2102      	movs	r1, #2
10005b48:	4798      	blx	r3
10005b4a:	1c60      	adds	r0, r4, #1
10005b4c:	3401      	adds	r4, #1
10005b4e:	42b4      	cmp	r4, r6
10005b50:	da14      	bge.n	10005b7c <stdio_out_chars_crlf+0x5c>
10005b52:	2c00      	cmp	r4, #0
10005b54:	ddf3      	ble.n	10005b3e <stdio_out_chars_crlf+0x1e>
10005b56:	192b      	adds	r3, r5, r4
10005b58:	3b01      	subs	r3, #1
10005b5a:	781b      	ldrb	r3, [r3, #0]
10005b5c:	3b0d      	subs	r3, #13
10005b5e:	425a      	negs	r2, r3
10005b60:	4153      	adcs	r3, r2
10005b62:	b2db      	uxtb	r3, r3
10005b64:	5d2a      	ldrb	r2, [r5, r4]
10005b66:	2a0a      	cmp	r2, #10
10005b68:	d1f0      	bne.n	10005b4c <stdio_out_chars_crlf+0x2c>
10005b6a:	2b00      	cmp	r3, #0
10005b6c:	d1ee      	bne.n	10005b4c <stdio_out_chars_crlf+0x2c>
10005b6e:	42a0      	cmp	r0, r4
10005b70:	dae7      	bge.n	10005b42 <stdio_out_chars_crlf+0x22>
10005b72:	683b      	ldr	r3, [r7, #0]
10005b74:	1a21      	subs	r1, r4, r0
10005b76:	1828      	adds	r0, r5, r0
10005b78:	4798      	blx	r3
10005b7a:	e7e2      	b.n	10005b42 <stdio_out_chars_crlf+0x22>
10005b7c:	42b0      	cmp	r0, r6
10005b7e:	da03      	bge.n	10005b88 <stdio_out_chars_crlf+0x68>
10005b80:	683b      	ldr	r3, [r7, #0]
10005b82:	1a31      	subs	r1, r6, r0
10005b84:	1828      	adds	r0, r5, r0
10005b86:	4798      	blx	r3
10005b88:	2e00      	cmp	r6, #0
10005b8a:	dd06      	ble.n	10005b9a <stdio_out_chars_crlf+0x7a>
10005b8c:	19ad      	adds	r5, r5, r6
10005b8e:	3d01      	subs	r5, #1
10005b90:	782b      	ldrb	r3, [r5, #0]
10005b92:	3b0d      	subs	r3, #13
10005b94:	425a      	negs	r2, r3
10005b96:	4153      	adcs	r3, r2
10005b98:	753b      	strb	r3, [r7, #20]
10005b9a:	bdf8      	pop	{r3, r4, r5, r6, r7, pc}
10005b9c:	1000a2c0 	.word	0x1000a2c0

10005ba0 <stdio_stack_buffer_flush>:
10005ba0:	b570      	push	{r4, r5, r6, lr}
10005ba2:	0005      	movs	r5, r0
10005ba4:	6803      	ldr	r3, [r0, #0]
10005ba6:	2b00      	cmp	r3, #0
10005ba8:	d016      	beq.n	10005bd8 <stdio_stack_buffer_flush+0x38>
10005baa:	4b0c      	ldr	r3, [pc, #48]	@ (10005bdc <stdio_stack_buffer_flush+0x3c>)
10005bac:	681c      	ldr	r4, [r3, #0]
10005bae:	e005      	b.n	10005bbc <stdio_stack_buffer_flush+0x1c>
10005bb0:	0029      	movs	r1, r5
10005bb2:	c904      	ldmia	r1!, {r2}
10005bb4:	0020      	movs	r0, r4
10005bb6:	f7ff ffb3 	bl	10005b20 <stdio_out_chars_crlf>
10005bba:	6924      	ldr	r4, [r4, #16]
10005bbc:	2c00      	cmp	r4, #0
10005bbe:	d009      	beq.n	10005bd4 <stdio_stack_buffer_flush+0x34>
10005bc0:	6823      	ldr	r3, [r4, #0]
10005bc2:	2b00      	cmp	r3, #0
10005bc4:	d0f9      	beq.n	10005bba <stdio_stack_buffer_flush+0x1a>
10005bc6:	4b06      	ldr	r3, [pc, #24]	@ (10005be0 <stdio_stack_buffer_flush+0x40>)
10005bc8:	681b      	ldr	r3, [r3, #0]
10005bca:	2b00      	cmp	r3, #0
10005bcc:	d0f0      	beq.n	10005bb0 <stdio_stack_buffer_flush+0x10>
10005bce:	42a3      	cmp	r3, r4
10005bd0:	d1f3      	bne.n	10005bba <stdio_stack_buffer_flush+0x1a>
10005bd2:	e7ed      	b.n	10005bb0 <stdio_stack_buffer_flush+0x10>
10005bd4:	2300      	movs	r3, #0
10005bd6:	602b      	str	r3, [r5, #0]
10005bd8:	bd70      	pop	{r4, r5, r6, pc}
10005bda:	46c0      	nop			@ (mov r8, r8)
10005bdc:	20001e6c 	.word	0x20001e6c
10005be0:	20001e78 	.word	0x20001e78

10005be4 <stdio_buffered_printer>:
10005be4:	b570      	push	{r4, r5, r6, lr}
10005be6:	0005      	movs	r5, r0
10005be8:	000c      	movs	r4, r1
10005bea:	680b      	ldr	r3, [r1, #0]
10005bec:	2b80      	cmp	r3, #128	@ 0x80
10005bee:	d005      	beq.n	10005bfc <stdio_buffered_printer+0x18>
10005bf0:	6823      	ldr	r3, [r4, #0]
10005bf2:	1c5a      	adds	r2, r3, #1
10005bf4:	6022      	str	r2, [r4, #0]
10005bf6:	18e4      	adds	r4, r4, r3
10005bf8:	7125      	strb	r5, [r4, #4]
10005bfa:	bd70      	pop	{r4, r5, r6, pc}
10005bfc:	0008      	movs	r0, r1
10005bfe:	f7ff ffcf 	bl	10005ba0 <stdio_stack_buffer_flush>
10005c02:	e7f5      	b.n	10005bf0 <stdio_buffered_printer+0xc>

10005c04 <stdout_serialize_begin>:
10005c04:	b510      	push	{r4, lr}
10005c06:	f7fd fb25 	bl	10003254 <time_us_64>
10005c0a:	4a07      	ldr	r2, [pc, #28]	@ (10005c28 <stdout_serialize_begin+0x24>)
10005c0c:	2300      	movs	r3, #0
10005c0e:	1812      	adds	r2, r2, r0
10005c10:	414b      	adcs	r3, r1
10005c12:	2b00      	cmp	r3, #0
10005c14:	db03      	blt.n	10005c1e <stdout_serialize_begin+0x1a>
10005c16:	4805      	ldr	r0, [pc, #20]	@ (10005c2c <stdout_serialize_begin+0x28>)
10005c18:	f003 f8e6 	bl	10008de8 <__mutex_try_enter_block_until_veneer>
10005c1c:	bd10      	pop	{r4, pc}
10005c1e:	2201      	movs	r2, #1
10005c20:	4252      	negs	r2, r2
10005c22:	4b03      	ldr	r3, [pc, #12]	@ (10005c30 <stdout_serialize_begin+0x2c>)
10005c24:	e7f7      	b.n	10005c16 <stdout_serialize_begin+0x12>
10005c26:	46c0      	nop			@ (mov r8, r8)
10005c28:	000f4240 	.word	0x000f4240
10005c2c:	200012c0 	.word	0x200012c0
10005c30:	7fffffff 	.word	0x7fffffff

10005c34 <stdout_serialize_end>:
10005c34:	b510      	push	{r4, lr}
10005c36:	4802      	ldr	r0, [pc, #8]	@ (10005c40 <stdout_serialize_end+0xc>)
10005c38:	f003 f896 	bl	10008d68 <__mutex_exit_veneer>
10005c3c:	bd10      	pop	{r4, pc}
10005c3e:	46c0      	nop			@ (mov r8, r8)
10005c40:	200012c0 	.word	0x200012c0

10005c44 <stdio_put_string>:
10005c44:	b5f0      	push	{r4, r5, r6, r7, lr}
10005c46:	46ce      	mov	lr, r9
10005c48:	4647      	mov	r7, r8
10005c4a:	b580      	push	{r7, lr}
10005c4c:	b083      	sub	sp, #12
10005c4e:	0006      	movs	r6, r0
10005c50:	000d      	movs	r5, r1
10005c52:	4690      	mov	r8, r2
10005c54:	001c      	movs	r4, r3
10005c56:	f7ff ffd5 	bl	10005c04 <stdout_serialize_begin>
10005c5a:	4681      	mov	r9, r0
10005c5c:	1c6b      	adds	r3, r5, #1
10005c5e:	d005      	beq.n	10005c6c <stdio_put_string+0x28>
10005c60:	2c00      	cmp	r4, #0
10005c62:	d008      	beq.n	10005c76 <stdio_put_string+0x32>
10005c64:	4f18      	ldr	r7, [pc, #96]	@ (10005cc8 <stdio_put_string+0x84>)
10005c66:	4b19      	ldr	r3, [pc, #100]	@ (10005ccc <stdio_put_string+0x88>)
10005c68:	681c      	ldr	r4, [r3, #0]
10005c6a:	e007      	b.n	10005c7c <stdio_put_string+0x38>
10005c6c:	0030      	movs	r0, r6
10005c6e:	f002 fef5 	bl	10008a5c <strlen>
10005c72:	0005      	movs	r5, r0
10005c74:	e7f4      	b.n	10005c60 <stdio_put_string+0x1c>
10005c76:	4f16      	ldr	r7, [pc, #88]	@ (10005cd0 <stdio_put_string+0x8c>)
10005c78:	e7f5      	b.n	10005c66 <stdio_put_string+0x22>
10005c7a:	6924      	ldr	r4, [r4, #16]
10005c7c:	2c00      	cmp	r4, #0
10005c7e:	d017      	beq.n	10005cb0 <stdio_put_string+0x6c>
10005c80:	6823      	ldr	r3, [r4, #0]
10005c82:	2b00      	cmp	r3, #0
10005c84:	d0f9      	beq.n	10005c7a <stdio_put_string+0x36>
10005c86:	4b13      	ldr	r3, [pc, #76]	@ (10005cd4 <stdio_put_string+0x90>)
10005c88:	681b      	ldr	r3, [r3, #0]
10005c8a:	2b00      	cmp	r3, #0
10005c8c:	d001      	beq.n	10005c92 <stdio_put_string+0x4e>
10005c8e:	42a3      	cmp	r3, r4
10005c90:	d1f3      	bne.n	10005c7a <stdio_put_string+0x36>
10005c92:	002a      	movs	r2, r5
10005c94:	0031      	movs	r1, r6
10005c96:	0020      	movs	r0, r4
10005c98:	47b8      	blx	r7
10005c9a:	4643      	mov	r3, r8
10005c9c:	2b00      	cmp	r3, #0
10005c9e:	d0ec      	beq.n	10005c7a <stdio_put_string+0x36>
10005ca0:	466b      	mov	r3, sp
10005ca2:	1dd9      	adds	r1, r3, #7
10005ca4:	230a      	movs	r3, #10
10005ca6:	700b      	strb	r3, [r1, #0]
10005ca8:	2201      	movs	r2, #1
10005caa:	0020      	movs	r0, r4
10005cac:	47b8      	blx	r7
10005cae:	e7e4      	b.n	10005c7a <stdio_put_string+0x36>
10005cb0:	464b      	mov	r3, r9
10005cb2:	2b00      	cmp	r3, #0
10005cb4:	d105      	bne.n	10005cc2 <stdio_put_string+0x7e>
10005cb6:	0028      	movs	r0, r5
10005cb8:	b003      	add	sp, #12
10005cba:	bcc0      	pop	{r6, r7}
10005cbc:	46b9      	mov	r9, r7
10005cbe:	46b0      	mov	r8, r6
10005cc0:	bdf0      	pop	{r4, r5, r6, r7, pc}
10005cc2:	f7ff ffb7 	bl	10005c34 <stdout_serialize_end>
10005cc6:	e7f6      	b.n	10005cb6 <stdio_put_string+0x72>
10005cc8:	10005b21 	.word	0x10005b21
10005ccc:	20001e6c 	.word	0x20001e6c
10005cd0:	10005b11 	.word	0x10005b11
10005cd4:	20001e78 	.word	0x20001e78

10005cd8 <stdio_set_driver_enabled>:
10005cd8:	4a09      	ldr	r2, [pc, #36]	@ (10005d00 <stdio_set_driver_enabled+0x28>)
10005cda:	e001      	b.n	10005ce0 <stdio_set_driver_enabled+0x8>
10005cdc:	3310      	adds	r3, #16
10005cde:	001a      	movs	r2, r3
10005ce0:	6813      	ldr	r3, [r2, #0]
10005ce2:	2b00      	cmp	r3, #0
10005ce4:	d008      	beq.n	10005cf8 <stdio_set_driver_enabled+0x20>
10005ce6:	4283      	cmp	r3, r0
10005ce8:	d1f8      	bne.n	10005cdc <stdio_set_driver_enabled+0x4>
10005cea:	2900      	cmp	r1, #0
10005cec:	d107      	bne.n	10005cfe <stdio_set_driver_enabled+0x26>
10005cee:	6903      	ldr	r3, [r0, #16]
10005cf0:	6013      	str	r3, [r2, #0]
10005cf2:	2300      	movs	r3, #0
10005cf4:	6103      	str	r3, [r0, #16]
10005cf6:	e002      	b.n	10005cfe <stdio_set_driver_enabled+0x26>
10005cf8:	2900      	cmp	r1, #0
10005cfa:	d000      	beq.n	10005cfe <stdio_set_driver_enabled+0x26>
10005cfc:	6010      	str	r0, [r2, #0]
10005cfe:	4770      	bx	lr
10005d00:	20001e6c 	.word	0x20001e6c

10005d04 <stdio_flush>:
10005d04:	b510      	push	{r4, lr}
10005d06:	4b06      	ldr	r3, [pc, #24]	@ (10005d20 <stdio_flush+0x1c>)
10005d08:	681c      	ldr	r4, [r3, #0]
10005d0a:	e001      	b.n	10005d10 <stdio_flush+0xc>
10005d0c:	4798      	blx	r3
10005d0e:	6924      	ldr	r4, [r4, #16]
10005d10:	2c00      	cmp	r4, #0
10005d12:	d003      	beq.n	10005d1c <stdio_flush+0x18>
10005d14:	6863      	ldr	r3, [r4, #4]
10005d16:	2b00      	cmp	r3, #0
10005d18:	d1f8      	bne.n	10005d0c <stdio_flush+0x8>
10005d1a:	e7f8      	b.n	10005d0e <stdio_flush+0xa>
10005d1c:	bd10      	pop	{r4, pc}
10005d1e:	46c0      	nop			@ (mov r8, r8)
10005d20:	20001e6c 	.word	0x20001e6c

10005d24 <stdio_init_all>:
10005d24:	b510      	push	{r4, lr}
10005d26:	f000 f9c5 	bl	100060b4 <stdio_usb_init>
10005d2a:	bd10      	pop	{r4, pc}

10005d2c <__wrap_puts>:
10005d2c:	b570      	push	{r4, r5, r6, lr}
10005d2e:	0005      	movs	r5, r0
10005d30:	f002 fe94 	bl	10008a5c <strlen>
10005d34:	0004      	movs	r4, r0
10005d36:	2301      	movs	r3, #1
10005d38:	2201      	movs	r2, #1
10005d3a:	0001      	movs	r1, r0
10005d3c:	0028      	movs	r0, r5
10005d3e:	f7ff ff81 	bl	10005c44 <stdio_put_string>
10005d42:	f7ff ffdf 	bl	10005d04 <stdio_flush>
10005d46:	0020      	movs	r0, r4
10005d48:	bd70      	pop	{r4, r5, r6, pc}
	...

10005d4c <__wrap_vprintf>:
10005d4c:	b570      	push	{r4, r5, r6, lr}
10005d4e:	b0a2      	sub	sp, #136	@ 0x88
10005d50:	0004      	movs	r4, r0
10005d52:	000e      	movs	r6, r1
10005d54:	f7ff ff56 	bl	10005c04 <stdout_serialize_begin>
10005d58:	0005      	movs	r5, r0
10005d5a:	2300      	movs	r3, #0
10005d5c:	9301      	str	r3, [sp, #4]
10005d5e:	480a      	ldr	r0, [pc, #40]	@ (10005d88 <__wrap_vprintf+0x3c>)
10005d60:	0033      	movs	r3, r6
10005d62:	0022      	movs	r2, r4
10005d64:	a901      	add	r1, sp, #4
10005d66:	f7ff fe71 	bl	10005a4c <vfctprintf>
10005d6a:	0004      	movs	r4, r0
10005d6c:	a801      	add	r0, sp, #4
10005d6e:	f7ff ff17 	bl	10005ba0 <stdio_stack_buffer_flush>
10005d72:	f7ff ffc7 	bl	10005d04 <stdio_flush>
10005d76:	2d00      	cmp	r5, #0
10005d78:	d102      	bne.n	10005d80 <__wrap_vprintf+0x34>
10005d7a:	0020      	movs	r0, r4
10005d7c:	b022      	add	sp, #136	@ 0x88
10005d7e:	bd70      	pop	{r4, r5, r6, pc}
10005d80:	f7ff ff58 	bl	10005c34 <stdout_serialize_end>
10005d84:	e7f9      	b.n	10005d7a <__wrap_vprintf+0x2e>
10005d86:	46c0      	nop			@ (mov r8, r8)
10005d88:	10005be5 	.word	0x10005be5

10005d8c <__wrap_printf>:
10005d8c:	b40f      	push	{r0, r1, r2, r3}
10005d8e:	b500      	push	{lr}
10005d90:	b083      	sub	sp, #12
10005d92:	a904      	add	r1, sp, #16
10005d94:	c901      	ldmia	r1!, {r0}
10005d96:	9101      	str	r1, [sp, #4]
10005d98:	f7ff ffd8 	bl	10005d4c <__wrap_vprintf>
10005d9c:	b003      	add	sp, #12
10005d9e:	bc08      	pop	{r3}
10005da0:	b004      	add	sp, #16
10005da2:	4718      	bx	r3

10005da4 <resetd_init>:
10005da4:	4770      	bx	lr
	...

10005da8 <resetd_reset>:
10005da8:	4b01      	ldr	r3, [pc, #4]	@ (10005db0 <resetd_reset+0x8>)
10005daa:	2200      	movs	r2, #0
10005dac:	701a      	strb	r2, [r3, #0]
10005dae:	4770      	bx	lr
10005db0:	200024f0 	.word	0x200024f0

10005db4 <resetd_open>:
10005db4:	794b      	ldrb	r3, [r1, #5]
10005db6:	2bff      	cmp	r3, #255	@ 0xff
10005db8:	d10c      	bne.n	10005dd4 <resetd_open+0x20>
10005dba:	798b      	ldrb	r3, [r1, #6]
10005dbc:	2b00      	cmp	r3, #0
10005dbe:	d10b      	bne.n	10005dd8 <resetd_open+0x24>
10005dc0:	79cb      	ldrb	r3, [r1, #7]
10005dc2:	2b01      	cmp	r3, #1
10005dc4:	d10a      	bne.n	10005ddc <resetd_open+0x28>
10005dc6:	2a08      	cmp	r2, #8
10005dc8:	d90a      	bls.n	10005de0 <resetd_open+0x2c>
10005dca:	788a      	ldrb	r2, [r1, #2]
10005dcc:	4b05      	ldr	r3, [pc, #20]	@ (10005de4 <resetd_open+0x30>)
10005dce:	701a      	strb	r2, [r3, #0]
10005dd0:	2009      	movs	r0, #9
10005dd2:	e000      	b.n	10005dd6 <resetd_open+0x22>
10005dd4:	2000      	movs	r0, #0
10005dd6:	4770      	bx	lr
10005dd8:	2000      	movs	r0, #0
10005dda:	e7fc      	b.n	10005dd6 <resetd_open+0x22>
10005ddc:	2000      	movs	r0, #0
10005dde:	e7fa      	b.n	10005dd6 <resetd_open+0x22>
10005de0:	2000      	movs	r0, #0
10005de2:	e7f8      	b.n	10005dd6 <resetd_open+0x22>
10005de4:	200024f0 	.word	0x200024f0

10005de8 <resetd_xfer_cb>:
10005de8:	2001      	movs	r0, #1
10005dea:	4770      	bx	lr

10005dec <resetd_control_xfer_cb>:
10005dec:	b510      	push	{r4, lr}
10005dee:	2901      	cmp	r1, #1
10005df0:	d126      	bne.n	10005e40 <resetd_control_xfer_cb+0x54>
10005df2:	7911      	ldrb	r1, [r2, #4]
10005df4:	7953      	ldrb	r3, [r2, #5]
10005df6:	021b      	lsls	r3, r3, #8
10005df8:	430b      	orrs	r3, r1
10005dfa:	4912      	ldr	r1, [pc, #72]	@ (10005e44 <resetd_control_xfer_cb+0x58>)
10005dfc:	7809      	ldrb	r1, [r1, #0]
10005dfe:	428b      	cmp	r3, r1
10005e00:	d001      	beq.n	10005e06 <resetd_control_xfer_cb+0x1a>
10005e02:	2000      	movs	r0, #0
10005e04:	e01d      	b.n	10005e42 <resetd_control_xfer_cb+0x56>
10005e06:	7853      	ldrb	r3, [r2, #1]
10005e08:	2b01      	cmp	r3, #1
10005e0a:	d003      	beq.n	10005e14 <resetd_control_xfer_cb+0x28>
10005e0c:	2b02      	cmp	r3, #2
10005e0e:	d010      	beq.n	10005e32 <resetd_control_xfer_cb+0x46>
10005e10:	2000      	movs	r0, #0
10005e12:	e016      	b.n	10005e42 <resetd_control_xfer_cb+0x56>
10005e14:	7891      	ldrb	r1, [r2, #2]
10005e16:	78d3      	ldrb	r3, [r2, #3]
10005e18:	021b      	lsls	r3, r3, #8
10005e1a:	4319      	orrs	r1, r3
10005e1c:	05db      	lsls	r3, r3, #23
10005e1e:	d506      	bpl.n	10005e2e <resetd_control_xfer_cb+0x42>
10005e20:	0a4b      	lsrs	r3, r1, #9
10005e22:	2001      	movs	r0, #1
10005e24:	4098      	lsls	r0, r3
10005e26:	237f      	movs	r3, #127	@ 0x7f
10005e28:	4019      	ands	r1, r3
10005e2a:	f7fd fcd9 	bl	100037e0 <rom_reset_usb_boot>
10005e2e:	2000      	movs	r0, #0
10005e30:	e7f9      	b.n	10005e26 <resetd_control_xfer_cb+0x3a>
10005e32:	2264      	movs	r2, #100	@ 0x64
10005e34:	2100      	movs	r1, #0
10005e36:	2000      	movs	r0, #0
10005e38:	f7fd fb7e 	bl	10003538 <watchdog_reboot>
10005e3c:	2001      	movs	r0, #1
10005e3e:	e000      	b.n	10005e42 <resetd_control_xfer_cb+0x56>
10005e40:	2001      	movs	r0, #1
10005e42:	bd10      	pop	{r4, pc}
10005e44:	200024f0 	.word	0x200024f0

10005e48 <tud_descriptor_bos_cb>:
10005e48:	4800      	ldr	r0, [pc, #0]	@ (10005e4c <tud_descriptor_bos_cb+0x4>)
10005e4a:	4770      	bx	lr
10005e4c:	1000a38c 	.word	0x1000a38c

10005e50 <tud_vendor_control_xfer_cb>:
10005e50:	b510      	push	{r4, lr}
10005e52:	0014      	movs	r4, r2
10005e54:	2901      	cmp	r1, #1
10005e56:	d110      	bne.n	10005e7a <tud_vendor_control_xfer_cb+0x2a>
10005e58:	7853      	ldrb	r3, [r2, #1]
10005e5a:	2b01      	cmp	r3, #1
10005e5c:	d10f      	bne.n	10005e7e <tud_vendor_control_xfer_cb+0x2e>
10005e5e:	7912      	ldrb	r2, [r2, #4]
10005e60:	7963      	ldrb	r3, [r4, #5]
10005e62:	021b      	lsls	r3, r3, #8
10005e64:	4313      	orrs	r3, r2
10005e66:	2b07      	cmp	r3, #7
10005e68:	d001      	beq.n	10005e6e <tud_vendor_control_xfer_cb+0x1e>
10005e6a:	2000      	movs	r0, #0
10005e6c:	e006      	b.n	10005e7c <tud_vendor_control_xfer_cb+0x2c>
10005e6e:	4a05      	ldr	r2, [pc, #20]	@ (10005e84 <tud_vendor_control_xfer_cb+0x34>)
10005e70:	339f      	adds	r3, #159	@ 0x9f
10005e72:	0021      	movs	r1, r4
10005e74:	f001 fb46 	bl	10007504 <tud_control_xfer>
10005e78:	e000      	b.n	10005e7c <tud_vendor_control_xfer_cb+0x2c>
10005e7a:	2001      	movs	r0, #1
10005e7c:	bd10      	pop	{r4, pc}
10005e7e:	2000      	movs	r0, #0
10005e80:	e7fc      	b.n	10005e7c <tud_vendor_control_xfer_cb+0x2c>
10005e82:	46c0      	nop			@ (mov r8, r8)
10005e84:	1000a2e4 	.word	0x1000a2e4

10005e88 <usbd_app_driver_get_cb>:
10005e88:	2301      	movs	r3, #1
10005e8a:	7003      	strb	r3, [r0, #0]
10005e8c:	4800      	ldr	r0, [pc, #0]	@ (10005e90 <usbd_app_driver_get_cb+0x8>)
10005e8e:	4770      	bx	lr
10005e90:	1000a2c4 	.word	0x1000a2c4

10005e94 <tud_cdc_line_coding_cb>:
10005e94:	b510      	push	{r4, lr}
10005e96:	780a      	ldrb	r2, [r1, #0]
10005e98:	784b      	ldrb	r3, [r1, #1]
10005e9a:	021b      	lsls	r3, r3, #8
10005e9c:	4313      	orrs	r3, r2
10005e9e:	788a      	ldrb	r2, [r1, #2]
10005ea0:	0412      	lsls	r2, r2, #16
10005ea2:	431a      	orrs	r2, r3
10005ea4:	78cb      	ldrb	r3, [r1, #3]
10005ea6:	061b      	lsls	r3, r3, #24
10005ea8:	4313      	orrs	r3, r2
10005eaa:	2296      	movs	r2, #150	@ 0x96
10005eac:	00d2      	lsls	r2, r2, #3
10005eae:	4293      	cmp	r3, r2
10005eb0:	d000      	beq.n	10005eb4 <tud_cdc_line_coding_cb+0x20>
10005eb2:	bd10      	pop	{r4, pc}
10005eb4:	2100      	movs	r1, #0
10005eb6:	0008      	movs	r0, r1
10005eb8:	f7fd fc92 	bl	100037e0 <rom_reset_usb_boot>

10005ebc <stdio_usb_set_chars_available_callback>:
10005ebc:	4b02      	ldr	r3, [pc, #8]	@ (10005ec8 <stdio_usb_set_chars_available_callback+0xc>)
10005ebe:	6018      	str	r0, [r3, #0]
10005ec0:	4b02      	ldr	r3, [pc, #8]	@ (10005ecc <stdio_usb_set_chars_available_callback+0x10>)
10005ec2:	6019      	str	r1, [r3, #0]
10005ec4:	4770      	bx	lr
10005ec6:	46c0      	nop			@ (mov r8, r8)
10005ec8:	20001e0c 	.word	0x20001e0c
10005ecc:	20001e10 	.word	0x20001e10

10005ed0 <stdio_usb_out_flush>:
10005ed0:	b510      	push	{r4, lr}
10005ed2:	f7fd f9bf 	bl	10003254 <time_us_64>
10005ed6:	4a0e      	ldr	r2, [pc, #56]	@ (10005f10 <stdio_usb_out_flush+0x40>)
10005ed8:	2300      	movs	r3, #0
10005eda:	1812      	adds	r2, r2, r0
10005edc:	414b      	adcs	r3, r1
10005ede:	2b00      	cmp	r3, #0
10005ee0:	db12      	blt.n	10005f08 <stdio_usb_out_flush+0x38>
10005ee2:	480c      	ldr	r0, [pc, #48]	@ (10005f14 <stdio_usb_out_flush+0x44>)
10005ee4:	f002 ff80 	bl	10008de8 <__mutex_try_enter_block_until_veneer>
10005ee8:	2800      	cmp	r0, #0
10005eea:	d00c      	beq.n	10005f06 <stdio_usb_out_flush+0x36>
10005eec:	2001      	movs	r0, #1
10005eee:	2100      	movs	r1, #0
10005ef0:	4240      	negs	r0, r0
10005ef2:	f001 f9d1 	bl	10007298 <tud_task_ext>
10005ef6:	2000      	movs	r0, #0
10005ef8:	f001 fc5c 	bl	100077b4 <tud_cdc_n_write_flush>
10005efc:	2800      	cmp	r0, #0
10005efe:	d1f5      	bne.n	10005eec <stdio_usb_out_flush+0x1c>
10005f00:	4804      	ldr	r0, [pc, #16]	@ (10005f14 <stdio_usb_out_flush+0x44>)
10005f02:	f002 ff31 	bl	10008d68 <__mutex_exit_veneer>
10005f06:	bd10      	pop	{r4, pc}
10005f08:	2201      	movs	r2, #1
10005f0a:	4252      	negs	r2, r2
10005f0c:	4b02      	ldr	r3, [pc, #8]	@ (10005f18 <stdio_usb_out_flush+0x48>)
10005f0e:	e7e8      	b.n	10005ee2 <stdio_usb_out_flush+0x12>
10005f10:	000f4240 	.word	0x000f4240
10005f14:	200024d0 	.word	0x200024d0
10005f18:	7fffffff 	.word	0x7fffffff

10005f1c <usb_irq>:
10005f1c:	b510      	push	{r4, lr}
10005f1e:	4b02      	ldr	r3, [pc, #8]	@ (10005f28 <usb_irq+0xc>)
10005f20:	7818      	ldrb	r0, [r3, #0]
10005f22:	f7fc faab 	bl	1000247c <irq_set_pending>
10005f26:	bd10      	pop	{r4, pc}
10005f28:	200024f1 	.word	0x200024f1

10005f2c <critical_section_enter_blocking>:
10005f2c:	6802      	ldr	r2, [r0, #0]
10005f2e:	f3ef 8110 	mrs	r1, PRIMASK
10005f32:	b672      	cpsid	i
10005f34:	6813      	ldr	r3, [r2, #0]
10005f36:	2b00      	cmp	r3, #0
10005f38:	d0fc      	beq.n	10005f34 <critical_section_enter_blocking+0x8>
10005f3a:	f3bf 8f5f 	dmb	sy
10005f3e:	6041      	str	r1, [r0, #4]
10005f40:	4770      	bx	lr
	...

10005f44 <timer_task>:
10005f44:	b570      	push	{r4, r5, r6, lr}
10005f46:	4b14      	ldr	r3, [pc, #80]	@ (10005f98 <timer_task+0x54>)
10005f48:	681b      	ldr	r3, [r3, #0]
10005f4a:	2b00      	cmp	r3, #0
10005f4c:	d01a      	beq.n	10005f84 <timer_task+0x40>
10005f4e:	4c12      	ldr	r4, [pc, #72]	@ (10005f98 <timer_task+0x54>)
10005f50:	0020      	movs	r0, r4
10005f52:	f7ff ffeb 	bl	10005f2c <critical_section_enter_blocking>
10005f56:	4b11      	ldr	r3, [pc, #68]	@ (10005f9c <timer_task+0x58>)
10005f58:	2200      	movs	r2, #0
10005f5a:	701a      	strb	r2, [r3, #0]
10005f5c:	6821      	ldr	r1, [r4, #0]
10005f5e:	6863      	ldr	r3, [r4, #4]
10005f60:	f3bf 8f5f 	dmb	sy
10005f64:	600a      	str	r2, [r1, #0]
10005f66:	f383 8810 	msr	PRIMASK, r3
10005f6a:	2400      	movs	r4, #0
10005f6c:	2500      	movs	r5, #0
10005f6e:	4b0c      	ldr	r3, [pc, #48]	@ (10005fa0 <timer_task+0x5c>)
10005f70:	7818      	ldrb	r0, [r3, #0]
10005f72:	f7fc fa5f 	bl	10002434 <irq_is_enabled>
10005f76:	2800      	cmp	r0, #0
10005f78:	d108      	bne.n	10005f8c <timer_task+0x48>
10005f7a:	2400      	movs	r4, #0
10005f7c:	2500      	movs	r5, #0
10005f7e:	0020      	movs	r0, r4
10005f80:	0029      	movs	r1, r5
10005f82:	bd70      	pop	{r4, r5, r6, pc}
10005f84:	24fa      	movs	r4, #250	@ 0xfa
10005f86:	00a4      	lsls	r4, r4, #2
10005f88:	2500      	movs	r5, #0
10005f8a:	e7f0      	b.n	10005f6e <timer_task+0x2a>
10005f8c:	4b04      	ldr	r3, [pc, #16]	@ (10005fa0 <timer_task+0x5c>)
10005f8e:	7818      	ldrb	r0, [r3, #0]
10005f90:	f7fc fa74 	bl	1000247c <irq_set_pending>
10005f94:	e7f3      	b.n	10005f7e <timer_task+0x3a>
10005f96:	46c0      	nop			@ (mov r8, r8)
10005f98:	200022a0 	.word	0x200022a0
10005f9c:	200024f2 	.word	0x200024f2
10005fa0:	200024f1 	.word	0x200024f1

10005fa4 <alarm_pool_add_alarm_in_us>:
10005fa4:	b5f0      	push	{r4, r5, r6, r7, lr}
10005fa6:	b085      	sub	sp, #20
10005fa8:	0006      	movs	r6, r0
10005faa:	0014      	movs	r4, r2
10005fac:	001d      	movs	r5, r3
10005fae:	ab0c      	add	r3, sp, #48	@ 0x30
10005fb0:	781f      	ldrb	r7, [r3, #0]
10005fb2:	f7fd f94f 	bl	10003254 <time_us_64>
10005fb6:	0022      	movs	r2, r4
10005fb8:	002b      	movs	r3, r5
10005fba:	1812      	adds	r2, r2, r0
10005fbc:	414b      	adcs	r3, r1
10005fbe:	2b00      	cmp	r3, #0
10005fc0:	db09      	blt.n	10005fd6 <alarm_pool_add_alarm_in_us+0x32>
10005fc2:	9702      	str	r7, [sp, #8]
10005fc4:	990b      	ldr	r1, [sp, #44]	@ 0x2c
10005fc6:	9101      	str	r1, [sp, #4]
10005fc8:	990a      	ldr	r1, [sp, #40]	@ 0x28
10005fca:	9100      	str	r1, [sp, #0]
10005fcc:	0030      	movs	r0, r6
10005fce:	f7fc ffa7 	bl	10002f20 <alarm_pool_add_alarm_at>
10005fd2:	b005      	add	sp, #20
10005fd4:	bdf0      	pop	{r4, r5, r6, r7, pc}
10005fd6:	2201      	movs	r2, #1
10005fd8:	4252      	negs	r2, r2
10005fda:	4b01      	ldr	r3, [pc, #4]	@ (10005fe0 <alarm_pool_add_alarm_in_us+0x3c>)
10005fdc:	e7f1      	b.n	10005fc2 <alarm_pool_add_alarm_in_us+0x1e>
10005fde:	46c0      	nop			@ (mov r8, r8)
10005fe0:	7fffffff 	.word	0x7fffffff

10005fe4 <add_alarm_in_us>:
10005fe4:	b5f0      	push	{r4, r5, r6, r7, lr}
10005fe6:	46c6      	mov	lr, r8
10005fe8:	b500      	push	{lr}
10005fea:	b084      	sub	sp, #16
10005fec:	0005      	movs	r5, r0
10005fee:	4688      	mov	r8, r1
10005ff0:	0016      	movs	r6, r2
10005ff2:	001f      	movs	r7, r3
10005ff4:	ab0a      	add	r3, sp, #40	@ 0x28
10005ff6:	781c      	ldrb	r4, [r3, #0]
10005ff8:	f7fc ff2a 	bl	10002e50 <alarm_pool_get_default>
10005ffc:	9402      	str	r4, [sp, #8]
10005ffe:	9701      	str	r7, [sp, #4]
10006000:	9600      	str	r6, [sp, #0]
10006002:	002a      	movs	r2, r5
10006004:	4643      	mov	r3, r8
10006006:	f7ff ffcd 	bl	10005fa4 <alarm_pool_add_alarm_in_us>
1000600a:	b004      	add	sp, #16
1000600c:	bc80      	pop	{r7}
1000600e:	46b8      	mov	r8, r7
10006010:	bdf0      	pop	{r4, r5, r6, r7, pc}
	...

10006014 <low_priority_worker_irq>:
10006014:	b510      	push	{r4, lr}
10006016:	b082      	sub	sp, #8
10006018:	4820      	ldr	r0, [pc, #128]	@ (1000609c <low_priority_worker_irq+0x88>)
1000601a:	2100      	movs	r1, #0
1000601c:	f002 febc 	bl	10008d98 <__mutex_try_enter_veneer>
10006020:	2800      	cmp	r0, #0
10006022:	d11a      	bne.n	1000605a <low_priority_worker_irq+0x46>
10006024:	4b1e      	ldr	r3, [pc, #120]	@ (100060a0 <low_priority_worker_irq+0x8c>)
10006026:	681b      	ldr	r3, [r3, #0]
10006028:	2b00      	cmp	r3, #0
1000602a:	d014      	beq.n	10006056 <low_priority_worker_irq+0x42>
1000602c:	4c1c      	ldr	r4, [pc, #112]	@ (100060a0 <low_priority_worker_irq+0x8c>)
1000602e:	0020      	movs	r0, r4
10006030:	f7ff ff7c 	bl	10005f2c <critical_section_enter_blocking>
10006034:	4a1b      	ldr	r2, [pc, #108]	@ (100060a4 <low_priority_worker_irq+0x90>)
10006036:	7813      	ldrb	r3, [r2, #0]
10006038:	2101      	movs	r1, #1
1000603a:	404b      	eors	r3, r1
1000603c:	b2db      	uxtb	r3, r3
1000603e:	2101      	movs	r1, #1
10006040:	7011      	strb	r1, [r2, #0]
10006042:	6821      	ldr	r1, [r4, #0]
10006044:	6862      	ldr	r2, [r4, #4]
10006046:	f3bf 8f5f 	dmb	sy
1000604a:	2000      	movs	r0, #0
1000604c:	6008      	str	r0, [r1, #0]
1000604e:	f382 8810 	msr	PRIMASK, r2
10006052:	2b00      	cmp	r3, #0
10006054:	d117      	bne.n	10006086 <low_priority_worker_irq+0x72>
10006056:	b002      	add	sp, #8
10006058:	bd10      	pop	{r4, pc}
1000605a:	2001      	movs	r0, #1
1000605c:	2100      	movs	r1, #0
1000605e:	4240      	negs	r0, r0
10006060:	f001 f91a 	bl	10007298 <tud_task_ext>
10006064:	2000      	movs	r0, #0
10006066:	f001 fb7d 	bl	10007764 <tud_cdc_n_available>
1000606a:	0004      	movs	r4, r0
1000606c:	480b      	ldr	r0, [pc, #44]	@ (1000609c <low_priority_worker_irq+0x88>)
1000606e:	f002 fe7b 	bl	10008d68 <__mutex_exit_veneer>
10006072:	2c00      	cmp	r4, #0
10006074:	d0ef      	beq.n	10006056 <low_priority_worker_irq+0x42>
10006076:	4b0c      	ldr	r3, [pc, #48]	@ (100060a8 <low_priority_worker_irq+0x94>)
10006078:	681b      	ldr	r3, [r3, #0]
1000607a:	2b00      	cmp	r3, #0
1000607c:	d0eb      	beq.n	10006056 <low_priority_worker_irq+0x42>
1000607e:	4a0b      	ldr	r2, [pc, #44]	@ (100060ac <low_priority_worker_irq+0x98>)
10006080:	6810      	ldr	r0, [r2, #0]
10006082:	4798      	blx	r3
10006084:	e7e7      	b.n	10006056 <low_priority_worker_irq+0x42>
10006086:	4a0a      	ldr	r2, [pc, #40]	@ (100060b0 <low_priority_worker_irq+0x9c>)
10006088:	2301      	movs	r3, #1
1000608a:	9300      	str	r3, [sp, #0]
1000608c:	2300      	movs	r3, #0
1000608e:	20fa      	movs	r0, #250	@ 0xfa
10006090:	0080      	lsls	r0, r0, #2
10006092:	2100      	movs	r1, #0
10006094:	f7ff ffa6 	bl	10005fe4 <add_alarm_in_us>
10006098:	e7dd      	b.n	10006056 <low_priority_worker_irq+0x42>
1000609a:	46c0      	nop			@ (mov r8, r8)
1000609c:	200024d0 	.word	0x200024d0
100060a0:	200022a0 	.word	0x200022a0
100060a4:	200024f2 	.word	0x200024f2
100060a8:	20001e0c 	.word	0x20001e0c
100060ac:	20001e10 	.word	0x20001e10
100060b0:	10005f45 	.word	0x10005f45

100060b4 <stdio_usb_init>:
100060b4:	b510      	push	{r4, lr}
100060b6:	b082      	sub	sp, #8
100060b8:	23d0      	movs	r3, #208	@ 0xd0
100060ba:	061b      	lsls	r3, r3, #24
100060bc:	681c      	ldr	r4, [r3, #0]
100060be:	f7fc fec7 	bl	10002e50 <alarm_pool_get_default>
100060c2:	f7fc ffa7 	bl	10003014 <alarm_pool_core_num>
100060c6:	42a0      	cmp	r0, r4
100060c8:	d12e      	bne.n	10006128 <stdio_usb_init+0x74>
100060ca:	4b26      	ldr	r3, [pc, #152]	@ (10006164 <stdio_usb_init+0xb0>)
100060cc:	781b      	ldrb	r3, [r3, #0]
100060ce:	f002 f867 	bl	100081a0 <tusb_init>
100060d2:	4b25      	ldr	r3, [pc, #148]	@ (10006168 <stdio_usb_init+0xb4>)
100060d4:	681b      	ldr	r3, [r3, #0]
100060d6:	2b00      	cmp	r3, #0
100060d8:	d02c      	beq.n	10006134 <stdio_usb_init+0x80>
100060da:	2001      	movs	r0, #1
100060dc:	f7fc fc66 	bl	100029ac <user_irq_claim_unused>
100060e0:	4c22      	ldr	r4, [pc, #136]	@ (1000616c <stdio_usb_init+0xb8>)
100060e2:	7020      	strb	r0, [r4, #0]
100060e4:	4922      	ldr	r1, [pc, #136]	@ (10006170 <stdio_usb_init+0xbc>)
100060e6:	23ff      	movs	r3, #255	@ 0xff
100060e8:	4018      	ands	r0, r3
100060ea:	f7fc f9e9 	bl	100024c0 <irq_set_exclusive_handler>
100060ee:	7820      	ldrb	r0, [r4, #0]
100060f0:	2101      	movs	r1, #1
100060f2:	f7fc f9b9 	bl	10002468 <irq_set_enabled>
100060f6:	2005      	movs	r0, #5
100060f8:	f7fc f9d0 	bl	1000249c <irq_has_shared_handler>
100060fc:	1e04      	subs	r4, r0, #0
100060fe:	d01d      	beq.n	1000613c <stdio_usb_init+0x88>
10006100:	2001      	movs	r0, #1
10006102:	f7fc f8f3 	bl	100022ec <spin_lock_claim_unused>
10006106:	0001      	movs	r1, r0
10006108:	4b1a      	ldr	r3, [pc, #104]	@ (10006174 <stdio_usb_init+0xc0>)
1000610a:	0018      	movs	r0, r3
1000610c:	f7fc fcae 	bl	10002a6c <critical_section_init_with_lock_num>
10006110:	4919      	ldr	r1, [pc, #100]	@ (10006178 <stdio_usb_init+0xc4>)
10006112:	2200      	movs	r2, #0
10006114:	2005      	movs	r0, #5
10006116:	f7fc f9fd 	bl	10002514 <irq_add_shared_handler>
1000611a:	4818      	ldr	r0, [pc, #96]	@ (1000617c <stdio_usb_init+0xc8>)
1000611c:	2101      	movs	r1, #1
1000611e:	f7ff fddb 	bl	10005cd8 <stdio_set_driver_enabled>
10006122:	0020      	movs	r0, r4
10006124:	b002      	add	sp, #8
10006126:	bd10      	pop	{r4, pc}
10006128:	4b15      	ldr	r3, [pc, #84]	@ (10006180 <stdio_usb_init+0xcc>)
1000612a:	4a16      	ldr	r2, [pc, #88]	@ (10006184 <stdio_usb_init+0xd0>)
1000612c:	4816      	ldr	r0, [pc, #88]	@ (10006188 <stdio_usb_init+0xd4>)
1000612e:	21c1      	movs	r1, #193	@ 0xc1
10006130:	f7ff fcbe 	bl	10005ab0 <__assert_func>
10006134:	480c      	ldr	r0, [pc, #48]	@ (10006168 <stdio_usb_init+0xb4>)
10006136:	f7fc fc57 	bl	100029e8 <mutex_init>
1000613a:	e7ce      	b.n	100060da <stdio_usb_init+0x26>
1000613c:	480d      	ldr	r0, [pc, #52]	@ (10006174 <stdio_usb_init+0xc0>)
1000613e:	2208      	movs	r2, #8
10006140:	2100      	movs	r1, #0
10006142:	f7fe fba7 	bl	10004894 <__wrap_memset>
10006146:	4a11      	ldr	r2, [pc, #68]	@ (1000618c <stdio_usb_init+0xd8>)
10006148:	2301      	movs	r3, #1
1000614a:	9300      	str	r3, [sp, #0]
1000614c:	2300      	movs	r3, #0
1000614e:	20fa      	movs	r0, #250	@ 0xfa
10006150:	0080      	lsls	r0, r0, #2
10006152:	2100      	movs	r1, #0
10006154:	f7ff ff46 	bl	10005fe4 <add_alarm_in_us>
10006158:	43c0      	mvns	r0, r0
1000615a:	0fc4      	lsrs	r4, r0, #31
1000615c:	2800      	cmp	r0, #0
1000615e:	dae0      	bge.n	10006122 <stdio_usb_init+0x6e>
10006160:	e7db      	b.n	1000611a <stdio_usb_init+0x66>
10006162:	46c0      	nop			@ (mov r8, r8)
10006164:	1000a750 	.word	0x1000a750
10006168:	200024d0 	.word	0x200024d0
1000616c:	200024f1 	.word	0x200024f1
10006170:	10006015 	.word	0x10006015
10006174:	200022a0 	.word	0x200022a0
10006178:	10005f1d 	.word	0x10005f1d
1000617c:	20000d50 	.word	0x20000d50
10006180:	1000924c 	.word	0x1000924c
10006184:	1000a3bc 	.word	0x1000a3bc
10006188:	10009734 	.word	0x10009734
1000618c:	10005f45 	.word	0x10005f45

10006190 <stdio_usb_connected>:
10006190:	b510      	push	{r4, lr}
10006192:	2000      	movs	r0, #0
10006194:	f001 faca 	bl	1000772c <tud_cdc_n_connected>
10006198:	bd10      	pop	{r4, pc}
	...

1000619c <stdio_usb_in_chars>:
1000619c:	b570      	push	{r4, r5, r6, lr}
1000619e:	0005      	movs	r5, r0
100061a0:	000c      	movs	r4, r1
100061a2:	f7ff fff5 	bl	10006190 <stdio_usb_connected>
100061a6:	2800      	cmp	r0, #0
100061a8:	d034      	beq.n	10006214 <stdio_usb_in_chars+0x78>
100061aa:	2000      	movs	r0, #0
100061ac:	f001 fada 	bl	10007764 <tud_cdc_n_available>
100061b0:	2800      	cmp	r0, #0
100061b2:	d032      	beq.n	1000621a <stdio_usb_in_chars+0x7e>
100061b4:	f7fd f84e 	bl	10003254 <time_us_64>
100061b8:	4a1b      	ldr	r2, [pc, #108]	@ (10006228 <stdio_usb_in_chars+0x8c>)
100061ba:	2300      	movs	r3, #0
100061bc:	1812      	adds	r2, r2, r0
100061be:	414b      	adcs	r3, r1
100061c0:	2b00      	cmp	r3, #0
100061c2:	db19      	blt.n	100061f8 <stdio_usb_in_chars+0x5c>
100061c4:	4819      	ldr	r0, [pc, #100]	@ (1000622c <stdio_usb_in_chars+0x90>)
100061c6:	f002 fe0f 	bl	10008de8 <__mutex_try_enter_block_until_veneer>
100061ca:	2800      	cmp	r0, #0
100061cc:	d028      	beq.n	10006220 <stdio_usb_in_chars+0x84>
100061ce:	f7ff ffdf 	bl	10006190 <stdio_usb_connected>
100061d2:	2800      	cmp	r0, #0
100061d4:	d004      	beq.n	100061e0 <stdio_usb_in_chars+0x44>
100061d6:	2000      	movs	r0, #0
100061d8:	f001 fac4 	bl	10007764 <tud_cdc_n_available>
100061dc:	2800      	cmp	r0, #0
100061de:	d10f      	bne.n	10006200 <stdio_usb_in_chars+0x64>
100061e0:	2001      	movs	r0, #1
100061e2:	2100      	movs	r1, #0
100061e4:	4240      	negs	r0, r0
100061e6:	f001 f857 	bl	10007298 <tud_task_ext>
100061ea:	2403      	movs	r4, #3
100061ec:	4264      	negs	r4, r4
100061ee:	480f      	ldr	r0, [pc, #60]	@ (1000622c <stdio_usb_in_chars+0x90>)
100061f0:	f002 fdba 	bl	10008d68 <__mutex_exit_veneer>
100061f4:	0020      	movs	r0, r4
100061f6:	bd70      	pop	{r4, r5, r6, pc}
100061f8:	2201      	movs	r2, #1
100061fa:	4252      	negs	r2, r2
100061fc:	4b0c      	ldr	r3, [pc, #48]	@ (10006230 <stdio_usb_in_chars+0x94>)
100061fe:	e7e1      	b.n	100061c4 <stdio_usb_in_chars+0x28>
10006200:	0022      	movs	r2, r4
10006202:	0029      	movs	r1, r5
10006204:	2000      	movs	r0, #0
10006206:	f001 fab9 	bl	1000777c <tud_cdc_n_read>
1000620a:	1e04      	subs	r4, r0, #0
1000620c:	d1ef      	bne.n	100061ee <stdio_usb_in_chars+0x52>
1000620e:	2403      	movs	r4, #3
10006210:	4264      	negs	r4, r4
10006212:	e7ec      	b.n	100061ee <stdio_usb_in_chars+0x52>
10006214:	2403      	movs	r4, #3
10006216:	4264      	negs	r4, r4
10006218:	e7ec      	b.n	100061f4 <stdio_usb_in_chars+0x58>
1000621a:	2403      	movs	r4, #3
1000621c:	4264      	negs	r4, r4
1000621e:	e7e9      	b.n	100061f4 <stdio_usb_in_chars+0x58>
10006220:	2403      	movs	r4, #3
10006222:	4264      	negs	r4, r4
10006224:	e7e6      	b.n	100061f4 <stdio_usb_in_chars+0x58>
10006226:	46c0      	nop			@ (mov r8, r8)
10006228:	000f4240 	.word	0x000f4240
1000622c:	200024d0 	.word	0x200024d0
10006230:	7fffffff 	.word	0x7fffffff

10006234 <stdio_usb_out_chars>:
10006234:	b5f0      	push	{r4, r5, r6, r7, lr}
10006236:	46c6      	mov	lr, r8
10006238:	b500      	push	{lr}
1000623a:	4680      	mov	r8, r0
1000623c:	000c      	movs	r4, r1
1000623e:	f7fd f809 	bl	10003254 <time_us_64>
10006242:	4a31      	ldr	r2, [pc, #196]	@ (10006308 <stdio_usb_out_chars+0xd4>)
10006244:	2300      	movs	r3, #0
10006246:	1812      	adds	r2, r2, r0
10006248:	414b      	adcs	r3, r1
1000624a:	2b00      	cmp	r3, #0
1000624c:	db07      	blt.n	1000625e <stdio_usb_out_chars+0x2a>
1000624e:	482f      	ldr	r0, [pc, #188]	@ (1000630c <stdio_usb_out_chars+0xd8>)
10006250:	f002 fdca 	bl	10008de8 <__mutex_try_enter_block_until_veneer>
10006254:	2800      	cmp	r0, #0
10006256:	d106      	bne.n	10006266 <stdio_usb_out_chars+0x32>
10006258:	bc80      	pop	{r7}
1000625a:	46b8      	mov	r8, r7
1000625c:	bdf0      	pop	{r4, r5, r6, r7, pc}
1000625e:	2201      	movs	r2, #1
10006260:	4252      	negs	r2, r2
10006262:	4b2b      	ldr	r3, [pc, #172]	@ (10006310 <stdio_usb_out_chars+0xdc>)
10006264:	e7f3      	b.n	1000624e <stdio_usb_out_chars+0x1a>
10006266:	f7ff ff93 	bl	10006190 <stdio_usb_connected>
1000626a:	2800      	cmp	r0, #0
1000626c:	d149      	bne.n	10006302 <stdio_usb_out_chars+0xce>
1000626e:	4b29      	ldr	r3, [pc, #164]	@ (10006314 <stdio_usb_out_chars+0xe0>)
10006270:	2000      	movs	r0, #0
10006272:	2100      	movs	r1, #0
10006274:	6018      	str	r0, [r3, #0]
10006276:	6059      	str	r1, [r3, #4]
10006278:	4824      	ldr	r0, [pc, #144]	@ (1000630c <stdio_usb_out_chars+0xd8>)
1000627a:	f002 fd75 	bl	10008d68 <__mutex_exit_veneer>
1000627e:	e7eb      	b.n	10006258 <stdio_usb_out_chars+0x24>
10006280:	2001      	movs	r0, #1
10006282:	2100      	movs	r1, #0
10006284:	4240      	negs	r0, r0
10006286:	f001 f807 	bl	10007298 <tud_task_ext>
1000628a:	2000      	movs	r0, #0
1000628c:	f001 fa92 	bl	100077b4 <tud_cdc_n_write_flush>
10006290:	f7ff ff7e 	bl	10006190 <stdio_usb_connected>
10006294:	2800      	cmp	r0, #0
10006296:	d0ef      	beq.n	10006278 <stdio_usb_out_chars+0x44>
10006298:	2000      	movs	r0, #0
1000629a:	f001 fb15 	bl	100078c8 <tud_cdc_n_write_available>
1000629e:	2800      	cmp	r0, #0
100062a0:	d020      	beq.n	100062e4 <stdio_usb_out_chars+0xb0>
100062a2:	42a5      	cmp	r5, r4
100062a4:	dae8      	bge.n	10006278 <stdio_usb_out_chars+0x44>
100062a6:	1b66      	subs	r6, r4, r5
100062a8:	2000      	movs	r0, #0
100062aa:	f001 fb0d 	bl	100078c8 <tud_cdc_n_write_available>
100062ae:	0002      	movs	r2, r0
100062b0:	4286      	cmp	r6, r0
100062b2:	dc00      	bgt.n	100062b6 <stdio_usb_out_chars+0x82>
100062b4:	0032      	movs	r2, r6
100062b6:	2a00      	cmp	r2, #0
100062b8:	d0e2      	beq.n	10006280 <stdio_usb_out_chars+0x4c>
100062ba:	4643      	mov	r3, r8
100062bc:	1959      	adds	r1, r3, r5
100062be:	2000      	movs	r0, #0
100062c0:	f001 fade 	bl	10007880 <tud_cdc_n_write>
100062c4:	0006      	movs	r6, r0
100062c6:	2001      	movs	r0, #1
100062c8:	2100      	movs	r1, #0
100062ca:	4240      	negs	r0, r0
100062cc:	f000 ffe4 	bl	10007298 <tud_task_ext>
100062d0:	2000      	movs	r0, #0
100062d2:	f001 fa6f 	bl	100077b4 <tud_cdc_n_write_flush>
100062d6:	19ad      	adds	r5, r5, r6
100062d8:	f7fc ffbc 	bl	10003254 <time_us_64>
100062dc:	4b0d      	ldr	r3, [pc, #52]	@ (10006314 <stdio_usb_out_chars+0xe0>)
100062de:	6018      	str	r0, [r3, #0]
100062e0:	6059      	str	r1, [r3, #4]
100062e2:	e7de      	b.n	100062a2 <stdio_usb_out_chars+0x6e>
100062e4:	f7fc ffb6 	bl	10003254 <time_us_64>
100062e8:	4b0a      	ldr	r3, [pc, #40]	@ (10006314 <stdio_usb_out_chars+0xe0>)
100062ea:	681e      	ldr	r6, [r3, #0]
100062ec:	685f      	ldr	r7, [r3, #4]
100062ee:	4a0a      	ldr	r2, [pc, #40]	@ (10006318 <stdio_usb_out_chars+0xe4>)
100062f0:	2300      	movs	r3, #0
100062f2:	1992      	adds	r2, r2, r6
100062f4:	417b      	adcs	r3, r7
100062f6:	4299      	cmp	r1, r3
100062f8:	d8be      	bhi.n	10006278 <stdio_usb_out_chars+0x44>
100062fa:	d1d2      	bne.n	100062a2 <stdio_usb_out_chars+0x6e>
100062fc:	4290      	cmp	r0, r2
100062fe:	d9d0      	bls.n	100062a2 <stdio_usb_out_chars+0x6e>
10006300:	e7ba      	b.n	10006278 <stdio_usb_out_chars+0x44>
10006302:	2500      	movs	r5, #0
10006304:	e7cd      	b.n	100062a2 <stdio_usb_out_chars+0x6e>
10006306:	46c0      	nop			@ (mov r8, r8)
10006308:	000f4240 	.word	0x000f4240
1000630c:	200024d0 	.word	0x200024d0
10006310:	7fffffff 	.word	0x7fffffff
10006314:	20001458 	.word	0x20001458
10006318:	0007a120 	.word	0x0007a120

1000631c <tud_descriptor_device_cb>:
1000631c:	4800      	ldr	r0, [pc, #0]	@ (10006320 <tud_descriptor_device_cb+0x4>)
1000631e:	4770      	bx	lr
10006320:	1000a438 	.word	0x1000a438

10006324 <tud_descriptor_configuration_cb>:
10006324:	4800      	ldr	r0, [pc, #0]	@ (10006328 <tud_descriptor_configuration_cb+0x4>)
10006326:	4770      	bx	lr
10006328:	1000a3e4 	.word	0x1000a3e4

1000632c <tud_descriptor_string_cb>:
1000632c:	b510      	push	{r4, lr}
1000632e:	0004      	movs	r4, r0
10006330:	4b15      	ldr	r3, [pc, #84]	@ (10006388 <tud_descriptor_string_cb+0x5c>)
10006332:	781b      	ldrb	r3, [r3, #0]
10006334:	2b00      	cmp	r3, #0
10006336:	d00e      	beq.n	10006356 <tud_descriptor_string_cb+0x2a>
10006338:	2c00      	cmp	r4, #0
1000633a:	d111      	bne.n	10006360 <tud_descriptor_string_cb+0x34>
1000633c:	4b13      	ldr	r3, [pc, #76]	@ (1000638c <tud_descriptor_string_cb+0x60>)
1000633e:	4a14      	ldr	r2, [pc, #80]	@ (10006390 <tud_descriptor_string_cb+0x64>)
10006340:	805a      	strh	r2, [r3, #2]
10006342:	2301      	movs	r3, #1
10006344:	3301      	adds	r3, #1
10006346:	005b      	lsls	r3, r3, #1
10006348:	b29b      	uxth	r3, r3
1000634a:	4810      	ldr	r0, [pc, #64]	@ (1000638c <tud_descriptor_string_cb+0x60>)
1000634c:	22c0      	movs	r2, #192	@ 0xc0
1000634e:	0092      	lsls	r2, r2, #2
10006350:	4313      	orrs	r3, r2
10006352:	8003      	strh	r3, [r0, #0]
10006354:	bd10      	pop	{r4, pc}
10006356:	480c      	ldr	r0, [pc, #48]	@ (10006388 <tud_descriptor_string_cb+0x5c>)
10006358:	2111      	movs	r1, #17
1000635a:	f000 f825 	bl	100063a8 <pico_get_unique_board_id_string>
1000635e:	e7eb      	b.n	10006338 <tud_descriptor_string_cb+0xc>
10006360:	2c05      	cmp	r4, #5
10006362:	d80e      	bhi.n	10006382 <tud_descriptor_string_cb+0x56>
10006364:	4b0b      	ldr	r3, [pc, #44]	@ (10006394 <tud_descriptor_string_cb+0x68>)
10006366:	00a4      	lsls	r4, r4, #2
10006368:	58e4      	ldr	r4, [r4, r3]
1000636a:	2300      	movs	r3, #0
1000636c:	2b12      	cmp	r3, #18
1000636e:	d8e9      	bhi.n	10006344 <tud_descriptor_string_cb+0x18>
10006370:	5ce1      	ldrb	r1, [r4, r3]
10006372:	2900      	cmp	r1, #0
10006374:	d0e6      	beq.n	10006344 <tud_descriptor_string_cb+0x18>
10006376:	3301      	adds	r3, #1
10006378:	4a04      	ldr	r2, [pc, #16]	@ (1000638c <tud_descriptor_string_cb+0x60>)
1000637a:	0058      	lsls	r0, r3, #1
1000637c:	5281      	strh	r1, [r0, r2]
1000637e:	b2db      	uxtb	r3, r3
10006380:	e7f4      	b.n	1000636c <tud_descriptor_string_cb+0x40>
10006382:	2000      	movs	r0, #0
10006384:	e7e6      	b.n	10006354 <tud_descriptor_string_cb+0x28>
10006386:	46c0      	nop			@ (mov r8, r8)
10006388:	200024d8 	.word	0x200024d8
1000638c:	20001e44 	.word	0x20001e44
10006390:	00000409 	.word	0x00000409
10006394:	1000a3cc 	.word	0x1000a3cc

10006398 <_retrieve_unique_id_on_boot>:
10006398:	b510      	push	{r4, lr}
1000639a:	4802      	ldr	r0, [pc, #8]	@ (100063a4 <_retrieve_unique_id_on_boot+0xc>)
1000639c:	f000 f832 	bl	10006404 <flash_get_unique_id>
100063a0:	bd10      	pop	{r4, pc}
100063a2:	46c0      	nop			@ (mov r8, r8)
100063a4:	200022c0 	.word	0x200022c0

100063a8 <pico_get_unique_board_id_string>:
100063a8:	b510      	push	{r4, lr}
100063aa:	2900      	cmp	r1, #0
100063ac:	d001      	beq.n	100063b2 <pico_get_unique_board_id_string+0xa>
100063ae:	2300      	movs	r3, #0
100063b0:	e00a      	b.n	100063c8 <pico_get_unique_board_id_string+0x20>
100063b2:	4b10      	ldr	r3, [pc, #64]	@ (100063f4 <pico_get_unique_board_id_string+0x4c>)
100063b4:	4a10      	ldr	r2, [pc, #64]	@ (100063f8 <pico_get_unique_board_id_string+0x50>)
100063b6:	4811      	ldr	r0, [pc, #68]	@ (100063fc <pico_get_unique_board_id_string+0x54>)
100063b8:	312d      	adds	r1, #45	@ 0x2d
100063ba:	f7ff fb79 	bl	10005ab0 <__assert_func>
100063be:	2200      	movs	r2, #0
100063c0:	e00d      	b.n	100063de <pico_get_unique_board_id_string+0x36>
100063c2:	3237      	adds	r2, #55	@ 0x37
100063c4:	54c2      	strb	r2, [r0, r3]
100063c6:	3301      	adds	r3, #1
100063c8:	1e4a      	subs	r2, r1, #1
100063ca:	429a      	cmp	r2, r3
100063cc:	d90e      	bls.n	100063ec <pico_get_unique_board_id_string+0x44>
100063ce:	2b0f      	cmp	r3, #15
100063d0:	d80c      	bhi.n	100063ec <pico_get_unique_board_id_string+0x44>
100063d2:	085a      	lsrs	r2, r3, #1
100063d4:	4c0a      	ldr	r4, [pc, #40]	@ (10006400 <pico_get_unique_board_id_string+0x58>)
100063d6:	5ca4      	ldrb	r4, [r4, r2]
100063d8:	07da      	lsls	r2, r3, #31
100063da:	d4f0      	bmi.n	100063be <pico_get_unique_board_id_string+0x16>
100063dc:	2204      	movs	r2, #4
100063de:	4114      	asrs	r4, r2
100063e0:	220f      	movs	r2, #15
100063e2:	4022      	ands	r2, r4
100063e4:	2a09      	cmp	r2, #9
100063e6:	dcec      	bgt.n	100063c2 <pico_get_unique_board_id_string+0x1a>
100063e8:	3230      	adds	r2, #48	@ 0x30
100063ea:	e7eb      	b.n	100063c4 <pico_get_unique_board_id_string+0x1c>
100063ec:	18c0      	adds	r0, r0, r3
100063ee:	2300      	movs	r3, #0
100063f0:	7003      	strb	r3, [r0, #0]
100063f2:	bd10      	pop	{r4, pc}
100063f4:	100097c4 	.word	0x100097c4
100063f8:	1000a44c 	.word	0x1000a44c
100063fc:	100097cc 	.word	0x100097cc
10006400:	200022c0 	.word	0x200022c0

10006404 <flash_get_unique_id>:
10006404:	b530      	push	{r4, r5, lr}
10006406:	b089      	sub	sp, #36	@ 0x24
10006408:	0004      	movs	r4, r0
1000640a:	ad04      	add	r5, sp, #16
1000640c:	220d      	movs	r2, #13
1000640e:	2100      	movs	r1, #0
10006410:	0028      	movs	r0, r5
10006412:	f7fe fa3f 	bl	10004894 <__wrap_memset>
10006416:	220d      	movs	r2, #13
10006418:	2100      	movs	r1, #0
1000641a:	4668      	mov	r0, sp
1000641c:	f7fe fa3a 	bl	10004894 <__wrap_memset>
10006420:	234b      	movs	r3, #75	@ 0x4b
10006422:	702b      	strb	r3, [r5, #0]
10006424:	220d      	movs	r2, #13
10006426:	4669      	mov	r1, sp
10006428:	0028      	movs	r0, r5
1000642a:	f002 fc8d 	bl	10008d48 <__flash_do_cmd_veneer>
1000642e:	2300      	movs	r3, #0
10006430:	e004      	b.n	1000643c <flash_get_unique_id+0x38>
10006432:	1d5a      	adds	r2, r3, #5
10006434:	4669      	mov	r1, sp
10006436:	5c8a      	ldrb	r2, [r1, r2]
10006438:	54e2      	strb	r2, [r4, r3]
1000643a:	3301      	adds	r3, #1
1000643c:	2b07      	cmp	r3, #7
1000643e:	ddf8      	ble.n	10006432 <flash_get_unique_id+0x2e>
10006440:	b009      	add	sp, #36	@ 0x24
10006442:	bd30      	pop	{r4, r5, pc}

10006444 <_hw_endpoint_alloc>:
10006444:	b510      	push	{r4, lr}
10006446:	8b03      	ldrh	r3, [r0, #24]
10006448:	333f      	adds	r3, #63	@ 0x3f
1000644a:	223f      	movs	r2, #63	@ 0x3f
1000644c:	4393      	bics	r3, r2
1000644e:	2902      	cmp	r1, #2
10006450:	d015      	beq.n	1000647e <_hw_endpoint_alloc+0x3a>
10006452:	4c12      	ldr	r4, [pc, #72]	@ (1000649c <_hw_endpoint_alloc+0x58>)
10006454:	6822      	ldr	r2, [r4, #0]
10006456:	60c2      	str	r2, [r0, #12]
10006458:	18d3      	adds	r3, r2, r3
1000645a:	6023      	str	r3, [r4, #0]
1000645c:	069c      	lsls	r4, r3, #26
1000645e:	d110      	bne.n	10006482 <_hw_endpoint_alloc+0x3e>
10006460:	4c0f      	ldr	r4, [pc, #60]	@ (100064a0 <_hw_endpoint_alloc+0x5c>)
10006462:	4062      	eors	r2, r4
10006464:	4063      	eors	r3, r4
10006466:	2480      	movs	r4, #128	@ 0x80
10006468:	0164      	lsls	r4, r4, #5
1000646a:	42a3      	cmp	r3, r4
1000646c:	d80f      	bhi.n	1000648e <_hw_endpoint_alloc+0x4a>
1000646e:	0689      	lsls	r1, r1, #26
10006470:	4311      	orrs	r1, r2
10006472:	2380      	movs	r3, #128	@ 0x80
10006474:	061b      	lsls	r3, r3, #24
10006476:	430b      	orrs	r3, r1
10006478:	6842      	ldr	r2, [r0, #4]
1000647a:	6013      	str	r3, [r2, #0]
1000647c:	bd10      	pop	{r4, pc}
1000647e:	005b      	lsls	r3, r3, #1
10006480:	e7e7      	b.n	10006452 <_hw_endpoint_alloc+0xe>
10006482:	4b08      	ldr	r3, [pc, #32]	@ (100064a4 <_hw_endpoint_alloc+0x60>)
10006484:	4a08      	ldr	r2, [pc, #32]	@ (100064a8 <_hw_endpoint_alloc+0x64>)
10006486:	4809      	ldr	r0, [pc, #36]	@ (100064ac <_hw_endpoint_alloc+0x68>)
10006488:	2151      	movs	r1, #81	@ 0x51
1000648a:	f7ff fb11 	bl	10005ab0 <__assert_func>
1000648e:	4b08      	ldr	r3, [pc, #32]	@ (100064b0 <_hw_endpoint_alloc+0x6c>)
10006490:	4a05      	ldr	r2, [pc, #20]	@ (100064a8 <_hw_endpoint_alloc+0x64>)
10006492:	4806      	ldr	r0, [pc, #24]	@ (100064ac <_hw_endpoint_alloc+0x68>)
10006494:	2153      	movs	r1, #83	@ 0x53
10006496:	f7ff fb0b 	bl	10005ab0 <__assert_func>
1000649a:	46c0      	nop			@ (mov r8, r8)
1000649c:	20002284 	.word	0x20002284
100064a0:	50100000 	.word	0x50100000
100064a4:	100099b8 	.word	0x100099b8
100064a8:	1000a4bc 	.word	0x1000a4bc
100064ac:	100099e8 	.word	0x100099e8
100064b0:	10009a44 	.word	0x10009a44

100064b4 <hw_endpoint_init>:
100064b4:	b570      	push	{r4, r5, r6, lr}
100064b6:	0005      	movs	r5, r0
100064b8:	237f      	movs	r3, #127	@ 0x7f
100064ba:	4003      	ands	r3, r0
100064bc:	09c4      	lsrs	r4, r0, #7
100064be:	0058      	lsls	r0, r3, #1
100064c0:	1900      	adds	r0, r0, r4
100064c2:	0140      	lsls	r0, r0, #5
100064c4:	4e24      	ldr	r6, [pc, #144]	@ (10006558 <hw_endpoint_init+0xa4>)
100064c6:	1980      	adds	r0, r0, r6
100064c8:	7085      	strb	r5, [r0, #2]
100064ca:	4265      	negs	r5, r4
100064cc:	4165      	adcs	r5, r4
100064ce:	7045      	strb	r5, [r0, #1]
100064d0:	2500      	movs	r5, #0
100064d2:	70c5      	strb	r5, [r0, #3]
100064d4:	8301      	strh	r1, [r0, #24]
100064d6:	76c2      	strb	r2, [r0, #27]
100064d8:	2c01      	cmp	r4, #1
100064da:	d01a      	beq.n	10006512 <hw_endpoint_init+0x5e>
100064dc:	00de      	lsls	r6, r3, #3
100064de:	491f      	ldr	r1, [pc, #124]	@ (1000655c <hw_endpoint_init+0xa8>)
100064e0:	468c      	mov	ip, r1
100064e2:	4466      	add	r6, ip
100064e4:	491c      	ldr	r1, [pc, #112]	@ (10006558 <hw_endpoint_init+0xa4>)
100064e6:	005d      	lsls	r5, r3, #1
100064e8:	192d      	adds	r5, r5, r4
100064ea:	016d      	lsls	r5, r5, #5
100064ec:	1949      	adds	r1, r1, r5
100064ee:	608e      	str	r6, [r1, #8]
100064f0:	4d19      	ldr	r5, [pc, #100]	@ (10006558 <hw_endpoint_init+0xa4>)
100064f2:	005e      	lsls	r6, r3, #1
100064f4:	1936      	adds	r6, r6, r4
100064f6:	0176      	lsls	r6, r6, #5
100064f8:	19ad      	adds	r5, r5, r6
100064fa:	68a9      	ldr	r1, [r5, #8]
100064fc:	2500      	movs	r5, #0
100064fe:	600d      	str	r5, [r1, #0]
10006500:	2b00      	cmp	r3, #0
10006502:	d10c      	bne.n	1000651e <hw_endpoint_init+0x6a>
10006504:	4a14      	ldr	r2, [pc, #80]	@ (10006558 <hw_endpoint_init+0xa4>)
10006506:	1993      	adds	r3, r2, r6
10006508:	2200      	movs	r2, #0
1000650a:	605a      	str	r2, [r3, #4]
1000650c:	4a14      	ldr	r2, [pc, #80]	@ (10006560 <hw_endpoint_init+0xac>)
1000650e:	60da      	str	r2, [r3, #12]
10006510:	bd70      	pop	{r4, r5, r6, pc}
10006512:	00de      	lsls	r6, r3, #3
10006514:	4913      	ldr	r1, [pc, #76]	@ (10006564 <hw_endpoint_init+0xb0>)
10006516:	468c      	mov	ip, r1
10006518:	4466      	add	r6, ip
1000651a:	6086      	str	r6, [r0, #8]
1000651c:	e7e8      	b.n	100064f0 <hw_endpoint_init+0x3c>
1000651e:	2c01      	cmp	r4, #1
10006520:	d00e      	beq.n	10006540 <hw_endpoint_init+0x8c>
10006522:	1e5d      	subs	r5, r3, #1
10006524:	00ed      	lsls	r5, r5, #3
10006526:	4910      	ldr	r1, [pc, #64]	@ (10006568 <hw_endpoint_init+0xb4>)
10006528:	468c      	mov	ip, r1
1000652a:	4465      	add	r5, ip
1000652c:	490a      	ldr	r1, [pc, #40]	@ (10006558 <hw_endpoint_init+0xa4>)
1000652e:	005b      	lsls	r3, r3, #1
10006530:	191b      	adds	r3, r3, r4
10006532:	015b      	lsls	r3, r3, #5
10006534:	18c9      	adds	r1, r1, r3
10006536:	604d      	str	r5, [r1, #4]
10006538:	0011      	movs	r1, r2
1000653a:	f7ff ff83 	bl	10006444 <_hw_endpoint_alloc>
1000653e:	e7e7      	b.n	10006510 <hw_endpoint_init+0x5c>
10006540:	1e5d      	subs	r5, r3, #1
10006542:	00ed      	lsls	r5, r5, #3
10006544:	4909      	ldr	r1, [pc, #36]	@ (1000656c <hw_endpoint_init+0xb8>)
10006546:	468c      	mov	ip, r1
10006548:	4465      	add	r5, ip
1000654a:	4903      	ldr	r1, [pc, #12]	@ (10006558 <hw_endpoint_init+0xa4>)
1000654c:	005b      	lsls	r3, r3, #1
1000654e:	191b      	adds	r3, r3, r4
10006550:	015b      	lsls	r3, r3, #5
10006552:	18c9      	adds	r1, r1, r3
10006554:	604d      	str	r5, [r1, #4]
10006556:	e7ef      	b.n	10006538 <hw_endpoint_init+0x84>
10006558:	20001e80 	.word	0x20001e80
1000655c:	50100084 	.word	0x50100084
10006560:	50100100 	.word	0x50100100
10006564:	50100080 	.word	0x50100080
10006568:	5010000c 	.word	0x5010000c
1000656c:	50100008 	.word	0x50100008

10006570 <hw_endpoint_xfer>:
10006570:	b510      	push	{r4, lr}
10006572:	0004      	movs	r4, r0
10006574:	207f      	movs	r0, #127	@ 0x7f
10006576:	4020      	ands	r0, r4
10006578:	09e4      	lsrs	r4, r4, #7
1000657a:	0040      	lsls	r0, r0, #1
1000657c:	1900      	adds	r0, r0, r4
1000657e:	0140      	lsls	r0, r0, #5
10006580:	4b02      	ldr	r3, [pc, #8]	@ (1000658c <hw_endpoint_xfer+0x1c>)
10006582:	18c0      	adds	r0, r0, r3
10006584:	f000 f932 	bl	100067ec <hw_endpoint_xfer_start>
10006588:	bd10      	pop	{r4, pc}
1000658a:	46c0      	nop			@ (mov r8, r8)
1000658c:	20001e80 	.word	0x20001e80

10006590 <dcd_int_enable>:
10006590:	b510      	push	{r4, lr}
10006592:	2800      	cmp	r0, #0
10006594:	d104      	bne.n	100065a0 <dcd_int_enable+0x10>
10006596:	2101      	movs	r1, #1
10006598:	2005      	movs	r0, #5
1000659a:	f7fb ff65 	bl	10002468 <irq_set_enabled>
1000659e:	bd10      	pop	{r4, pc}
100065a0:	4b03      	ldr	r3, [pc, #12]	@ (100065b0 <dcd_int_enable+0x20>)
100065a2:	4a04      	ldr	r2, [pc, #16]	@ (100065b4 <dcd_int_enable+0x24>)
100065a4:	21d4      	movs	r1, #212	@ 0xd4
100065a6:	4804      	ldr	r0, [pc, #16]	@ (100065b8 <dcd_int_enable+0x28>)
100065a8:	0049      	lsls	r1, r1, #1
100065aa:	f7ff fa81 	bl	10005ab0 <__assert_func>
100065ae:	46c0      	nop			@ (mov r8, r8)
100065b0:	10009a8c 	.word	0x10009a8c
100065b4:	1000a4ac 	.word	0x1000a4ac
100065b8:	100099e8 	.word	0x100099e8

100065bc <dcd_set_address>:
100065bc:	b510      	push	{r4, lr}
100065be:	2800      	cmp	r0, #0
100065c0:	d105      	bne.n	100065ce <dcd_set_address+0x12>
100065c2:	2200      	movs	r2, #0
100065c4:	2100      	movs	r1, #0
100065c6:	2080      	movs	r0, #128	@ 0x80
100065c8:	f7ff ffd2 	bl	10006570 <hw_endpoint_xfer>
100065cc:	bd10      	pop	{r4, pc}
100065ce:	4b03      	ldr	r3, [pc, #12]	@ (100065dc <dcd_set_address+0x20>)
100065d0:	4a03      	ldr	r2, [pc, #12]	@ (100065e0 <dcd_set_address+0x24>)
100065d2:	21d9      	movs	r1, #217	@ 0xd9
100065d4:	4803      	ldr	r0, [pc, #12]	@ (100065e4 <dcd_set_address+0x28>)
100065d6:	0049      	lsls	r1, r1, #1
100065d8:	f7ff fa6a 	bl	10005ab0 <__assert_func>
100065dc:	10009a8c 	.word	0x10009a8c
100065e0:	1000a49c 	.word	0x1000a49c
100065e4:	100099e8 	.word	0x100099e8

100065e8 <dcd_connect>:
100065e8:	4b02      	ldr	r3, [pc, #8]	@ (100065f4 <dcd_connect+0xc>)
100065ea:	2280      	movs	r2, #128	@ 0x80
100065ec:	0252      	lsls	r2, r2, #9
100065ee:	64da      	str	r2, [r3, #76]	@ 0x4c
100065f0:	4770      	bx	lr
100065f2:	46c0      	nop			@ (mov r8, r8)
100065f4:	50112000 	.word	0x50112000

100065f8 <dcd_init>:
100065f8:	b570      	push	{r4, r5, r6, lr}
100065fa:	1e04      	subs	r4, r0, #0
100065fc:	d126      	bne.n	1000664c <dcd_init+0x54>
100065fe:	f000 f8d3 	bl	100067a8 <rp2040_usb_init>
10006602:	4d16      	ldr	r5, [pc, #88]	@ (1000665c <dcd_init+0x64>)
10006604:	230c      	movs	r3, #12
10006606:	67ab      	str	r3, [r5, #120]	@ 0x78
10006608:	4915      	ldr	r1, [pc, #84]	@ (10006660 <dcd_init+0x68>)
1000660a:	22ff      	movs	r2, #255	@ 0xff
1000660c:	2005      	movs	r0, #5
1000660e:	f7fb ff81 	bl	10002514 <irq_add_shared_handler>
10006612:	4814      	ldr	r0, [pc, #80]	@ (10006664 <dcd_init+0x6c>)
10006614:	2240      	movs	r2, #64	@ 0x40
10006616:	2100      	movs	r1, #0
10006618:	f7fe f93c 	bl	10004894 <__wrap_memset>
1000661c:	2200      	movs	r2, #0
1000661e:	2140      	movs	r1, #64	@ 0x40
10006620:	2000      	movs	r0, #0
10006622:	f7ff ff47 	bl	100064b4 <hw_endpoint_init>
10006626:	2200      	movs	r2, #0
10006628:	2140      	movs	r1, #64	@ 0x40
1000662a:	2080      	movs	r0, #128	@ 0x80
1000662c:	f7ff ff42 	bl	100064b4 <hw_endpoint_init>
10006630:	f002 fbf2 	bl	10008e18 <__reset_non_control_endpoints_veneer>
10006634:	2301      	movs	r3, #1
10006636:	642b      	str	r3, [r5, #64]	@ 0x40
10006638:	2380      	movs	r3, #128	@ 0x80
1000663a:	059b      	lsls	r3, r3, #22
1000663c:	64eb      	str	r3, [r5, #76]	@ 0x4c
1000663e:	2390      	movs	r3, #144	@ 0x90
10006640:	4a09      	ldr	r2, [pc, #36]	@ (10006668 <dcd_init+0x70>)
10006642:	50ea      	str	r2, [r5, r3]
10006644:	0020      	movs	r0, r4
10006646:	f7ff ffcf 	bl	100065e8 <dcd_connect>
1000664a:	bd70      	pop	{r4, r5, r6, pc}
1000664c:	4b07      	ldr	r3, [pc, #28]	@ (1000666c <dcd_init+0x74>)
1000664e:	4a08      	ldr	r2, [pc, #32]	@ (10006670 <dcd_init+0x78>)
10006650:	2176      	movs	r1, #118	@ 0x76
10006652:	4808      	ldr	r0, [pc, #32]	@ (10006674 <dcd_init+0x7c>)
10006654:	31ff      	adds	r1, #255	@ 0xff
10006656:	f7ff fa2b 	bl	10005ab0 <__assert_func>
1000665a:	46c0      	nop			@ (mov r8, r8)
1000665c:	50110000 	.word	0x50110000
10006660:	20000475 	.word	0x20000475
10006664:	20001e80 	.word	0x20001e80
10006668:	0001d010 	.word	0x0001d010
1000666c:	10009a8c 	.word	0x10009a8c
10006670:	1000a4d0 	.word	0x1000a4d0
10006674:	100099e8 	.word	0x100099e8

10006678 <dcd_sof_enable>:
10006678:	4b04      	ldr	r3, [pc, #16]	@ (1000668c <dcd_sof_enable+0x14>)
1000667a:	7019      	strb	r1, [r3, #0]
1000667c:	2900      	cmp	r1, #0
1000667e:	d004      	beq.n	1000668a <dcd_sof_enable+0x12>
10006680:	4a03      	ldr	r2, [pc, #12]	@ (10006690 <dcd_sof_enable+0x18>)
10006682:	2390      	movs	r3, #144	@ 0x90
10006684:	2180      	movs	r1, #128	@ 0x80
10006686:	0289      	lsls	r1, r1, #10
10006688:	50d1      	str	r1, [r2, r3]
1000668a:	4770      	bx	lr
1000668c:	200024ec 	.word	0x200024ec
10006690:	50112000 	.word	0x50112000

10006694 <dcd_edpt0_status_complete>:
10006694:	780b      	ldrb	r3, [r1, #0]
10006696:	065b      	lsls	r3, r3, #25
10006698:	d102      	bne.n	100066a0 <dcd_edpt0_status_complete+0xc>
1000669a:	784b      	ldrb	r3, [r1, #1]
1000669c:	2b05      	cmp	r3, #5
1000669e:	d000      	beq.n	100066a2 <dcd_edpt0_status_complete+0xe>
100066a0:	4770      	bx	lr
100066a2:	788a      	ldrb	r2, [r1, #2]
100066a4:	4b01      	ldr	r3, [pc, #4]	@ (100066ac <dcd_edpt0_status_complete+0x18>)
100066a6:	601a      	str	r2, [r3, #0]
100066a8:	e7fa      	b.n	100066a0 <dcd_edpt0_status_complete+0xc>
100066aa:	46c0      	nop			@ (mov r8, r8)
100066ac:	50110000 	.word	0x50110000

100066b0 <dcd_edpt_open>:
100066b0:	b510      	push	{r4, lr}
100066b2:	000a      	movs	r2, r1
100066b4:	2800      	cmp	r0, #0
100066b6:	d10d      	bne.n	100066d4 <dcd_edpt_open+0x24>
100066b8:	7888      	ldrb	r0, [r1, #2]
100066ba:	7909      	ldrb	r1, [r1, #4]
100066bc:	7953      	ldrb	r3, [r2, #5]
100066be:	021b      	lsls	r3, r3, #8
100066c0:	430b      	orrs	r3, r1
100066c2:	055b      	lsls	r3, r3, #21
100066c4:	0d59      	lsrs	r1, r3, #21
100066c6:	78d2      	ldrb	r2, [r2, #3]
100066c8:	0792      	lsls	r2, r2, #30
100066ca:	0f92      	lsrs	r2, r2, #30
100066cc:	f7ff fef2 	bl	100064b4 <hw_endpoint_init>
100066d0:	2001      	movs	r0, #1
100066d2:	bd10      	pop	{r4, pc}
100066d4:	4b03      	ldr	r3, [pc, #12]	@ (100066e4 <dcd_edpt_open+0x34>)
100066d6:	4a04      	ldr	r2, [pc, #16]	@ (100066e8 <dcd_edpt_open+0x38>)
100066d8:	21f0      	movs	r1, #240	@ 0xf0
100066da:	4804      	ldr	r0, [pc, #16]	@ (100066ec <dcd_edpt_open+0x3c>)
100066dc:	31ff      	adds	r1, #255	@ 0xff
100066de:	f7ff f9e7 	bl	10005ab0 <__assert_func>
100066e2:	46c0      	nop			@ (mov r8, r8)
100066e4:	10009a8c 	.word	0x10009a8c
100066e8:	1000a48c 	.word	0x1000a48c
100066ec:	100099e8 	.word	0x100099e8

100066f0 <dcd_edpt_close_all>:
100066f0:	b510      	push	{r4, lr}
100066f2:	f002 fb91 	bl	10008e18 <__reset_non_control_endpoints_veneer>
100066f6:	bd10      	pop	{r4, pc}

100066f8 <dcd_edpt_xfer>:
100066f8:	b510      	push	{r4, lr}
100066fa:	0004      	movs	r4, r0
100066fc:	0008      	movs	r0, r1
100066fe:	0011      	movs	r1, r2
10006700:	001a      	movs	r2, r3
10006702:	2c00      	cmp	r4, #0
10006704:	d103      	bne.n	1000670e <dcd_edpt_xfer+0x16>
10006706:	f7ff ff33 	bl	10006570 <hw_endpoint_xfer>
1000670a:	2001      	movs	r0, #1
1000670c:	bd10      	pop	{r4, pc}
1000670e:	4b03      	ldr	r3, [pc, #12]	@ (1000671c <dcd_edpt_xfer+0x24>)
10006710:	4a03      	ldr	r2, [pc, #12]	@ (10006720 <dcd_edpt_xfer+0x28>)
10006712:	21fe      	movs	r1, #254	@ 0xfe
10006714:	4803      	ldr	r0, [pc, #12]	@ (10006724 <dcd_edpt_xfer+0x2c>)
10006716:	0049      	lsls	r1, r1, #1
10006718:	f7ff f9ca 	bl	10005ab0 <__assert_func>
1000671c:	10009a8c 	.word	0x10009a8c
10006720:	1000a47c 	.word	0x1000a47c
10006724:	100099e8 	.word	0x100099e8

10006728 <dcd_edpt_stall>:
10006728:	b510      	push	{r4, lr}
1000672a:	237f      	movs	r3, #127	@ 0x7f
1000672c:	0018      	movs	r0, r3
1000672e:	4008      	ands	r0, r1
10006730:	420b      	tst	r3, r1
10006732:	d105      	bne.n	10006740 <dcd_edpt_stall+0x18>
10006734:	09cb      	lsrs	r3, r1, #7
10006736:	2b01      	cmp	r3, #1
10006738:	d00e      	beq.n	10006758 <dcd_edpt_stall+0x30>
1000673a:	2202      	movs	r2, #2
1000673c:	4b07      	ldr	r3, [pc, #28]	@ (1000675c <dcd_edpt_stall+0x34>)
1000673e:	669a      	str	r2, [r3, #104]	@ 0x68
10006740:	09c9      	lsrs	r1, r1, #7
10006742:	0040      	lsls	r0, r0, #1
10006744:	1840      	adds	r0, r0, r1
10006746:	0140      	lsls	r0, r0, #5
10006748:	4b05      	ldr	r3, [pc, #20]	@ (10006760 <dcd_edpt_stall+0x38>)
1000674a:	18c0      	adds	r0, r0, r3
1000674c:	2280      	movs	r2, #128	@ 0x80
1000674e:	0112      	lsls	r2, r2, #4
10006750:	2100      	movs	r1, #0
10006752:	f002 fb69 	bl	10008e28 <___hw_endpoint_buffer_control_update32_veneer>
10006756:	bd10      	pop	{r4, pc}
10006758:	2201      	movs	r2, #1
1000675a:	e7ef      	b.n	1000673c <dcd_edpt_stall+0x14>
1000675c:	50112000 	.word	0x50112000
10006760:	20001e80 	.word	0x20001e80

10006764 <dcd_edpt_clear_stall>:
10006764:	b510      	push	{r4, lr}
10006766:	227f      	movs	r2, #127	@ 0x7f
10006768:	0010      	movs	r0, r2
1000676a:	4008      	ands	r0, r1
1000676c:	420a      	tst	r2, r1
1000676e:	d100      	bne.n	10006772 <dcd_edpt_clear_stall+0xe>
10006770:	bd10      	pop	{r4, pc}
10006772:	09c9      	lsrs	r1, r1, #7
10006774:	0040      	lsls	r0, r0, #1
10006776:	1840      	adds	r0, r0, r1
10006778:	0140      	lsls	r0, r0, #5
1000677a:	4b04      	ldr	r3, [pc, #16]	@ (1000678c <dcd_edpt_clear_stall+0x28>)
1000677c:	18c0      	adds	r0, r0, r3
1000677e:	2300      	movs	r3, #0
10006780:	70c3      	strb	r3, [r0, #3]
10006782:	2200      	movs	r2, #0
10006784:	4902      	ldr	r1, [pc, #8]	@ (10006790 <dcd_edpt_clear_stall+0x2c>)
10006786:	f002 fb4f 	bl	10008e28 <___hw_endpoint_buffer_control_update32_veneer>
1000678a:	e7f1      	b.n	10006770 <dcd_edpt_clear_stall+0xc>
1000678c:	20001e80 	.word	0x20001e80
10006790:	fffff7ff 	.word	0xfffff7ff

10006794 <unaligned_memcpy>:
10006794:	e004      	b.n	100067a0 <unaligned_memcpy+0xc>
10006796:	780a      	ldrb	r2, [r1, #0]
10006798:	7002      	strb	r2, [r0, #0]
1000679a:	3101      	adds	r1, #1
1000679c:	3001      	adds	r0, #1
1000679e:	001a      	movs	r2, r3
100067a0:	1e53      	subs	r3, r2, #1
100067a2:	2a00      	cmp	r2, #0
100067a4:	d1f7      	bne.n	10006796 <unaligned_memcpy+0x2>
100067a6:	4770      	bx	lr

100067a8 <rp2040_usb_init>:
100067a8:	b510      	push	{r4, lr}
100067aa:	2380      	movs	r3, #128	@ 0x80
100067ac:	045b      	lsls	r3, r3, #17
100067ae:	4a0a      	ldr	r2, [pc, #40]	@ (100067d8 <rp2040_usb_init+0x30>)
100067b0:	6013      	str	r3, [r2, #0]
100067b2:	4a0a      	ldr	r2, [pc, #40]	@ (100067dc <rp2040_usb_init+0x34>)
100067b4:	6013      	str	r3, [r2, #0]
100067b6:	4b0a      	ldr	r3, [pc, #40]	@ (100067e0 <rp2040_usb_init+0x38>)
100067b8:	681a      	ldr	r2, [r3, #0]
100067ba:	2380      	movs	r3, #128	@ 0x80
100067bc:	045b      	lsls	r3, r3, #17
100067be:	4393      	bics	r3, r2
100067c0:	d1f9      	bne.n	100067b6 <rp2040_usb_init+0xe>
100067c2:	2280      	movs	r2, #128	@ 0x80
100067c4:	0152      	lsls	r2, r2, #5
100067c6:	2100      	movs	r1, #0
100067c8:	4806      	ldr	r0, [pc, #24]	@ (100067e4 <rp2040_usb_init+0x3c>)
100067ca:	f7fe f863 	bl	10004894 <__wrap_memset>
100067ce:	4b06      	ldr	r3, [pc, #24]	@ (100067e8 <rp2040_usb_init+0x40>)
100067d0:	2209      	movs	r2, #9
100067d2:	675a      	str	r2, [r3, #116]	@ 0x74
100067d4:	bd10      	pop	{r4, pc}
100067d6:	46c0      	nop			@ (mov r8, r8)
100067d8:	4000e000 	.word	0x4000e000
100067dc:	4000f000 	.word	0x4000f000
100067e0:	4000c008 	.word	0x4000c008
100067e4:	50100000 	.word	0x50100000
100067e8:	50110000 	.word	0x50110000

100067ec <hw_endpoint_xfer_start>:
100067ec:	b570      	push	{r4, r5, r6, lr}
100067ee:	0004      	movs	r4, r0
100067f0:	000d      	movs	r5, r1
100067f2:	0016      	movs	r6, r2
100067f4:	7e83      	ldrb	r3, [r0, #26]
100067f6:	2b00      	cmp	r3, #0
100067f8:	d117      	bne.n	1000682a <hw_endpoint_xfer_start+0x3e>
100067fa:	82a6      	strh	r6, [r4, #20]
100067fc:	2300      	movs	r3, #0
100067fe:	82e3      	strh	r3, [r4, #22]
10006800:	3301      	adds	r3, #1
10006802:	76a3      	strb	r3, [r4, #26]
10006804:	6125      	str	r5, [r4, #16]
10006806:	0020      	movs	r0, r4
10006808:	f002 fae6 	bl	10008dd8 <__e15_is_bulkin_ep_veneer>
1000680c:	2800      	cmp	r0, #0
1000680e:	d004      	beq.n	1000681a <hw_endpoint_xfer_start+0x2e>
10006810:	4a0c      	ldr	r2, [pc, #48]	@ (10006844 <hw_endpoint_xfer_start+0x58>)
10006812:	2390      	movs	r3, #144	@ 0x90
10006814:	2180      	movs	r1, #128	@ 0x80
10006816:	0289      	lsls	r1, r1, #10
10006818:	50d1      	str	r1, [r2, r3]
1000681a:	0020      	movs	r0, r4
1000681c:	f002 fb0c 	bl	10008e38 <__e15_is_critical_frame_period_veneer>
10006820:	2800      	cmp	r0, #0
10006822:	d00a      	beq.n	1000683a <hw_endpoint_xfer_start+0x4e>
10006824:	2301      	movs	r3, #1
10006826:	7723      	strb	r3, [r4, #28]
10006828:	bd70      	pop	{r4, r5, r6, pc}
1000682a:	7881      	ldrb	r1, [r0, #2]
1000682c:	4806      	ldr	r0, [pc, #24]	@ (10006848 <hw_endpoint_xfer_start+0x5c>)
1000682e:	f7ff faad 	bl	10005d8c <__wrap_printf>
10006832:	0020      	movs	r0, r4
10006834:	f002 fae8 	bl	10008e08 <__hw_endpoint_reset_transfer_veneer>
10006838:	e7df      	b.n	100067fa <hw_endpoint_xfer_start+0xe>
1000683a:	0020      	movs	r0, r4
1000683c:	f002 fadc 	bl	10008df8 <__hw_endpoint_start_next_buffer_veneer>
10006840:	e7f2      	b.n	10006828 <hw_endpoint_xfer_start+0x3c>
10006842:	46c0      	nop			@ (mov r8, r8)
10006844:	50112000 	.word	0x50112000
10006848:	10009b7c 	.word	0x10009b7c

1000684c <configuration_reset>:
1000684c:	b570      	push	{r4, r5, r6, lr}
1000684e:	0005      	movs	r5, r0
10006850:	2400      	movs	r4, #0
10006852:	e008      	b.n	10006866 <configuration_reset+0x1a>
10006854:	1a9b      	subs	r3, r3, r2
10006856:	015b      	lsls	r3, r3, #5
10006858:	4a16      	ldr	r2, [pc, #88]	@ (100068b4 <configuration_reset+0x68>)
1000685a:	189b      	adds	r3, r3, r2
1000685c:	68db      	ldr	r3, [r3, #12]
1000685e:	0028      	movs	r0, r5
10006860:	4798      	blx	r3
10006862:	3401      	adds	r4, #1
10006864:	b2e4      	uxtb	r4, r4
10006866:	4b14      	ldr	r3, [pc, #80]	@ (100068b8 <configuration_reset+0x6c>)
10006868:	781a      	ldrb	r2, [r3, #0]
1000686a:	0023      	movs	r3, r4
1000686c:	1c51      	adds	r1, r2, #1
1000686e:	42a1      	cmp	r1, r4
10006870:	db0d      	blt.n	1000688e <configuration_reset+0x42>
10006872:	42a2      	cmp	r2, r4
10006874:	d9ee      	bls.n	10006854 <configuration_reset+0x8>
10006876:	4b11      	ldr	r3, [pc, #68]	@ (100068bc <configuration_reset+0x70>)
10006878:	681b      	ldr	r3, [r3, #0]
1000687a:	0162      	lsls	r2, r4, #5
1000687c:	189b      	adds	r3, r3, r2
1000687e:	2b00      	cmp	r3, #0
10006880:	d1ec      	bne.n	1000685c <configuration_reset+0x10>
10006882:	490f      	ldr	r1, [pc, #60]	@ (100068c0 <configuration_reset+0x74>)
10006884:	480f      	ldr	r0, [pc, #60]	@ (100068c4 <configuration_reset+0x78>)
10006886:	4a10      	ldr	r2, [pc, #64]	@ (100068c8 <configuration_reset+0x7c>)
10006888:	f7ff fa80 	bl	10005d8c <__wrap_printf>
1000688c:	e010      	b.n	100068b0 <configuration_reset+0x64>
1000688e:	4c0f      	ldr	r4, [pc, #60]	@ (100068cc <configuration_reset+0x80>)
10006890:	2254      	movs	r2, #84	@ 0x54
10006892:	2100      	movs	r1, #0
10006894:	0020      	movs	r0, r4
10006896:	f7fd fffd 	bl	10004894 <__wrap_memset>
1000689a:	1d20      	adds	r0, r4, #4
1000689c:	2210      	movs	r2, #16
1000689e:	21ff      	movs	r1, #255	@ 0xff
100068a0:	f7fd fff8 	bl	10004894 <__wrap_memset>
100068a4:	0020      	movs	r0, r4
100068a6:	3014      	adds	r0, #20
100068a8:	2220      	movs	r2, #32
100068aa:	21ff      	movs	r1, #255	@ 0xff
100068ac:	f7fd fff2 	bl	10004894 <__wrap_memset>
100068b0:	bd70      	pop	{r4, r5, r6, pc}
100068b2:	46c0      	nop			@ (mov r8, r8)
100068b4:	1000a648 	.word	0x1000a648
100068b8:	200024eb 	.word	0x200024eb
100068bc:	20001600 	.word	0x20001600
100068c0:	1000a618 	.word	0x1000a618
100068c4:	10009bb4 	.word	0x10009bb4
100068c8:	00000216 	.word	0x00000216
100068cc:	2000192c 	.word	0x2000192c

100068d0 <critical_section_enter_blocking>:
100068d0:	6802      	ldr	r2, [r0, #0]
100068d2:	f3ef 8110 	mrs	r1, PRIMASK
100068d6:	b672      	cpsid	i
100068d8:	6813      	ldr	r3, [r2, #0]
100068da:	2b00      	cmp	r3, #0
100068dc:	d0fc      	beq.n	100068d8 <critical_section_enter_blocking+0x8>
100068de:	f3bf 8f5f 	dmb	sy
100068e2:	6041      	str	r1, [r0, #4]
100068e4:	4770      	bx	lr

100068e6 <usbd_reset>:
100068e6:	b510      	push	{r4, lr}
100068e8:	f7ff ffb0 	bl	1000684c <configuration_reset>
100068ec:	f000 fe56 	bl	1000759c <usbd_control_reset>
100068f0:	bd10      	pop	{r4, pc}

100068f2 <invoke_class_control>:
100068f2:	b570      	push	{r4, r5, r6, lr}
100068f4:	0005      	movs	r5, r0
100068f6:	000c      	movs	r4, r1
100068f8:	0016      	movs	r6, r2
100068fa:	6948      	ldr	r0, [r1, #20]
100068fc:	f000 fe58 	bl	100075b0 <usbd_control_set_complete_callback>
10006900:	6963      	ldr	r3, [r4, #20]
10006902:	0032      	movs	r2, r6
10006904:	2101      	movs	r1, #1
10006906:	0028      	movs	r0, r5
10006908:	4798      	blx	r3
1000690a:	bd70      	pop	{r4, r5, r6, pc}

1000690c <process_set_config>:
1000690c:	b5f0      	push	{r4, r5, r6, r7, lr}
1000690e:	46de      	mov	lr, fp
10006910:	4657      	mov	r7, sl
10006912:	464e      	mov	r6, r9
10006914:	4645      	mov	r5, r8
10006916:	b5e0      	push	{r5, r6, r7, lr}
10006918:	b083      	sub	sp, #12
1000691a:	4682      	mov	sl, r0
1000691c:	3901      	subs	r1, #1
1000691e:	b2c8      	uxtb	r0, r1
10006920:	f7ff fd00 	bl	10006324 <tud_descriptor_configuration_cb>
10006924:	2800      	cmp	r0, #0
10006926:	d003      	beq.n	10006930 <process_set_config+0x24>
10006928:	7843      	ldrb	r3, [r0, #1]
1000692a:	4699      	mov	r9, r3
1000692c:	2b02      	cmp	r3, #2
1000692e:	d00c      	beq.n	1000694a <process_set_config+0x3e>
10006930:	4955      	ldr	r1, [pc, #340]	@ (10006a88 <process_set_config+0x17c>)
10006932:	4856      	ldr	r0, [pc, #344]	@ (10006a8c <process_set_config+0x180>)
10006934:	4a56      	ldr	r2, [pc, #344]	@ (10006a90 <process_set_config+0x184>)
10006936:	f7ff fa29 	bl	10005d8c <__wrap_printf>
1000693a:	2000      	movs	r0, #0
1000693c:	b003      	add	sp, #12
1000693e:	bcf0      	pop	{r4, r5, r6, r7}
10006940:	46bb      	mov	fp, r7
10006942:	46b2      	mov	sl, r6
10006944:	46a9      	mov	r9, r5
10006946:	46a0      	mov	r8, r4
10006948:	bdf0      	pop	{r4, r5, r6, r7, pc}
1000694a:	79c5      	ldrb	r5, [r0, #7]
1000694c:	116c      	asrs	r4, r5, #5
1000694e:	2201      	movs	r2, #1
10006950:	4b50      	ldr	r3, [pc, #320]	@ (10006a94 <process_set_config+0x188>)
10006952:	4014      	ands	r4, r2
10006954:	0124      	lsls	r4, r4, #4
10006956:	7819      	ldrb	r1, [r3, #0]
10006958:	2610      	movs	r6, #16
1000695a:	43b1      	bics	r1, r6
1000695c:	4321      	orrs	r1, r4
1000695e:	7019      	strb	r1, [r3, #0]
10006960:	11ad      	asrs	r5, r5, #6
10006962:	402a      	ands	r2, r5
10006964:	0152      	lsls	r2, r2, #5
10006966:	b2c9      	uxtb	r1, r1
10006968:	2420      	movs	r4, #32
1000696a:	43a1      	bics	r1, r4
1000696c:	430a      	orrs	r2, r1
1000696e:	701a      	strb	r2, [r3, #0]
10006970:	0006      	movs	r6, r0
10006972:	3609      	adds	r6, #9
10006974:	7882      	ldrb	r2, [r0, #2]
10006976:	78c3      	ldrb	r3, [r0, #3]
10006978:	021b      	lsls	r3, r3, #8
1000697a:	4313      	orrs	r3, r2
1000697c:	4683      	mov	fp, r0
1000697e:	449b      	add	fp, r3
10006980:	464b      	mov	r3, r9
10006982:	9301      	str	r3, [sp, #4]
10006984:	0037      	movs	r7, r6
10006986:	e066      	b.n	10006a56 <process_set_config+0x14a>
10006988:	78fb      	ldrb	r3, [r7, #3]
1000698a:	4699      	mov	r9, r3
1000698c:	783a      	ldrb	r2, [r7, #0]
1000698e:	18bf      	adds	r7, r7, r2
10006990:	e068      	b.n	10006a64 <process_set_config+0x158>
10006992:	493d      	ldr	r1, [pc, #244]	@ (10006a88 <process_set_config+0x17c>)
10006994:	483d      	ldr	r0, [pc, #244]	@ (10006a8c <process_set_config+0x180>)
10006996:	4a40      	ldr	r2, [pc, #256]	@ (10006a98 <process_set_config+0x18c>)
10006998:	f7ff f9f8 	bl	10005d8c <__wrap_printf>
1000699c:	2000      	movs	r0, #0
1000699e:	e7cd      	b.n	1000693c <process_set_config+0x30>
100069a0:	9a00      	ldr	r2, [sp, #0]
100069a2:	1ad3      	subs	r3, r2, r3
100069a4:	015b      	lsls	r3, r3, #5
100069a6:	4e3d      	ldr	r6, [pc, #244]	@ (10006a9c <process_set_config+0x190>)
100069a8:	199e      	adds	r6, r3, r6
100069aa:	6933      	ldr	r3, [r6, #16]
100069ac:	0022      	movs	r2, r4
100069ae:	0039      	movs	r1, r7
100069b0:	4650      	mov	r0, sl
100069b2:	4798      	blx	r3
100069b4:	2808      	cmp	r0, #8
100069b6:	d901      	bls.n	100069bc <process_set_config+0xb0>
100069b8:	4284      	cmp	r4, r0
100069ba:	d216      	bcs.n	100069ea <process_set_config+0xde>
100069bc:	3501      	adds	r5, #1
100069be:	b2ed      	uxtb	r5, r5
100069c0:	4b37      	ldr	r3, [pc, #220]	@ (10006aa0 <process_set_config+0x194>)
100069c2:	781b      	ldrb	r3, [r3, #0]
100069c4:	9500      	str	r5, [sp, #0]
100069c6:	1c5a      	adds	r2, r3, #1
100069c8:	42aa      	cmp	r2, r5
100069ca:	db3e      	blt.n	10006a4a <process_set_config+0x13e>
100069cc:	42ab      	cmp	r3, r5
100069ce:	d9e7      	bls.n	100069a0 <process_set_config+0x94>
100069d0:	4b34      	ldr	r3, [pc, #208]	@ (10006aa4 <process_set_config+0x198>)
100069d2:	681b      	ldr	r3, [r3, #0]
100069d4:	016e      	lsls	r6, r5, #5
100069d6:	199e      	adds	r6, r3, r6
100069d8:	2e00      	cmp	r6, #0
100069da:	d1e6      	bne.n	100069aa <process_set_config+0x9e>
100069dc:	492a      	ldr	r1, [pc, #168]	@ (10006a88 <process_set_config+0x17c>)
100069de:	482b      	ldr	r0, [pc, #172]	@ (10006a8c <process_set_config+0x180>)
100069e0:	4a31      	ldr	r2, [pc, #196]	@ (10006aa8 <process_set_config+0x19c>)
100069e2:	f7ff f9d3 	bl	10005d8c <__wrap_printf>
100069e6:	2000      	movs	r0, #0
100069e8:	e7a8      	b.n	1000693c <process_set_config+0x30>
100069ea:	0034      	movs	r4, r6
100069ec:	9e00      	ldr	r6, [sp, #0]
100069ee:	9000      	str	r0, [sp, #0]
100069f0:	464b      	mov	r3, r9
100069f2:	2b01      	cmp	r3, #1
100069f4:	d011      	beq.n	10006a1a <process_set_config+0x10e>
100069f6:	2000      	movs	r0, #0
100069f8:	4649      	mov	r1, r9
100069fa:	4281      	cmp	r1, r0
100069fc:	d91b      	bls.n	10006a36 <process_set_config+0x12a>
100069fe:	78bb      	ldrb	r3, [r7, #2]
10006a00:	181b      	adds	r3, r3, r0
10006a02:	b2db      	uxtb	r3, r3
10006a04:	4a23      	ldr	r2, [pc, #140]	@ (10006a94 <process_set_config+0x188>)
10006a06:	18d2      	adds	r2, r2, r3
10006a08:	7912      	ldrb	r2, [r2, #4]
10006a0a:	2aff      	cmp	r2, #255	@ 0xff
10006a0c:	d10c      	bne.n	10006a28 <process_set_config+0x11c>
10006a0e:	4a21      	ldr	r2, [pc, #132]	@ (10006a94 <process_set_config+0x188>)
10006a10:	18d3      	adds	r3, r2, r3
10006a12:	711d      	strb	r5, [r3, #4]
10006a14:	3001      	adds	r0, #1
10006a16:	b2c0      	uxtb	r0, r0
10006a18:	e7ef      	b.n	100069fa <process_set_config+0xee>
10006a1a:	6921      	ldr	r1, [r4, #16]
10006a1c:	4a23      	ldr	r2, [pc, #140]	@ (10006aac <process_set_config+0x1a0>)
10006a1e:	4291      	cmp	r1, r2
10006a20:	d1e9      	bne.n	100069f6 <process_set_config+0xea>
10006a22:	9b01      	ldr	r3, [sp, #4]
10006a24:	4699      	mov	r9, r3
10006a26:	e7e6      	b.n	100069f6 <process_set_config+0xea>
10006a28:	4917      	ldr	r1, [pc, #92]	@ (10006a88 <process_set_config+0x17c>)
10006a2a:	4818      	ldr	r0, [pc, #96]	@ (10006a8c <process_set_config+0x180>)
10006a2c:	4a20      	ldr	r2, [pc, #128]	@ (10006ab0 <process_set_config+0x1a4>)
10006a2e:	f7ff f9ad 	bl	10005d8c <__wrap_printf>
10006a32:	2000      	movs	r0, #0
10006a34:	e782      	b.n	1000693c <process_set_config+0x30>
10006a36:	481f      	ldr	r0, [pc, #124]	@ (10006ab4 <process_set_config+0x1a8>)
10006a38:	002b      	movs	r3, r5
10006a3a:	9c00      	ldr	r4, [sp, #0]
10006a3c:	0022      	movs	r2, r4
10006a3e:	0039      	movs	r1, r7
10006a40:	f001 fc5a 	bl	100082f8 <tu_edpt_bind_driver>
10006a44:	46a4      	mov	ip, r4
10006a46:	4467      	add	r7, ip
10006a48:	e000      	b.n	10006a4c <process_set_config+0x140>
10006a4a:	002e      	movs	r6, r5
10006a4c:	4b14      	ldr	r3, [pc, #80]	@ (10006aa0 <process_set_config+0x194>)
10006a4e:	781b      	ldrb	r3, [r3, #0]
10006a50:	3301      	adds	r3, #1
10006a52:	429e      	cmp	r6, r3
10006a54:	dc0f      	bgt.n	10006a76 <process_set_config+0x16a>
10006a56:	455f      	cmp	r7, fp
10006a58:	d214      	bcs.n	10006a84 <process_set_config+0x178>
10006a5a:	787b      	ldrb	r3, [r7, #1]
10006a5c:	2b0b      	cmp	r3, #11
10006a5e:	d093      	beq.n	10006988 <process_set_config+0x7c>
10006a60:	2301      	movs	r3, #1
10006a62:	4699      	mov	r9, r3
10006a64:	787a      	ldrb	r2, [r7, #1]
10006a66:	2a04      	cmp	r2, #4
10006a68:	d193      	bne.n	10006992 <process_set_config+0x86>
10006a6a:	465b      	mov	r3, fp
10006a6c:	1bda      	subs	r2, r3, r7
10006a6e:	b293      	uxth	r3, r2
10006a70:	2500      	movs	r5, #0
10006a72:	001c      	movs	r4, r3
10006a74:	e7a4      	b.n	100069c0 <process_set_config+0xb4>
10006a76:	4904      	ldr	r1, [pc, #16]	@ (10006a88 <process_set_config+0x17c>)
10006a78:	4804      	ldr	r0, [pc, #16]	@ (10006a8c <process_set_config+0x180>)
10006a7a:	4a0f      	ldr	r2, [pc, #60]	@ (10006ab8 <process_set_config+0x1ac>)
10006a7c:	f7ff f986 	bl	10005d8c <__wrap_printf>
10006a80:	2000      	movs	r0, #0
10006a82:	e75b      	b.n	1000693c <process_set_config+0x30>
10006a84:	2001      	movs	r0, #1
10006a86:	e759      	b.n	1000693c <process_set_config+0x30>
10006a88:	1000a5ec 	.word	0x1000a5ec
10006a8c:	10009bb4 	.word	0x10009bb4
10006a90:	000003c7 	.word	0x000003c7
10006a94:	2000192c 	.word	0x2000192c
10006a98:	000003e2 	.word	0x000003e2
10006a9c:	1000a648 	.word	0x1000a648
10006aa0:	200024eb 	.word	0x200024eb
10006aa4:	20001600 	.word	0x20001600
10006aa8:	000003eb 	.word	0x000003eb
10006aac:	10007a6d 	.word	0x10007a6d
10006ab0:	0000040a 	.word	0x0000040a
10006ab4:	20001940 	.word	0x20001940
10006ab8:	00000419 	.word	0x00000419

10006abc <tud_event_hook_cb>:
10006abc:	4770      	bx	lr

10006abe <tud_sof_cb>:
10006abe:	4770      	bx	lr

10006ac0 <tud_descriptor_device_qualifier_cb>:
10006ac0:	2000      	movs	r0, #0
10006ac2:	4770      	bx	lr

10006ac4 <tud_descriptor_other_speed_configuration_cb>:
10006ac4:	2000      	movs	r0, #0
10006ac6:	4770      	bx	lr

10006ac8 <process_get_descriptor>:
10006ac8:	b570      	push	{r4, r5, r6, lr}
10006aca:	0005      	movs	r5, r0
10006acc:	000c      	movs	r4, r1
10006ace:	78cb      	ldrb	r3, [r1, #3]
10006ad0:	7888      	ldrb	r0, [r1, #2]
10006ad2:	2b0f      	cmp	r3, #15
10006ad4:	d853      	bhi.n	10006b7e <process_get_descriptor+0xb6>
10006ad6:	009a      	lsls	r2, r3, #2
10006ad8:	492e      	ldr	r1, [pc, #184]	@ (10006b94 <process_get_descriptor+0xcc>)
10006ada:	588a      	ldr	r2, [r1, r2]
10006adc:	4697      	mov	pc, r2
10006ade:	f7ff fc1d 	bl	1000631c <tud_descriptor_device_cb>
10006ae2:	1e02      	subs	r2, r0, #0
10006ae4:	d005      	beq.n	10006af2 <process_get_descriptor+0x2a>
10006ae6:	2312      	movs	r3, #18
10006ae8:	0021      	movs	r1, r4
10006aea:	0028      	movs	r0, r5
10006aec:	f000 fd0a 	bl	10007504 <tud_control_xfer>
10006af0:	e046      	b.n	10006b80 <process_get_descriptor+0xb8>
10006af2:	4929      	ldr	r1, [pc, #164]	@ (10006b98 <process_get_descriptor+0xd0>)
10006af4:	4829      	ldr	r0, [pc, #164]	@ (10006b9c <process_get_descriptor+0xd4>)
10006af6:	4a2a      	ldr	r2, [pc, #168]	@ (10006ba0 <process_get_descriptor+0xd8>)
10006af8:	f7ff f948 	bl	10005d8c <__wrap_printf>
10006afc:	2000      	movs	r0, #0
10006afe:	e03f      	b.n	10006b80 <process_get_descriptor+0xb8>
10006b00:	f7ff f9a2 	bl	10005e48 <tud_descriptor_bos_cb>
10006b04:	1e02      	subs	r2, r0, #0
10006b06:	d03c      	beq.n	10006b82 <process_get_descriptor+0xba>
10006b08:	7881      	ldrb	r1, [r0, #2]
10006b0a:	78c3      	ldrb	r3, [r0, #3]
10006b0c:	021b      	lsls	r3, r3, #8
10006b0e:	430b      	orrs	r3, r1
10006b10:	0021      	movs	r1, r4
10006b12:	0028      	movs	r0, r5
10006b14:	f000 fcf6 	bl	10007504 <tud_control_xfer>
10006b18:	e032      	b.n	10006b80 <process_get_descriptor+0xb8>
10006b1a:	2b02      	cmp	r3, #2
10006b1c:	d00c      	beq.n	10006b38 <process_get_descriptor+0x70>
10006b1e:	f7ff ffd1 	bl	10006ac4 <tud_descriptor_other_speed_configuration_cb>
10006b22:	1e02      	subs	r2, r0, #0
10006b24:	d02f      	beq.n	10006b86 <process_get_descriptor+0xbe>
10006b26:	7891      	ldrb	r1, [r2, #2]
10006b28:	78d3      	ldrb	r3, [r2, #3]
10006b2a:	021b      	lsls	r3, r3, #8
10006b2c:	430b      	orrs	r3, r1
10006b2e:	0021      	movs	r1, r4
10006b30:	0028      	movs	r0, r5
10006b32:	f000 fce7 	bl	10007504 <tud_control_xfer>
10006b36:	e023      	b.n	10006b80 <process_get_descriptor+0xb8>
10006b38:	f7ff fbf4 	bl	10006324 <tud_descriptor_configuration_cb>
10006b3c:	1e02      	subs	r2, r0, #0
10006b3e:	d1f2      	bne.n	10006b26 <process_get_descriptor+0x5e>
10006b40:	4915      	ldr	r1, [pc, #84]	@ (10006b98 <process_get_descriptor+0xd0>)
10006b42:	4816      	ldr	r0, [pc, #88]	@ (10006b9c <process_get_descriptor+0xd4>)
10006b44:	4a17      	ldr	r2, [pc, #92]	@ (10006ba4 <process_get_descriptor+0xdc>)
10006b46:	f7ff f921 	bl	10005d8c <__wrap_printf>
10006b4a:	2000      	movs	r0, #0
10006b4c:	e018      	b.n	10006b80 <process_get_descriptor+0xb8>
10006b4e:	7923      	ldrb	r3, [r4, #4]
10006b50:	7961      	ldrb	r1, [r4, #5]
10006b52:	0209      	lsls	r1, r1, #8
10006b54:	4319      	orrs	r1, r3
10006b56:	f7ff fbe9 	bl	1000632c <tud_descriptor_string_cb>
10006b5a:	1e02      	subs	r2, r0, #0
10006b5c:	d015      	beq.n	10006b8a <process_get_descriptor+0xc2>
10006b5e:	7803      	ldrb	r3, [r0, #0]
10006b60:	0021      	movs	r1, r4
10006b62:	0028      	movs	r0, r5
10006b64:	f000 fcce 	bl	10007504 <tud_control_xfer>
10006b68:	e00a      	b.n	10006b80 <process_get_descriptor+0xb8>
10006b6a:	f7ff ffa9 	bl	10006ac0 <tud_descriptor_device_qualifier_cb>
10006b6e:	1e02      	subs	r2, r0, #0
10006b70:	d00d      	beq.n	10006b8e <process_get_descriptor+0xc6>
10006b72:	7803      	ldrb	r3, [r0, #0]
10006b74:	0021      	movs	r1, r4
10006b76:	0028      	movs	r0, r5
10006b78:	f000 fcc4 	bl	10007504 <tud_control_xfer>
10006b7c:	e000      	b.n	10006b80 <process_get_descriptor+0xb8>
10006b7e:	2000      	movs	r0, #0
10006b80:	bd70      	pop	{r4, r5, r6, pc}
10006b82:	2000      	movs	r0, #0
10006b84:	e7fc      	b.n	10006b80 <process_get_descriptor+0xb8>
10006b86:	2000      	movs	r0, #0
10006b88:	e7fa      	b.n	10006b80 <process_get_descriptor+0xb8>
10006b8a:	2000      	movs	r0, #0
10006b8c:	e7f8      	b.n	10006b80 <process_get_descriptor+0xb8>
10006b8e:	2000      	movs	r0, #0
10006b90:	e7f6      	b.n	10006b80 <process_get_descriptor+0xb8>
10006b92:	46c0      	nop			@ (mov r8, r8)
10006b94:	1000a4ec 	.word	0x1000a4ec
10006b98:	1000a5d4 	.word	0x1000a5d4
10006b9c:	10009bb4 	.word	0x10009bb4
10006ba0:	0000042b 	.word	0x0000042b
10006ba4:	00000452 	.word	0x00000452

10006ba8 <tud_mount_cb>:
10006ba8:	4770      	bx	lr

10006baa <tud_umount_cb>:
10006baa:	4770      	bx	lr

10006bac <tud_suspend_cb>:
10006bac:	4770      	bx	lr

10006bae <tud_resume_cb>:
10006bae:	4770      	bx	lr

10006bb0 <tud_mounted>:
10006bb0:	4b02      	ldr	r3, [pc, #8]	@ (10006bbc <tud_mounted+0xc>)
10006bb2:	7858      	ldrb	r0, [r3, #1]
10006bb4:	1e43      	subs	r3, r0, #1
10006bb6:	4198      	sbcs	r0, r3
10006bb8:	b2c0      	uxtb	r0, r0
10006bba:	4770      	bx	lr
10006bbc:	2000192c 	.word	0x2000192c

10006bc0 <tud_suspended>:
10006bc0:	4b02      	ldr	r3, [pc, #8]	@ (10006bcc <tud_suspended+0xc>)
10006bc2:	7818      	ldrb	r0, [r3, #0]
10006bc4:	0740      	lsls	r0, r0, #29
10006bc6:	0fc0      	lsrs	r0, r0, #31
10006bc8:	4770      	bx	lr
10006bca:	46c0      	nop			@ (mov r8, r8)
10006bcc:	2000192c 	.word	0x2000192c

10006bd0 <tud_inited>:
10006bd0:	4b03      	ldr	r3, [pc, #12]	@ (10006be0 <tud_inited+0x10>)
10006bd2:	7818      	ldrb	r0, [r3, #0]
10006bd4:	38ff      	subs	r0, #255	@ 0xff
10006bd6:	1e43      	subs	r3, r0, #1
10006bd8:	4198      	sbcs	r0, r3
10006bda:	b2c0      	uxtb	r0, r0
10006bdc:	4770      	bx	lr
10006bde:	46c0      	nop			@ (mov r8, r8)
10006be0:	20000d84 	.word	0x20000d84

10006be4 <tud_init>:
10006be4:	b570      	push	{r4, r5, r6, lr}
10006be6:	0005      	movs	r5, r0
10006be8:	f7ff fff2 	bl	10006bd0 <tud_inited>
10006bec:	1e06      	subs	r6, r0, #0
10006bee:	d001      	beq.n	10006bf4 <tud_init+0x10>
10006bf0:	0030      	movs	r0, r6
10006bf2:	bd70      	pop	{r4, r5, r6, pc}
10006bf4:	4825      	ldr	r0, [pc, #148]	@ (10006c8c <tud_init+0xa8>)
10006bf6:	2254      	movs	r2, #84	@ 0x54
10006bf8:	2100      	movs	r1, #0
10006bfa:	f7fd fe4b 	bl	10004894 <__wrap_memset>
10006bfe:	4b24      	ldr	r3, [pc, #144]	@ (10006c90 <tud_init+0xac>)
10006c00:	2200      	movs	r2, #0
10006c02:	701a      	strb	r2, [r3, #0]
10006c04:	4c23      	ldr	r4, [pc, #140]	@ (10006c94 <tud_init+0xb0>)
10006c06:	0020      	movs	r0, r4
10006c08:	f7fb feee 	bl	100029e8 <mutex_init>
10006c0c:	4b22      	ldr	r3, [pc, #136]	@ (10006c98 <tud_init+0xb4>)
10006c0e:	601c      	str	r4, [r3, #0]
10006c10:	4c22      	ldr	r4, [pc, #136]	@ (10006c9c <tud_init+0xb8>)
10006c12:	0020      	movs	r0, r4
10006c14:	f7fb ff34 	bl	10002a80 <critical_section_init>
10006c18:	3c14      	subs	r4, #20
10006c1a:	0020      	movs	r0, r4
10006c1c:	f001 fdd4 	bl	100087c8 <tu_fifo_clear>
10006c20:	4b1f      	ldr	r3, [pc, #124]	@ (10006ca0 <tud_init+0xbc>)
10006c22:	601c      	str	r4, [r3, #0]
10006c24:	4b1f      	ldr	r3, [pc, #124]	@ (10006ca4 <tud_init+0xc0>)
10006c26:	2b00      	cmp	r3, #0
10006c28:	d004      	beq.n	10006c34 <tud_init+0x50>
10006c2a:	481f      	ldr	r0, [pc, #124]	@ (10006ca8 <tud_init+0xc4>)
10006c2c:	f7ff f92c 	bl	10005e88 <usbd_app_driver_get_cb>
10006c30:	4b1e      	ldr	r3, [pc, #120]	@ (10006cac <tud_init+0xc8>)
10006c32:	6018      	str	r0, [r3, #0]
10006c34:	2400      	movs	r4, #0
10006c36:	e009      	b.n	10006c4c <tud_init+0x68>
10006c38:	1a9b      	subs	r3, r3, r2
10006c3a:	015b      	lsls	r3, r3, #5
10006c3c:	4a1c      	ldr	r2, [pc, #112]	@ (10006cb0 <tud_init+0xcc>)
10006c3e:	189b      	adds	r3, r3, r2
10006c40:	685b      	ldr	r3, [r3, #4]
10006c42:	2b00      	cmp	r3, #0
10006c44:	d010      	beq.n	10006c68 <tud_init+0x84>
10006c46:	4798      	blx	r3
10006c48:	3401      	adds	r4, #1
10006c4a:	b2e4      	uxtb	r4, r4
10006c4c:	4b16      	ldr	r3, [pc, #88]	@ (10006ca8 <tud_init+0xc4>)
10006c4e:	781a      	ldrb	r2, [r3, #0]
10006c50:	0023      	movs	r3, r4
10006c52:	1c51      	adds	r1, r2, #1
10006c54:	42a1      	cmp	r1, r4
10006c56:	db0e      	blt.n	10006c76 <tud_init+0x92>
10006c58:	42a2      	cmp	r2, r4
10006c5a:	d9ed      	bls.n	10006c38 <tud_init+0x54>
10006c5c:	4b13      	ldr	r3, [pc, #76]	@ (10006cac <tud_init+0xc8>)
10006c5e:	681b      	ldr	r3, [r3, #0]
10006c60:	0162      	lsls	r2, r4, #5
10006c62:	189b      	adds	r3, r3, r2
10006c64:	2b00      	cmp	r3, #0
10006c66:	d1eb      	bne.n	10006c40 <tud_init+0x5c>
10006c68:	22f1      	movs	r2, #241	@ 0xf1
10006c6a:	4912      	ldr	r1, [pc, #72]	@ (10006cb4 <tud_init+0xd0>)
10006c6c:	4812      	ldr	r0, [pc, #72]	@ (10006cb8 <tud_init+0xd4>)
10006c6e:	0052      	lsls	r2, r2, #1
10006c70:	f7ff f88c 	bl	10005d8c <__wrap_printf>
10006c74:	e7bc      	b.n	10006bf0 <tud_init+0xc>
10006c76:	4b11      	ldr	r3, [pc, #68]	@ (10006cbc <tud_init+0xd8>)
10006c78:	701d      	strb	r5, [r3, #0]
10006c7a:	0028      	movs	r0, r5
10006c7c:	f7ff fcbc 	bl	100065f8 <dcd_init>
10006c80:	0028      	movs	r0, r5
10006c82:	f7ff fc85 	bl	10006590 <dcd_int_enable>
10006c86:	2601      	movs	r6, #1
10006c88:	e7b2      	b.n	10006bf0 <tud_init+0xc>
10006c8a:	46c0      	nop			@ (mov r8, r8)
10006c8c:	2000192c 	.word	0x2000192c
10006c90:	200024ed 	.word	0x200024ed
10006c94:	200018e4 	.word	0x200018e4
10006c98:	20001980 	.word	0x20001980
10006c9c:	20000d7c 	.word	0x20000d7c
10006ca0:	20001984 	.word	0x20001984
10006ca4:	10005e89 	.word	0x10005e89
10006ca8:	200024eb 	.word	0x200024eb
10006cac:	20001600 	.word	0x20001600
10006cb0:	1000a648 	.word	0x1000a648
10006cb4:	1000a63c 	.word	0x1000a63c
10006cb8:	10009bb4 	.word	0x10009bb4
10006cbc:	20000d84 	.word	0x20000d84

10006cc0 <usbd_edpt_open>:
10006cc0:	b570      	push	{r4, r5, r6, lr}
10006cc2:	000d      	movs	r5, r1
10006cc4:	4b10      	ldr	r3, [pc, #64]	@ (10006d08 <usbd_edpt_open+0x48>)
10006cc6:	781e      	ldrb	r6, [r3, #0]
10006cc8:	788b      	ldrb	r3, [r1, #2]
10006cca:	2270      	movs	r2, #112	@ 0x70
10006ccc:	421a      	tst	r2, r3
10006cce:	d10d      	bne.n	10006cec <usbd_edpt_open+0x2c>
10006cd0:	4b0e      	ldr	r3, [pc, #56]	@ (10006d0c <usbd_edpt_open+0x4c>)
10006cd2:	7899      	ldrb	r1, [r3, #2]
10006cd4:	0028      	movs	r0, r5
10006cd6:	f001 fab9 	bl	1000824c <tu_edpt_validate>
10006cda:	1e04      	subs	r4, r0, #0
10006cdc:	d00d      	beq.n	10006cfa <usbd_edpt_open+0x3a>
10006cde:	0029      	movs	r1, r5
10006ce0:	0030      	movs	r0, r6
10006ce2:	f7ff fce5 	bl	100066b0 <dcd_edpt_open>
10006ce6:	0004      	movs	r4, r0
10006ce8:	0020      	movs	r0, r4
10006cea:	bd70      	pop	{r4, r5, r6, pc}
10006cec:	4908      	ldr	r1, [pc, #32]	@ (10006d10 <usbd_edpt_open+0x50>)
10006cee:	4809      	ldr	r0, [pc, #36]	@ (10006d14 <usbd_edpt_open+0x54>)
10006cf0:	4a09      	ldr	r2, [pc, #36]	@ (10006d18 <usbd_edpt_open+0x58>)
10006cf2:	f7ff f84b 	bl	10005d8c <__wrap_printf>
10006cf6:	2400      	movs	r4, #0
10006cf8:	e7f6      	b.n	10006ce8 <usbd_edpt_open+0x28>
10006cfa:	4905      	ldr	r1, [pc, #20]	@ (10006d10 <usbd_edpt_open+0x50>)
10006cfc:	4805      	ldr	r0, [pc, #20]	@ (10006d14 <usbd_edpt_open+0x54>)
10006cfe:	4a07      	ldr	r2, [pc, #28]	@ (10006d1c <usbd_edpt_open+0x5c>)
10006d00:	f7ff f844 	bl	10005d8c <__wrap_printf>
10006d04:	e7f0      	b.n	10006ce8 <usbd_edpt_open+0x28>
10006d06:	46c0      	nop			@ (mov r8, r8)
10006d08:	20000d84 	.word	0x20000d84
10006d0c:	2000192c 	.word	0x2000192c
10006d10:	1000a5a4 	.word	0x1000a5a4
10006d14:	10009bb4 	.word	0x10009bb4
10006d18:	000004fd 	.word	0x000004fd
10006d1c:	000004fe 	.word	0x000004fe

10006d20 <usbd_open_edpt_pair>:
10006d20:	b5f0      	push	{r4, r5, r6, r7, lr}
10006d22:	46d6      	mov	lr, sl
10006d24:	464f      	mov	r7, r9
10006d26:	4646      	mov	r6, r8
10006d28:	b5c0      	push	{r6, r7, lr}
10006d2a:	4681      	mov	r9, r0
10006d2c:	000c      	movs	r4, r1
10006d2e:	0017      	movs	r7, r2
10006d30:	4698      	mov	r8, r3
10006d32:	9b08      	ldr	r3, [sp, #32]
10006d34:	469a      	mov	sl, r3
10006d36:	2500      	movs	r5, #0
10006d38:	e016      	b.n	10006d68 <usbd_open_edpt_pair+0x48>
10006d3a:	4918      	ldr	r1, [pc, #96]	@ (10006d9c <usbd_open_edpt_pair+0x7c>)
10006d3c:	4818      	ldr	r0, [pc, #96]	@ (10006da0 <usbd_open_edpt_pair+0x80>)
10006d3e:	4a19      	ldr	r2, [pc, #100]	@ (10006da4 <usbd_open_edpt_pair+0x84>)
10006d40:	f7ff f824 	bl	10005d8c <__wrap_printf>
10006d44:	2600      	movs	r6, #0
10006d46:	0030      	movs	r0, r6
10006d48:	bce0      	pop	{r5, r6, r7}
10006d4a:	46ba      	mov	sl, r7
10006d4c:	46b1      	mov	r9, r6
10006d4e:	46a8      	mov	r8, r5
10006d50:	bdf0      	pop	{r4, r5, r6, r7, pc}
10006d52:	4912      	ldr	r1, [pc, #72]	@ (10006d9c <usbd_open_edpt_pair+0x7c>)
10006d54:	4812      	ldr	r0, [pc, #72]	@ (10006da0 <usbd_open_edpt_pair+0x80>)
10006d56:	4a14      	ldr	r2, [pc, #80]	@ (10006da8 <usbd_open_edpt_pair+0x88>)
10006d58:	f7ff f818 	bl	10005d8c <__wrap_printf>
10006d5c:	e7f3      	b.n	10006d46 <usbd_open_edpt_pair+0x26>
10006d5e:	9a09      	ldr	r2, [sp, #36]	@ 0x24
10006d60:	7013      	strb	r3, [r2, #0]
10006d62:	7823      	ldrb	r3, [r4, #0]
10006d64:	18e4      	adds	r4, r4, r3
10006d66:	3501      	adds	r5, #1
10006d68:	42af      	cmp	r7, r5
10006d6a:	dd14      	ble.n	10006d96 <usbd_open_edpt_pair+0x76>
10006d6c:	7863      	ldrb	r3, [r4, #1]
10006d6e:	2b05      	cmp	r3, #5
10006d70:	d1e3      	bne.n	10006d3a <usbd_open_edpt_pair+0x1a>
10006d72:	78e1      	ldrb	r1, [r4, #3]
10006d74:	0789      	lsls	r1, r1, #30
10006d76:	0f89      	lsrs	r1, r1, #30
10006d78:	4541      	cmp	r1, r8
10006d7a:	d1de      	bne.n	10006d3a <usbd_open_edpt_pair+0x1a>
10006d7c:	0021      	movs	r1, r4
10006d7e:	4648      	mov	r0, r9
10006d80:	f7ff ff9e 	bl	10006cc0 <usbd_edpt_open>
10006d84:	1e06      	subs	r6, r0, #0
10006d86:	d0e4      	beq.n	10006d52 <usbd_open_edpt_pair+0x32>
10006d88:	78a3      	ldrb	r3, [r4, #2]
10006d8a:	09da      	lsrs	r2, r3, #7
10006d8c:	2a01      	cmp	r2, #1
10006d8e:	d0e6      	beq.n	10006d5e <usbd_open_edpt_pair+0x3e>
10006d90:	4652      	mov	r2, sl
10006d92:	7013      	strb	r3, [r2, #0]
10006d94:	e7e5      	b.n	10006d62 <usbd_open_edpt_pair+0x42>
10006d96:	2601      	movs	r6, #1
10006d98:	e7d5      	b.n	10006d46 <usbd_open_edpt_pair+0x26>
10006d9a:	46c0      	nop			@ (mov r8, r8)
10006d9c:	1000a5b4 	.word	0x1000a5b4
10006da0:	10009bb4 	.word	0x10009bb4
10006da4:	000004d9 	.word	0x000004d9
10006da8:	000004da 	.word	0x000004da

10006dac <usbd_edpt_claim>:
10006dac:	b510      	push	{r4, lr}
10006dae:	207f      	movs	r0, #127	@ 0x7f
10006db0:	4008      	ands	r0, r1
10006db2:	09c9      	lsrs	r1, r1, #7
10006db4:	0040      	lsls	r0, r0, #1
10006db6:	1840      	adds	r0, r0, r1
10006db8:	3030      	adds	r0, #48	@ 0x30
10006dba:	4b04      	ldr	r3, [pc, #16]	@ (10006dcc <usbd_edpt_claim+0x20>)
10006dbc:	18c0      	adds	r0, r0, r3
10006dbe:	3004      	adds	r0, #4
10006dc0:	4b03      	ldr	r3, [pc, #12]	@ (10006dd0 <usbd_edpt_claim+0x24>)
10006dc2:	6819      	ldr	r1, [r3, #0]
10006dc4:	f001 f9fe 	bl	100081c4 <tu_edpt_claim>
10006dc8:	bd10      	pop	{r4, pc}
10006dca:	46c0      	nop			@ (mov r8, r8)
10006dcc:	2000192c 	.word	0x2000192c
10006dd0:	20001980 	.word	0x20001980

10006dd4 <usbd_edpt_release>:
10006dd4:	b510      	push	{r4, lr}
10006dd6:	207f      	movs	r0, #127	@ 0x7f
10006dd8:	4008      	ands	r0, r1
10006dda:	09c9      	lsrs	r1, r1, #7
10006ddc:	0040      	lsls	r0, r0, #1
10006dde:	1840      	adds	r0, r0, r1
10006de0:	3030      	adds	r0, #48	@ 0x30
10006de2:	4b04      	ldr	r3, [pc, #16]	@ (10006df4 <usbd_edpt_release+0x20>)
10006de4:	18c0      	adds	r0, r0, r3
10006de6:	3004      	adds	r0, #4
10006de8:	4b03      	ldr	r3, [pc, #12]	@ (10006df8 <usbd_edpt_release+0x24>)
10006dea:	6819      	ldr	r1, [r3, #0]
10006dec:	f001 fa12 	bl	10008214 <tu_edpt_release>
10006df0:	bd10      	pop	{r4, pc}
10006df2:	46c0      	nop			@ (mov r8, r8)
10006df4:	2000192c 	.word	0x2000192c
10006df8:	20001980 	.word	0x20001980

10006dfc <usbd_edpt_xfer>:
10006dfc:	b5f0      	push	{r4, r5, r6, r7, lr}
10006dfe:	46c6      	mov	lr, r8
10006e00:	b500      	push	{lr}
10006e02:	b082      	sub	sp, #8
10006e04:	9301      	str	r3, [sp, #4]
10006e06:	481a      	ldr	r0, [pc, #104]	@ (10006e70 <usbd_edpt_xfer+0x74>)
10006e08:	7800      	ldrb	r0, [r0, #0]
10006e0a:	257f      	movs	r5, #127	@ 0x7f
10006e0c:	400d      	ands	r5, r1
10006e0e:	09ce      	lsrs	r6, r1, #7
10006e10:	4c18      	ldr	r4, [pc, #96]	@ (10006e74 <usbd_edpt_xfer+0x78>)
10006e12:	006f      	lsls	r7, r5, #1
10006e14:	19e4      	adds	r4, r4, r7
10006e16:	19a4      	adds	r4, r4, r6
10006e18:	3430      	adds	r4, #48	@ 0x30
10006e1a:	7924      	ldrb	r4, [r4, #4]
10006e1c:	07e4      	lsls	r4, r4, #31
10006e1e:	d41d      	bmi.n	10006e5c <usbd_edpt_xfer+0x60>
10006e20:	4c14      	ldr	r4, [pc, #80]	@ (10006e74 <usbd_edpt_xfer+0x78>)
10006e22:	006f      	lsls	r7, r5, #1
10006e24:	19e4      	adds	r4, r4, r7
10006e26:	19a4      	adds	r4, r4, r6
10006e28:	3430      	adds	r4, #48	@ 0x30
10006e2a:	7923      	ldrb	r3, [r4, #4]
10006e2c:	2701      	movs	r7, #1
10006e2e:	46bc      	mov	ip, r7
10006e30:	4667      	mov	r7, ip
10006e32:	433b      	orrs	r3, r7
10006e34:	7123      	strb	r3, [r4, #4]
10006e36:	9b01      	ldr	r3, [sp, #4]
10006e38:	f7ff fc5e 	bl	100066f8 <dcd_edpt_xfer>
10006e3c:	2800      	cmp	r0, #0
10006e3e:	d113      	bne.n	10006e68 <usbd_edpt_xfer+0x6c>
10006e40:	4b0c      	ldr	r3, [pc, #48]	@ (10006e74 <usbd_edpt_xfer+0x78>)
10006e42:	006d      	lsls	r5, r5, #1
10006e44:	195b      	adds	r3, r3, r5
10006e46:	199b      	adds	r3, r3, r6
10006e48:	3330      	adds	r3, #48	@ 0x30
10006e4a:	791a      	ldrb	r2, [r3, #4]
10006e4c:	2101      	movs	r1, #1
10006e4e:	438a      	bics	r2, r1
10006e50:	711a      	strb	r2, [r3, #4]
10006e52:	791a      	ldrb	r2, [r3, #4]
10006e54:	3103      	adds	r1, #3
10006e56:	438a      	bics	r2, r1
10006e58:	711a      	strb	r2, [r3, #4]
10006e5a:	e005      	b.n	10006e68 <usbd_edpt_xfer+0x6c>
10006e5c:	4906      	ldr	r1, [pc, #24]	@ (10006e78 <usbd_edpt_xfer+0x7c>)
10006e5e:	4807      	ldr	r0, [pc, #28]	@ (10006e7c <usbd_edpt_xfer+0x80>)
10006e60:	4a07      	ldr	r2, [pc, #28]	@ (10006e80 <usbd_edpt_xfer+0x84>)
10006e62:	f7fe ff93 	bl	10005d8c <__wrap_printf>
10006e66:	2000      	movs	r0, #0
10006e68:	b002      	add	sp, #8
10006e6a:	bc80      	pop	{r7}
10006e6c:	46b8      	mov	r8, r7
10006e6e:	bdf0      	pop	{r4, r5, r6, r7, pc}
10006e70:	20000d84 	.word	0x20000d84
10006e74:	2000192c 	.word	0x2000192c
10006e78:	1000a594 	.word	0x1000a594
10006e7c:	10009bb4 	.word	0x10009bb4
10006e80:	0000052b 	.word	0x0000052b

10006e84 <usbd_edpt_stall>:
10006e84:	b570      	push	{r4, r5, r6, lr}
10006e86:	4b0a      	ldr	r3, [pc, #40]	@ (10006eb0 <usbd_edpt_stall+0x2c>)
10006e88:	7818      	ldrb	r0, [r3, #0]
10006e8a:	247f      	movs	r4, #127	@ 0x7f
10006e8c:	400c      	ands	r4, r1
10006e8e:	09cd      	lsrs	r5, r1, #7
10006e90:	f7ff fc4a 	bl	10006728 <dcd_edpt_stall>
10006e94:	4a07      	ldr	r2, [pc, #28]	@ (10006eb4 <usbd_edpt_stall+0x30>)
10006e96:	0064      	lsls	r4, r4, #1
10006e98:	1913      	adds	r3, r2, r4
10006e9a:	195b      	adds	r3, r3, r5
10006e9c:	3330      	adds	r3, #48	@ 0x30
10006e9e:	791a      	ldrb	r2, [r3, #4]
10006ea0:	2102      	movs	r1, #2
10006ea2:	430a      	orrs	r2, r1
10006ea4:	711a      	strb	r2, [r3, #4]
10006ea6:	791a      	ldrb	r2, [r3, #4]
10006ea8:	2101      	movs	r1, #1
10006eaa:	430a      	orrs	r2, r1
10006eac:	711a      	strb	r2, [r3, #4]
10006eae:	bd70      	pop	{r4, r5, r6, pc}
10006eb0:	20000d84 	.word	0x20000d84
10006eb4:	2000192c 	.word	0x2000192c

10006eb8 <usbd_edpt_clear_stall>:
10006eb8:	b570      	push	{r4, r5, r6, lr}
10006eba:	4b0a      	ldr	r3, [pc, #40]	@ (10006ee4 <usbd_edpt_clear_stall+0x2c>)
10006ebc:	7818      	ldrb	r0, [r3, #0]
10006ebe:	247f      	movs	r4, #127	@ 0x7f
10006ec0:	400c      	ands	r4, r1
10006ec2:	09cd      	lsrs	r5, r1, #7
10006ec4:	f7ff fc4e 	bl	10006764 <dcd_edpt_clear_stall>
10006ec8:	4a07      	ldr	r2, [pc, #28]	@ (10006ee8 <usbd_edpt_clear_stall+0x30>)
10006eca:	0064      	lsls	r4, r4, #1
10006ecc:	1913      	adds	r3, r2, r4
10006ece:	195b      	adds	r3, r3, r5
10006ed0:	3330      	adds	r3, #48	@ 0x30
10006ed2:	791a      	ldrb	r2, [r3, #4]
10006ed4:	2102      	movs	r1, #2
10006ed6:	438a      	bics	r2, r1
10006ed8:	711a      	strb	r2, [r3, #4]
10006eda:	791a      	ldrb	r2, [r3, #4]
10006edc:	3901      	subs	r1, #1
10006ede:	438a      	bics	r2, r1
10006ee0:	711a      	strb	r2, [r3, #4]
10006ee2:	bd70      	pop	{r4, r5, r6, pc}
10006ee4:	20000d84 	.word	0x20000d84
10006ee8:	2000192c 	.word	0x2000192c

10006eec <usbd_edpt_stalled>:
10006eec:	227f      	movs	r2, #127	@ 0x7f
10006eee:	400a      	ands	r2, r1
10006ef0:	09c9      	lsrs	r1, r1, #7
10006ef2:	4b04      	ldr	r3, [pc, #16]	@ (10006f04 <usbd_edpt_stalled+0x18>)
10006ef4:	0052      	lsls	r2, r2, #1
10006ef6:	189b      	adds	r3, r3, r2
10006ef8:	185b      	adds	r3, r3, r1
10006efa:	3330      	adds	r3, #48	@ 0x30
10006efc:	7918      	ldrb	r0, [r3, #4]
10006efe:	0780      	lsls	r0, r0, #30
10006f00:	0fc0      	lsrs	r0, r0, #31
10006f02:	4770      	bx	lr
10006f04:	2000192c 	.word	0x2000192c

10006f08 <process_control_request>:
10006f08:	b5f0      	push	{r4, r5, r6, r7, lr}
10006f0a:	46c6      	mov	lr, r8
10006f0c:	b500      	push	{lr}
10006f0e:	b082      	sub	sp, #8
10006f10:	0005      	movs	r5, r0
10006f12:	000c      	movs	r4, r1
10006f14:	2000      	movs	r0, #0
10006f16:	f000 fb4b 	bl	100075b0 <usbd_control_set_complete_callback>
10006f1a:	7823      	ldrb	r3, [r4, #0]
10006f1c:	2260      	movs	r2, #96	@ 0x60
10006f1e:	401a      	ands	r2, r3
10006f20:	2a60      	cmp	r2, #96	@ 0x60
10006f22:	d01a      	beq.n	10006f5a <process_control_request+0x52>
10006f24:	2a40      	cmp	r2, #64	@ 0x40
10006f26:	d01f      	beq.n	10006f68 <process_control_request+0x60>
10006f28:	7823      	ldrb	r3, [r4, #0]
10006f2a:	06db      	lsls	r3, r3, #27
10006f2c:	0edb      	lsrs	r3, r3, #27
10006f2e:	2b01      	cmp	r3, #1
10006f30:	d100      	bne.n	10006f34 <process_control_request+0x2c>
10006f32:	e0d5      	b.n	100070e0 <process_control_request+0x1d8>
10006f34:	2b02      	cmp	r3, #2
10006f36:	d100      	bne.n	10006f3a <process_control_request+0x32>
10006f38:	e115      	b.n	10007166 <process_control_request+0x25e>
10006f3a:	2b00      	cmp	r3, #0
10006f3c:	d000      	beq.n	10006f40 <process_control_request+0x38>
10006f3e:	e17b      	b.n	10007238 <process_control_request+0x330>
10006f40:	2a20      	cmp	r2, #32
10006f42:	d01b      	beq.n	10006f7c <process_control_request+0x74>
10006f44:	2a00      	cmp	r2, #0
10006f46:	d000      	beq.n	10006f4a <process_control_request+0x42>
10006f48:	e180      	b.n	1000724c <process_control_request+0x344>
10006f4a:	7863      	ldrb	r3, [r4, #1]
10006f4c:	2b09      	cmp	r3, #9
10006f4e:	d900      	bls.n	10006f52 <process_control_request+0x4a>
10006f50:	e17e      	b.n	10007250 <process_control_request+0x348>
10006f52:	009b      	lsls	r3, r3, #2
10006f54:	4ac5      	ldr	r2, [pc, #788]	@ (1000726c <process_control_request+0x364>)
10006f56:	58d3      	ldr	r3, [r2, r3]
10006f58:	469f      	mov	pc, r3
10006f5a:	49c5      	ldr	r1, [pc, #788]	@ (10007270 <process_control_request+0x368>)
10006f5c:	48c5      	ldr	r0, [pc, #788]	@ (10007274 <process_control_request+0x36c>)
10006f5e:	4ac6      	ldr	r2, [pc, #792]	@ (10007278 <process_control_request+0x370>)
10006f60:	f7fe ff14 	bl	10005d8c <__wrap_printf>
10006f64:	2600      	movs	r6, #0
10006f66:	e168      	b.n	1000723a <process_control_request+0x332>
10006f68:	48c4      	ldr	r0, [pc, #784]	@ (1000727c <process_control_request+0x374>)
10006f6a:	f000 fb21 	bl	100075b0 <usbd_control_set_complete_callback>
10006f6e:	0022      	movs	r2, r4
10006f70:	2101      	movs	r1, #1
10006f72:	0028      	movs	r0, r5
10006f74:	f7fe ff6c 	bl	10005e50 <tud_vendor_control_xfer_cb>
10006f78:	0006      	movs	r6, r0
10006f7a:	e15e      	b.n	1000723a <process_control_request+0x332>
10006f7c:	7923      	ldrb	r3, [r4, #4]
10006f7e:	2b0f      	cmp	r3, #15
10006f80:	d900      	bls.n	10006f84 <process_control_request+0x7c>
10006f82:	e15f      	b.n	10007244 <process_control_request+0x33c>
10006f84:	4abe      	ldr	r2, [pc, #760]	@ (10007280 <process_control_request+0x378>)
10006f86:	18d3      	adds	r3, r2, r3
10006f88:	791b      	ldrb	r3, [r3, #4]
10006f8a:	4abe      	ldr	r2, [pc, #760]	@ (10007284 <process_control_request+0x37c>)
10006f8c:	7812      	ldrb	r2, [r2, #0]
10006f8e:	4293      	cmp	r3, r2
10006f90:	d207      	bcs.n	10006fa2 <process_control_request+0x9a>
10006f92:	4abd      	ldr	r2, [pc, #756]	@ (10007288 <process_control_request+0x380>)
10006f94:	6811      	ldr	r1, [r2, #0]
10006f96:	015b      	lsls	r3, r3, #5
10006f98:	18c9      	adds	r1, r1, r3
10006f9a:	2900      	cmp	r1, #0
10006f9c:	d109      	bne.n	10006fb2 <process_control_request+0xaa>
10006f9e:	2600      	movs	r6, #0
10006fa0:	e14b      	b.n	1000723a <process_control_request+0x332>
10006fa2:	1c51      	adds	r1, r2, #1
10006fa4:	4299      	cmp	r1, r3
10006fa6:	da00      	bge.n	10006faa <process_control_request+0xa2>
10006fa8:	e14e      	b.n	10007248 <process_control_request+0x340>
10006faa:	1a9b      	subs	r3, r3, r2
10006fac:	015b      	lsls	r3, r3, #5
10006fae:	49b7      	ldr	r1, [pc, #732]	@ (1000728c <process_control_request+0x384>)
10006fb0:	1859      	adds	r1, r3, r1
10006fb2:	0022      	movs	r2, r4
10006fb4:	0028      	movs	r0, r5
10006fb6:	f7ff fc9c 	bl	100068f2 <invoke_class_control>
10006fba:	0006      	movs	r6, r0
10006fbc:	e13d      	b.n	1000723a <process_control_request+0x332>
10006fbe:	0020      	movs	r0, r4
10006fc0:	f000 fafc 	bl	100075bc <usbd_control_set_request>
10006fc4:	78a1      	ldrb	r1, [r4, #2]
10006fc6:	0028      	movs	r0, r5
10006fc8:	f7ff faf8 	bl	100065bc <dcd_set_address>
10006fcc:	4aac      	ldr	r2, [pc, #688]	@ (10007280 <process_control_request+0x378>)
10006fce:	7813      	ldrb	r3, [r2, #0]
10006fd0:	2102      	movs	r1, #2
10006fd2:	430b      	orrs	r3, r1
10006fd4:	7013      	strb	r3, [r2, #0]
10006fd6:	2601      	movs	r6, #1
10006fd8:	e12f      	b.n	1000723a <process_control_request+0x332>
10006fda:	4ba9      	ldr	r3, [pc, #676]	@ (10007280 <process_control_request+0x378>)
10006fdc:	785b      	ldrb	r3, [r3, #1]
10006fde:	466a      	mov	r2, sp
10006fe0:	3206      	adds	r2, #6
10006fe2:	7013      	strb	r3, [r2, #0]
10006fe4:	2301      	movs	r3, #1
10006fe6:	0021      	movs	r1, r4
10006fe8:	0028      	movs	r0, r5
10006fea:	f000 fa8b 	bl	10007504 <tud_control_xfer>
10006fee:	2601      	movs	r6, #1
10006ff0:	e123      	b.n	1000723a <process_control_request+0x332>
10006ff2:	78a6      	ldrb	r6, [r4, #2]
10006ff4:	4ba2      	ldr	r3, [pc, #648]	@ (10007280 <process_control_request+0x378>)
10006ff6:	785b      	ldrb	r3, [r3, #1]
10006ff8:	b2db      	uxtb	r3, r3
10006ffa:	42b3      	cmp	r3, r6
10006ffc:	d02b      	beq.n	10007056 <process_control_request+0x14e>
10006ffe:	4ba0      	ldr	r3, [pc, #640]	@ (10007280 <process_control_request+0x378>)
10007000:	785b      	ldrb	r3, [r3, #1]
10007002:	2b00      	cmp	r3, #0
10007004:	d10c      	bne.n	10007020 <process_control_request+0x118>
10007006:	4b9e      	ldr	r3, [pc, #632]	@ (10007280 <process_control_request+0x378>)
10007008:	705e      	strb	r6, [r3, #1]
1000700a:	2e00      	cmp	r6, #0
1000700c:	d021      	beq.n	10007052 <process_control_request+0x14a>
1000700e:	0031      	movs	r1, r6
10007010:	0028      	movs	r0, r5
10007012:	f7ff fc7b 	bl	1000690c <process_set_config>
10007016:	1e06      	subs	r6, r0, #0
10007018:	d012      	beq.n	10007040 <process_control_request+0x138>
1000701a:	f7ff fdc5 	bl	10006ba8 <tud_mount_cb>
1000701e:	e01a      	b.n	10007056 <process_control_request+0x14e>
10007020:	2100      	movs	r1, #0
10007022:	0028      	movs	r0, r5
10007024:	f7ff fb28 	bl	10006678 <dcd_sof_enable>
10007028:	0028      	movs	r0, r5
1000702a:	f7ff fb61 	bl	100066f0 <dcd_edpt_close_all>
1000702e:	4f94      	ldr	r7, [pc, #592]	@ (10007280 <process_control_request+0x378>)
10007030:	78bb      	ldrb	r3, [r7, #2]
10007032:	4698      	mov	r8, r3
10007034:	0028      	movs	r0, r5
10007036:	f7ff fc09 	bl	1000684c <configuration_reset>
1000703a:	4643      	mov	r3, r8
1000703c:	70bb      	strb	r3, [r7, #2]
1000703e:	e7e2      	b.n	10007006 <process_control_request+0xfe>
10007040:	498b      	ldr	r1, [pc, #556]	@ (10007270 <process_control_request+0x368>)
10007042:	488c      	ldr	r0, [pc, #560]	@ (10007274 <process_control_request+0x36c>)
10007044:	4a92      	ldr	r2, [pc, #584]	@ (10007290 <process_control_request+0x388>)
10007046:	f7fe fea1 	bl	10005d8c <__wrap_printf>
1000704a:	4b8d      	ldr	r3, [pc, #564]	@ (10007280 <process_control_request+0x378>)
1000704c:	2200      	movs	r2, #0
1000704e:	705a      	strb	r2, [r3, #1]
10007050:	e0f3      	b.n	1000723a <process_control_request+0x332>
10007052:	f7ff fdaa 	bl	10006baa <tud_umount_cb>
10007056:	0021      	movs	r1, r4
10007058:	0028      	movs	r0, r5
1000705a:	f000 fa3f 	bl	100074dc <tud_control_status>
1000705e:	2601      	movs	r6, #1
10007060:	e0eb      	b.n	1000723a <process_control_request+0x332>
10007062:	0021      	movs	r1, r4
10007064:	0028      	movs	r0, r5
10007066:	f7ff fd2f 	bl	10006ac8 <process_get_descriptor>
1000706a:	0006      	movs	r6, r0
1000706c:	e0e5      	b.n	1000723a <process_control_request+0x332>
1000706e:	78a2      	ldrb	r2, [r4, #2]
10007070:	78e3      	ldrb	r3, [r4, #3]
10007072:	021b      	lsls	r3, r3, #8
10007074:	4313      	orrs	r3, r2
10007076:	2b01      	cmp	r3, #1
10007078:	d001      	beq.n	1000707e <process_control_request+0x176>
1000707a:	2600      	movs	r6, #0
1000707c:	e0dd      	b.n	1000723a <process_control_request+0x332>
1000707e:	4a80      	ldr	r2, [pc, #512]	@ (10007280 <process_control_request+0x378>)
10007080:	7813      	ldrb	r3, [r2, #0]
10007082:	2108      	movs	r1, #8
10007084:	430b      	orrs	r3, r1
10007086:	7013      	strb	r3, [r2, #0]
10007088:	0021      	movs	r1, r4
1000708a:	0028      	movs	r0, r5
1000708c:	f000 fa26 	bl	100074dc <tud_control_status>
10007090:	2601      	movs	r6, #1
10007092:	e0d2      	b.n	1000723a <process_control_request+0x332>
10007094:	78a2      	ldrb	r2, [r4, #2]
10007096:	78e3      	ldrb	r3, [r4, #3]
10007098:	021b      	lsls	r3, r3, #8
1000709a:	4313      	orrs	r3, r2
1000709c:	2b01      	cmp	r3, #1
1000709e:	d001      	beq.n	100070a4 <process_control_request+0x19c>
100070a0:	2600      	movs	r6, #0
100070a2:	e0ca      	b.n	1000723a <process_control_request+0x332>
100070a4:	4a76      	ldr	r2, [pc, #472]	@ (10007280 <process_control_request+0x378>)
100070a6:	7813      	ldrb	r3, [r2, #0]
100070a8:	2108      	movs	r1, #8
100070aa:	438b      	bics	r3, r1
100070ac:	7013      	strb	r3, [r2, #0]
100070ae:	0021      	movs	r1, r4
100070b0:	0028      	movs	r0, r5
100070b2:	f000 fa13 	bl	100074dc <tud_control_status>
100070b6:	2601      	movs	r6, #1
100070b8:	e0bf      	b.n	1000723a <process_control_request+0x332>
100070ba:	4b71      	ldr	r3, [pc, #452]	@ (10007280 <process_control_request+0x378>)
100070bc:	781a      	ldrb	r2, [r3, #0]
100070be:	0951      	lsrs	r1, r2, #5
100070c0:	0892      	lsrs	r2, r2, #2
100070c2:	2301      	movs	r3, #1
100070c4:	400b      	ands	r3, r1
100070c6:	2102      	movs	r1, #2
100070c8:	400a      	ands	r2, r1
100070ca:	4313      	orrs	r3, r2
100070cc:	466a      	mov	r2, sp
100070ce:	3206      	adds	r2, #6
100070d0:	8013      	strh	r3, [r2, #0]
100070d2:	2302      	movs	r3, #2
100070d4:	0021      	movs	r1, r4
100070d6:	0028      	movs	r0, r5
100070d8:	f000 fa14 	bl	10007504 <tud_control_xfer>
100070dc:	2601      	movs	r6, #1
100070de:	e0ac      	b.n	1000723a <process_control_request+0x332>
100070e0:	7923      	ldrb	r3, [r4, #4]
100070e2:	2b0f      	cmp	r3, #15
100070e4:	d900      	bls.n	100070e8 <process_control_request+0x1e0>
100070e6:	e0b5      	b.n	10007254 <process_control_request+0x34c>
100070e8:	4a65      	ldr	r2, [pc, #404]	@ (10007280 <process_control_request+0x378>)
100070ea:	18d3      	adds	r3, r2, r3
100070ec:	791b      	ldrb	r3, [r3, #4]
100070ee:	4a65      	ldr	r2, [pc, #404]	@ (10007284 <process_control_request+0x37c>)
100070f0:	7812      	ldrb	r2, [r2, #0]
100070f2:	4293      	cmp	r3, r2
100070f4:	d223      	bcs.n	1000713e <process_control_request+0x236>
100070f6:	4a64      	ldr	r2, [pc, #400]	@ (10007288 <process_control_request+0x380>)
100070f8:	6811      	ldr	r1, [r2, #0]
100070fa:	015b      	lsls	r3, r3, #5
100070fc:	18c9      	adds	r1, r1, r3
100070fe:	2900      	cmp	r1, #0
10007100:	d100      	bne.n	10007104 <process_control_request+0x1fc>
10007102:	e0a9      	b.n	10007258 <process_control_request+0x350>
10007104:	0022      	movs	r2, r4
10007106:	0028      	movs	r0, r5
10007108:	f7ff fbf3 	bl	100068f2 <invoke_class_control>
1000710c:	1e06      	subs	r6, r0, #0
1000710e:	d000      	beq.n	10007112 <process_control_request+0x20a>
10007110:	e093      	b.n	1000723a <process_control_request+0x332>
10007112:	7823      	ldrb	r3, [r4, #0]
10007114:	2260      	movs	r2, #96	@ 0x60
10007116:	421a      	tst	r2, r3
10007118:	d000      	beq.n	1000711c <process_control_request+0x214>
1000711a:	e08e      	b.n	1000723a <process_control_request+0x332>
1000711c:	7863      	ldrb	r3, [r4, #1]
1000711e:	3b0a      	subs	r3, #10
10007120:	2b01      	cmp	r3, #1
10007122:	d900      	bls.n	10007126 <process_control_request+0x21e>
10007124:	e089      	b.n	1000723a <process_control_request+0x332>
10007126:	2000      	movs	r0, #0
10007128:	f000 fa42 	bl	100075b0 <usbd_control_set_complete_callback>
1000712c:	7863      	ldrb	r3, [r4, #1]
1000712e:	2b0a      	cmp	r3, #10
10007130:	d00e      	beq.n	10007150 <process_control_request+0x248>
10007132:	0021      	movs	r1, r4
10007134:	0028      	movs	r0, r5
10007136:	f000 f9d1 	bl	100074dc <tud_control_status>
1000713a:	2601      	movs	r6, #1
1000713c:	e07d      	b.n	1000723a <process_control_request+0x332>
1000713e:	1c51      	adds	r1, r2, #1
10007140:	4299      	cmp	r1, r3
10007142:	da00      	bge.n	10007146 <process_control_request+0x23e>
10007144:	e08a      	b.n	1000725c <process_control_request+0x354>
10007146:	1a9b      	subs	r3, r3, r2
10007148:	015b      	lsls	r3, r3, #5
1000714a:	4950      	ldr	r1, [pc, #320]	@ (1000728c <process_control_request+0x384>)
1000714c:	1859      	adds	r1, r3, r1
1000714e:	e7d9      	b.n	10007104 <process_control_request+0x1fc>
10007150:	466b      	mov	r3, sp
10007152:	1d9a      	adds	r2, r3, #6
10007154:	2300      	movs	r3, #0
10007156:	7013      	strb	r3, [r2, #0]
10007158:	3301      	adds	r3, #1
1000715a:	0021      	movs	r1, r4
1000715c:	0028      	movs	r0, r5
1000715e:	f000 f9d1 	bl	10007504 <tud_control_xfer>
10007162:	3601      	adds	r6, #1
10007164:	e069      	b.n	1000723a <process_control_request+0x332>
10007166:	7921      	ldrb	r1, [r4, #4]
10007168:	207f      	movs	r0, #127	@ 0x7f
1000716a:	4008      	ands	r0, r1
1000716c:	09ce      	lsrs	r6, r1, #7
1000716e:	2370      	movs	r3, #112	@ 0x70
10007170:	420b      	tst	r3, r1
10007172:	d117      	bne.n	100071a4 <process_control_request+0x29c>
10007174:	4b42      	ldr	r3, [pc, #264]	@ (10007280 <process_control_request+0x378>)
10007176:	0040      	lsls	r0, r0, #1
10007178:	181b      	adds	r3, r3, r0
1000717a:	199b      	adds	r3, r3, r6
1000717c:	7d1b      	ldrb	r3, [r3, #20]
1000717e:	4841      	ldr	r0, [pc, #260]	@ (10007284 <process_control_request+0x37c>)
10007180:	7800      	ldrb	r0, [r0, #0]
10007182:	4283      	cmp	r3, r0
10007184:	d215      	bcs.n	100071b2 <process_control_request+0x2aa>
10007186:	4840      	ldr	r0, [pc, #256]	@ (10007288 <process_control_request+0x380>)
10007188:	6806      	ldr	r6, [r0, #0]
1000718a:	015b      	lsls	r3, r3, #5
1000718c:	18f6      	adds	r6, r6, r3
1000718e:	2a00      	cmp	r2, #0
10007190:	d019      	beq.n	100071c6 <process_control_request+0x2be>
10007192:	2e00      	cmp	r6, #0
10007194:	d064      	beq.n	10007260 <process_control_request+0x358>
10007196:	0022      	movs	r2, r4
10007198:	0031      	movs	r1, r6
1000719a:	0028      	movs	r0, r5
1000719c:	f7ff fba9 	bl	100068f2 <invoke_class_control>
100071a0:	0006      	movs	r6, r0
100071a2:	e04a      	b.n	1000723a <process_control_request+0x332>
100071a4:	4932      	ldr	r1, [pc, #200]	@ (10007270 <process_control_request+0x368>)
100071a6:	4833      	ldr	r0, [pc, #204]	@ (10007274 <process_control_request+0x36c>)
100071a8:	4a3a      	ldr	r2, [pc, #232]	@ (10007294 <process_control_request+0x38c>)
100071aa:	f7fe fdef 	bl	10005d8c <__wrap_printf>
100071ae:	2600      	movs	r6, #0
100071b0:	e043      	b.n	1000723a <process_control_request+0x332>
100071b2:	1c46      	adds	r6, r0, #1
100071b4:	429e      	cmp	r6, r3
100071b6:	db04      	blt.n	100071c2 <process_control_request+0x2ba>
100071b8:	1a1b      	subs	r3, r3, r0
100071ba:	015b      	lsls	r3, r3, #5
100071bc:	4e33      	ldr	r6, [pc, #204]	@ (1000728c <process_control_request+0x384>)
100071be:	199e      	adds	r6, r3, r6
100071c0:	e7e5      	b.n	1000718e <process_control_request+0x286>
100071c2:	2600      	movs	r6, #0
100071c4:	e7e3      	b.n	1000718e <process_control_request+0x286>
100071c6:	7863      	ldrb	r3, [r4, #1]
100071c8:	2b01      	cmp	r3, #1
100071ca:	d010      	beq.n	100071ee <process_control_request+0x2e6>
100071cc:	2b03      	cmp	r3, #3
100071ce:	d00e      	beq.n	100071ee <process_control_request+0x2e6>
100071d0:	2b00      	cmp	r3, #0
100071d2:	d147      	bne.n	10007264 <process_control_request+0x35c>
100071d4:	0028      	movs	r0, r5
100071d6:	f7ff fe89 	bl	10006eec <usbd_edpt_stalled>
100071da:	466b      	mov	r3, sp
100071dc:	1d9a      	adds	r2, r3, #6
100071de:	8010      	strh	r0, [r2, #0]
100071e0:	2302      	movs	r3, #2
100071e2:	0021      	movs	r1, r4
100071e4:	0028      	movs	r0, r5
100071e6:	f000 f98d 	bl	10007504 <tud_control_xfer>
100071ea:	2601      	movs	r6, #1
100071ec:	e025      	b.n	1000723a <process_control_request+0x332>
100071ee:	78a0      	ldrb	r0, [r4, #2]
100071f0:	78e2      	ldrb	r2, [r4, #3]
100071f2:	0212      	lsls	r2, r2, #8
100071f4:	4302      	orrs	r2, r0
100071f6:	d104      	bne.n	10007202 <process_control_request+0x2fa>
100071f8:	2b01      	cmp	r3, #1
100071fa:	d019      	beq.n	10007230 <process_control_request+0x328>
100071fc:	0028      	movs	r0, r5
100071fe:	f7ff fe41 	bl	10006e84 <usbd_edpt_stall>
10007202:	2e00      	cmp	r6, #0
10007204:	d030      	beq.n	10007268 <process_control_request+0x360>
10007206:	0022      	movs	r2, r4
10007208:	0031      	movs	r1, r6
1000720a:	0028      	movs	r0, r5
1000720c:	f7ff fb71 	bl	100068f2 <invoke_class_control>
10007210:	2000      	movs	r0, #0
10007212:	f000 f9cd 	bl	100075b0 <usbd_control_set_complete_callback>
10007216:	4b1a      	ldr	r3, [pc, #104]	@ (10007280 <process_control_request+0x378>)
10007218:	2235      	movs	r2, #53	@ 0x35
1000721a:	5c9b      	ldrb	r3, [r3, r2]
1000721c:	07db      	lsls	r3, r3, #31
1000721e:	0fde      	lsrs	r6, r3, #31
10007220:	2b00      	cmp	r3, #0
10007222:	d10a      	bne.n	1000723a <process_control_request+0x332>
10007224:	0021      	movs	r1, r4
10007226:	0028      	movs	r0, r5
10007228:	f000 f958 	bl	100074dc <tud_control_status>
1000722c:	2601      	movs	r6, #1
1000722e:	e004      	b.n	1000723a <process_control_request+0x332>
10007230:	0028      	movs	r0, r5
10007232:	f7ff fe41 	bl	10006eb8 <usbd_edpt_clear_stall>
10007236:	e7e4      	b.n	10007202 <process_control_request+0x2fa>
10007238:	2600      	movs	r6, #0
1000723a:	0030      	movs	r0, r6
1000723c:	b002      	add	sp, #8
1000723e:	bc80      	pop	{r7}
10007240:	46b8      	mov	r8, r7
10007242:	bdf0      	pop	{r4, r5, r6, r7, pc}
10007244:	2600      	movs	r6, #0
10007246:	e7f8      	b.n	1000723a <process_control_request+0x332>
10007248:	2600      	movs	r6, #0
1000724a:	e7f6      	b.n	1000723a <process_control_request+0x332>
1000724c:	2600      	movs	r6, #0
1000724e:	e7f4      	b.n	1000723a <process_control_request+0x332>
10007250:	2600      	movs	r6, #0
10007252:	e7f2      	b.n	1000723a <process_control_request+0x332>
10007254:	2600      	movs	r6, #0
10007256:	e7f0      	b.n	1000723a <process_control_request+0x332>
10007258:	2600      	movs	r6, #0
1000725a:	e7ee      	b.n	1000723a <process_control_request+0x332>
1000725c:	2600      	movs	r6, #0
1000725e:	e7ec      	b.n	1000723a <process_control_request+0x332>
10007260:	2600      	movs	r6, #0
10007262:	e7ea      	b.n	1000723a <process_control_request+0x332>
10007264:	2600      	movs	r6, #0
10007266:	e7e8      	b.n	1000723a <process_control_request+0x332>
10007268:	2601      	movs	r6, #1
1000726a:	e7e6      	b.n	1000723a <process_control_request+0x332>
1000726c:	1000a548 	.word	0x1000a548
10007270:	1000a600 	.word	0x1000a600
10007274:	10009bb4 	.word	0x10009bb4
10007278:	000002c5 	.word	0x000002c5
1000727c:	10005e51 	.word	0x10005e51
10007280:	2000192c 	.word	0x2000192c
10007284:	200024eb 	.word	0x200024eb
10007288:	20001600 	.word	0x20001600
1000728c:	1000a648 	.word	0x1000a648
10007290:	00000315 	.word	0x00000315
10007294:	00000386 	.word	0x00000386

10007298 <tud_task_ext>:
10007298:	b530      	push	{r4, r5, lr}
1000729a:	b085      	sub	sp, #20
1000729c:	f7ff fc98 	bl	10006bd0 <tud_inited>
100072a0:	2800      	cmp	r0, #0
100072a2:	d108      	bne.n	100072b6 <tud_task_ext+0x1e>
100072a4:	b005      	add	sp, #20
100072a6:	bd30      	pop	{r4, r5, pc}
100072a8:	ac01      	add	r4, sp, #4
100072aa:	7820      	ldrb	r0, [r4, #0]
100072ac:	f7ff fb1b 	bl	100068e6 <usbd_reset>
100072b0:	7922      	ldrb	r2, [r4, #4]
100072b2:	4b60      	ldr	r3, [pc, #384]	@ (10007434 <tud_task_ext+0x19c>)
100072b4:	709a      	strb	r2, [r3, #2]
100072b6:	4b60      	ldr	r3, [pc, #384]	@ (10007438 <tud_task_ext+0x1a0>)
100072b8:	681c      	ldr	r4, [r3, #0]
100072ba:	0020      	movs	r0, r4
100072bc:	3014      	adds	r0, #20
100072be:	f7ff fb07 	bl	100068d0 <critical_section_enter_blocking>
100072c2:	a901      	add	r1, sp, #4
100072c4:	0020      	movs	r0, r4
100072c6:	f001 fa22 	bl	1000870e <tu_fifo_read>
100072ca:	6962      	ldr	r2, [r4, #20]
100072cc:	69a3      	ldr	r3, [r4, #24]
100072ce:	f3bf 8f5f 	dmb	sy
100072d2:	2100      	movs	r1, #0
100072d4:	6011      	str	r1, [r2, #0]
100072d6:	f383 8810 	msr	PRIMASK, r3
100072da:	2800      	cmp	r0, #0
100072dc:	d0e2      	beq.n	100072a4 <tud_task_ext+0xc>
100072de:	ab01      	add	r3, sp, #4
100072e0:	785b      	ldrb	r3, [r3, #1]
100072e2:	2b08      	cmp	r3, #8
100072e4:	d8e7      	bhi.n	100072b6 <tud_task_ext+0x1e>
100072e6:	009b      	lsls	r3, r3, #2
100072e8:	4a54      	ldr	r2, [pc, #336]	@ (1000743c <tud_task_ext+0x1a4>)
100072ea:	58d3      	ldr	r3, [r2, r3]
100072ec:	469f      	mov	pc, r3
100072ee:	ab01      	add	r3, sp, #4
100072f0:	7818      	ldrb	r0, [r3, #0]
100072f2:	f7ff faf8 	bl	100068e6 <usbd_reset>
100072f6:	f7ff fc58 	bl	10006baa <tud_umount_cb>
100072fa:	e7dc      	b.n	100072b6 <tud_task_ext+0x1e>
100072fc:	4b50      	ldr	r3, [pc, #320]	@ (10007440 <tud_task_ext+0x1a8>)
100072fe:	781b      	ldrb	r3, [r3, #0]
10007300:	2b00      	cmp	r3, #0
10007302:	d02d      	beq.n	10007360 <tud_task_ext+0xc8>
10007304:	4a4e      	ldr	r2, [pc, #312]	@ (10007440 <tud_task_ext+0x1a8>)
10007306:	7813      	ldrb	r3, [r2, #0]
10007308:	3b01      	subs	r3, #1
1000730a:	b2db      	uxtb	r3, r3
1000730c:	7013      	strb	r3, [r2, #0]
1000730e:	7813      	ldrb	r3, [r2, #0]
10007310:	2b00      	cmp	r3, #0
10007312:	d1d0      	bne.n	100072b6 <tud_task_ext+0x1e>
10007314:	4b47      	ldr	r3, [pc, #284]	@ (10007434 <tud_task_ext+0x19c>)
10007316:	781a      	ldrb	r2, [r3, #0]
10007318:	2401      	movs	r4, #1
1000731a:	2101      	movs	r1, #1
1000731c:	430a      	orrs	r2, r1
1000731e:	701a      	strb	r2, [r3, #0]
10007320:	2234      	movs	r2, #52	@ 0x34
10007322:	5c99      	ldrb	r1, [r3, r2]
10007324:	43a1      	bics	r1, r4
10007326:	5499      	strb	r1, [r3, r2]
10007328:	5c99      	ldrb	r1, [r3, r2]
1000732a:	2004      	movs	r0, #4
1000732c:	4381      	bics	r1, r0
1000732e:	5499      	strb	r1, [r3, r2]
10007330:	3201      	adds	r2, #1
10007332:	5c99      	ldrb	r1, [r3, r2]
10007334:	43a1      	bics	r1, r4
10007336:	5499      	strb	r1, [r3, r2]
10007338:	5c99      	ldrb	r1, [r3, r2]
1000733a:	4381      	bics	r1, r0
1000733c:	5499      	strb	r1, [r3, r2]
1000733e:	ab01      	add	r3, sp, #4
10007340:	7818      	ldrb	r0, [r3, #0]
10007342:	a902      	add	r1, sp, #8
10007344:	f7ff fde0 	bl	10006f08 <process_control_request>
10007348:	2800      	cmp	r0, #0
1000734a:	d1b4      	bne.n	100072b6 <tud_task_ext+0x1e>
1000734c:	ac01      	add	r4, sp, #4
1000734e:	7820      	ldrb	r0, [r4, #0]
10007350:	2100      	movs	r1, #0
10007352:	f7ff f9e9 	bl	10006728 <dcd_edpt_stall>
10007356:	7820      	ldrb	r0, [r4, #0]
10007358:	2180      	movs	r1, #128	@ 0x80
1000735a:	f7ff f9e5 	bl	10006728 <dcd_edpt_stall>
1000735e:	e7aa      	b.n	100072b6 <tud_task_ext+0x1e>
10007360:	4938      	ldr	r1, [pc, #224]	@ (10007444 <tud_task_ext+0x1ac>)
10007362:	4839      	ldr	r0, [pc, #228]	@ (10007448 <tud_task_ext+0x1b0>)
10007364:	4a39      	ldr	r2, [pc, #228]	@ (1000744c <tud_task_ext+0x1b4>)
10007366:	f7fe fd11 	bl	10005d8c <__wrap_printf>
1000736a:	e79b      	b.n	100072a4 <tud_task_ext+0xc>
1000736c:	ab01      	add	r3, sp, #4
1000736e:	7919      	ldrb	r1, [r3, #4]
10007370:	227f      	movs	r2, #127	@ 0x7f
10007372:	400a      	ands	r2, r1
10007374:	09cc      	lsrs	r4, r1, #7
10007376:	4b2f      	ldr	r3, [pc, #188]	@ (10007434 <tud_task_ext+0x19c>)
10007378:	0050      	lsls	r0, r2, #1
1000737a:	181b      	adds	r3, r3, r0
1000737c:	191b      	adds	r3, r3, r4
1000737e:	3330      	adds	r3, #48	@ 0x30
10007380:	7918      	ldrb	r0, [r3, #4]
10007382:	2501      	movs	r5, #1
10007384:	43a8      	bics	r0, r5
10007386:	7118      	strb	r0, [r3, #4]
10007388:	7918      	ldrb	r0, [r3, #4]
1000738a:	3503      	adds	r5, #3
1000738c:	43a8      	bics	r0, r5
1000738e:	7118      	strb	r0, [r3, #4]
10007390:	2a00      	cmp	r2, #0
10007392:	d015      	beq.n	100073c0 <tud_task_ext+0x128>
10007394:	4b27      	ldr	r3, [pc, #156]	@ (10007434 <tud_task_ext+0x19c>)
10007396:	0052      	lsls	r2, r2, #1
10007398:	189b      	adds	r3, r3, r2
1000739a:	191b      	adds	r3, r3, r4
1000739c:	7d1b      	ldrb	r3, [r3, #20]
1000739e:	4a2c      	ldr	r2, [pc, #176]	@ (10007450 <tud_task_ext+0x1b8>)
100073a0:	7812      	ldrb	r2, [r2, #0]
100073a2:	4293      	cmp	r3, r2
100073a4:	d213      	bcs.n	100073ce <tud_task_ext+0x136>
100073a6:	4a2b      	ldr	r2, [pc, #172]	@ (10007454 <tud_task_ext+0x1bc>)
100073a8:	6812      	ldr	r2, [r2, #0]
100073aa:	015b      	lsls	r3, r3, #5
100073ac:	18d3      	adds	r3, r2, r3
100073ae:	2b00      	cmp	r3, #0
100073b0:	d015      	beq.n	100073de <tud_task_ext+0x146>
100073b2:	699c      	ldr	r4, [r3, #24]
100073b4:	a801      	add	r0, sp, #4
100073b6:	7942      	ldrb	r2, [r0, #5]
100073b8:	9b03      	ldr	r3, [sp, #12]
100073ba:	7800      	ldrb	r0, [r0, #0]
100073bc:	47a0      	blx	r4
100073be:	e77a      	b.n	100072b6 <tud_task_ext+0x1e>
100073c0:	a801      	add	r0, sp, #4
100073c2:	7942      	ldrb	r2, [r0, #5]
100073c4:	9b03      	ldr	r3, [sp, #12]
100073c6:	7800      	ldrb	r0, [r0, #0]
100073c8:	f000 f906 	bl	100075d8 <usbd_control_xfer_cb>
100073cc:	e773      	b.n	100072b6 <tud_task_ext+0x1e>
100073ce:	1c50      	adds	r0, r2, #1
100073d0:	4298      	cmp	r0, r3
100073d2:	db04      	blt.n	100073de <tud_task_ext+0x146>
100073d4:	1a9b      	subs	r3, r3, r2
100073d6:	015b      	lsls	r3, r3, #5
100073d8:	4a1f      	ldr	r2, [pc, #124]	@ (10007458 <tud_task_ext+0x1c0>)
100073da:	189b      	adds	r3, r3, r2
100073dc:	e7e9      	b.n	100073b2 <tud_task_ext+0x11a>
100073de:	4919      	ldr	r1, [pc, #100]	@ (10007444 <tud_task_ext+0x1ac>)
100073e0:	4819      	ldr	r0, [pc, #100]	@ (10007448 <tud_task_ext+0x1b0>)
100073e2:	4a1e      	ldr	r2, [pc, #120]	@ (1000745c <tud_task_ext+0x1c4>)
100073e4:	f7fe fcd2 	bl	10005d8c <__wrap_printf>
100073e8:	e75c      	b.n	100072a4 <tud_task_ext+0xc>
100073ea:	4b12      	ldr	r3, [pc, #72]	@ (10007434 <tud_task_ext+0x19c>)
100073ec:	781b      	ldrb	r3, [r3, #0]
100073ee:	07db      	lsls	r3, r3, #31
100073f0:	d400      	bmi.n	100073f4 <tud_task_ext+0x15c>
100073f2:	e760      	b.n	100072b6 <tud_task_ext+0x1e>
100073f4:	4b0f      	ldr	r3, [pc, #60]	@ (10007434 <tud_task_ext+0x19c>)
100073f6:	7818      	ldrb	r0, [r3, #0]
100073f8:	0700      	lsls	r0, r0, #28
100073fa:	0fc0      	lsrs	r0, r0, #31
100073fc:	f7ff fbd6 	bl	10006bac <tud_suspend_cb>
10007400:	e759      	b.n	100072b6 <tud_task_ext+0x1e>
10007402:	4b0c      	ldr	r3, [pc, #48]	@ (10007434 <tud_task_ext+0x19c>)
10007404:	781b      	ldrb	r3, [r3, #0]
10007406:	07db      	lsls	r3, r3, #31
10007408:	d400      	bmi.n	1000740c <tud_task_ext+0x174>
1000740a:	e754      	b.n	100072b6 <tud_task_ext+0x1e>
1000740c:	f7ff fbcf 	bl	10006bae <tud_resume_cb>
10007410:	e751      	b.n	100072b6 <tud_task_ext+0x1e>
10007412:	9b02      	ldr	r3, [sp, #8]
10007414:	2b00      	cmp	r3, #0
10007416:	d100      	bne.n	1000741a <tud_task_ext+0x182>
10007418:	e74d      	b.n	100072b6 <tud_task_ext+0x1e>
1000741a:	9803      	ldr	r0, [sp, #12]
1000741c:	4798      	blx	r3
1000741e:	e74a      	b.n	100072b6 <tud_task_ext+0x1e>
10007420:	4b04      	ldr	r3, [pc, #16]	@ (10007434 <tud_task_ext+0x19c>)
10007422:	78db      	ldrb	r3, [r3, #3]
10007424:	07db      	lsls	r3, r3, #31
10007426:	d400      	bmi.n	1000742a <tud_task_ext+0x192>
10007428:	e745      	b.n	100072b6 <tud_task_ext+0x1e>
1000742a:	9802      	ldr	r0, [sp, #8]
1000742c:	f7ff fb47 	bl	10006abe <tud_sof_cb>
10007430:	e741      	b.n	100072b6 <tud_task_ext+0x1e>
10007432:	46c0      	nop			@ (mov r8, r8)
10007434:	2000192c 	.word	0x2000192c
10007438:	20001984 	.word	0x20001984
1000743c:	1000a570 	.word	0x1000a570
10007440:	200024ed 	.word	0x200024ed
10007444:	1000a62c 	.word	0x1000a62c
10007448:	10009bb4 	.word	0x10009bb4
1000744c:	00000256 	.word	0x00000256
10007450:	200024eb 	.word	0x200024eb
10007454:	20001600 	.word	0x20001600
10007458:	1000a648 	.word	0x1000a648
1000745c:	00000281 	.word	0x00000281

10007460 <_status_stage_xact>:
10007460:	b510      	push	{r4, lr}
10007462:	2300      	movs	r3, #0
10007464:	56cb      	ldrsb	r3, [r1, r3]
10007466:	2b00      	cmp	r3, #0
10007468:	db05      	blt.n	10007476 <_status_stage_xact+0x16>
1000746a:	2180      	movs	r1, #128	@ 0x80
1000746c:	2300      	movs	r3, #0
1000746e:	2200      	movs	r2, #0
10007470:	f7ff fcc4 	bl	10006dfc <usbd_edpt_xfer>
10007474:	bd10      	pop	{r4, pc}
10007476:	2100      	movs	r1, #0
10007478:	e7f8      	b.n	1000746c <_status_stage_xact+0xc>
	...

1000747c <_data_stage_xact>:
1000747c:	b5f8      	push	{r3, r4, r5, r6, r7, lr}
1000747e:	0005      	movs	r5, r0
10007480:	4b14      	ldr	r3, [pc, #80]	@ (100074d4 <_data_stage_xact+0x58>)
10007482:	899f      	ldrh	r7, [r3, #12]
10007484:	89de      	ldrh	r6, [r3, #14]
10007486:	1bbb      	subs	r3, r7, r6
10007488:	b29b      	uxth	r3, r3
1000748a:	1c1c      	adds	r4, r3, #0
1000748c:	2b40      	cmp	r3, #64	@ 0x40
1000748e:	d900      	bls.n	10007492 <_data_stage_xact+0x16>
10007490:	2440      	movs	r4, #64	@ 0x40
10007492:	b2a4      	uxth	r4, r4
10007494:	4b0f      	ldr	r3, [pc, #60]	@ (100074d4 <_data_stage_xact+0x58>)
10007496:	781b      	ldrb	r3, [r3, #0]
10007498:	b25b      	sxtb	r3, r3
1000749a:	2b00      	cmp	r3, #0
1000749c:	db08      	blt.n	100074b0 <_data_stage_xact+0x34>
1000749e:	2100      	movs	r1, #0
100074a0:	42b7      	cmp	r7, r6
100074a2:	d013      	beq.n	100074cc <_data_stage_xact+0x50>
100074a4:	4a0c      	ldr	r2, [pc, #48]	@ (100074d8 <_data_stage_xact+0x5c>)
100074a6:	0023      	movs	r3, r4
100074a8:	0028      	movs	r0, r5
100074aa:	f7ff fca7 	bl	10006dfc <usbd_edpt_xfer>
100074ae:	bdf8      	pop	{r3, r4, r5, r6, r7, pc}
100074b0:	42b7      	cmp	r7, r6
100074b2:	d009      	beq.n	100074c8 <_data_stage_xact+0x4c>
100074b4:	4b07      	ldr	r3, [pc, #28]	@ (100074d4 <_data_stage_xact+0x58>)
100074b6:	6899      	ldr	r1, [r3, #8]
100074b8:	2c40      	cmp	r4, #64	@ 0x40
100074ba:	d809      	bhi.n	100074d0 <_data_stage_xact+0x54>
100074bc:	4806      	ldr	r0, [pc, #24]	@ (100074d8 <_data_stage_xact+0x5c>)
100074be:	0022      	movs	r2, r4
100074c0:	f7fd f9ee 	bl	100048a0 <__wrap___aeabi_memcpy>
100074c4:	2180      	movs	r1, #128	@ 0x80
100074c6:	e7eb      	b.n	100074a0 <_data_stage_xact+0x24>
100074c8:	2180      	movs	r1, #128	@ 0x80
100074ca:	e7e9      	b.n	100074a0 <_data_stage_xact+0x24>
100074cc:	2200      	movs	r2, #0
100074ce:	e7ea      	b.n	100074a6 <_data_stage_xact+0x2a>
100074d0:	2000      	movs	r0, #0
100074d2:	e7ec      	b.n	100074ae <_data_stage_xact+0x32>
100074d4:	200018d0 	.word	0x200018d0
100074d8:	200018ec 	.word	0x200018ec

100074dc <tud_control_status>:
100074dc:	b570      	push	{r4, r5, r6, lr}
100074de:	0006      	movs	r6, r0
100074e0:	000d      	movs	r5, r1
100074e2:	4c07      	ldr	r4, [pc, #28]	@ (10007500 <tud_control_status+0x24>)
100074e4:	2208      	movs	r2, #8
100074e6:	0020      	movs	r0, r4
100074e8:	f7fd f9da 	bl	100048a0 <__wrap___aeabi_memcpy>
100074ec:	2300      	movs	r3, #0
100074ee:	60a3      	str	r3, [r4, #8]
100074f0:	81e3      	strh	r3, [r4, #14]
100074f2:	81a3      	strh	r3, [r4, #12]
100074f4:	0029      	movs	r1, r5
100074f6:	0030      	movs	r0, r6
100074f8:	f7ff ffb2 	bl	10007460 <_status_stage_xact>
100074fc:	bd70      	pop	{r4, r5, r6, pc}
100074fe:	46c0      	nop			@ (mov r8, r8)
10007500:	200018d0 	.word	0x200018d0

10007504 <tud_control_xfer>:
10007504:	b5f0      	push	{r4, r5, r6, r7, lr}
10007506:	46c6      	mov	lr, r8
10007508:	b500      	push	{lr}
1000750a:	4680      	mov	r8, r0
1000750c:	000c      	movs	r4, r1
1000750e:	0016      	movs	r6, r2
10007510:	001d      	movs	r5, r3
10007512:	4b1f      	ldr	r3, [pc, #124]	@ (10007590 <tud_control_xfer+0x8c>)
10007514:	2208      	movs	r2, #8
10007516:	001f      	movs	r7, r3
10007518:	0018      	movs	r0, r3
1000751a:	f7fd f9c1 	bl	100048a0 <__wrap___aeabi_memcpy>
1000751e:	60be      	str	r6, [r7, #8]
10007520:	2300      	movs	r3, #0
10007522:	81fb      	strh	r3, [r7, #14]
10007524:	79a3      	ldrb	r3, [r4, #6]
10007526:	79e1      	ldrb	r1, [r4, #7]
10007528:	0209      	lsls	r1, r1, #8
1000752a:	4319      	orrs	r1, r3
1000752c:	1c0b      	adds	r3, r1, #0
1000752e:	42a9      	cmp	r1, r5
10007530:	d900      	bls.n	10007534 <tud_control_xfer+0x30>
10007532:	1c2b      	adds	r3, r5, #0
10007534:	b299      	uxth	r1, r3
10007536:	4a16      	ldr	r2, [pc, #88]	@ (10007590 <tud_control_xfer+0x8c>)
10007538:	8193      	strh	r3, [r2, #12]
1000753a:	79a2      	ldrb	r2, [r4, #6]
1000753c:	79e3      	ldrb	r3, [r4, #7]
1000753e:	021b      	lsls	r3, r3, #8
10007540:	4313      	orrs	r3, r2
10007542:	d019      	beq.n	10007578 <tud_control_xfer+0x74>
10007544:	2900      	cmp	r1, #0
10007546:	d001      	beq.n	1000754c <tud_control_xfer+0x48>
10007548:	2e00      	cmp	r6, #0
1000754a:	d008      	beq.n	1000755e <tud_control_xfer+0x5a>
1000754c:	4640      	mov	r0, r8
1000754e:	f7ff ff95 	bl	1000747c <_data_stage_xact>
10007552:	1e04      	subs	r4, r0, #0
10007554:	d00a      	beq.n	1000756c <tud_control_xfer+0x68>
10007556:	0020      	movs	r0, r4
10007558:	bc80      	pop	{r7}
1000755a:	46b8      	mov	r8, r7
1000755c:	bdf0      	pop	{r4, r5, r6, r7, pc}
1000755e:	490d      	ldr	r1, [pc, #52]	@ (10007594 <tud_control_xfer+0x90>)
10007560:	480d      	ldr	r0, [pc, #52]	@ (10007598 <tud_control_xfer+0x94>)
10007562:	2277      	movs	r2, #119	@ 0x77
10007564:	f7fe fc12 	bl	10005d8c <__wrap_printf>
10007568:	2400      	movs	r4, #0
1000756a:	e7f4      	b.n	10007556 <tud_control_xfer+0x52>
1000756c:	4909      	ldr	r1, [pc, #36]	@ (10007594 <tud_control_xfer+0x90>)
1000756e:	480a      	ldr	r0, [pc, #40]	@ (10007598 <tud_control_xfer+0x94>)
10007570:	227d      	movs	r2, #125	@ 0x7d
10007572:	f7fe fc0b 	bl	10005d8c <__wrap_printf>
10007576:	e7ee      	b.n	10007556 <tud_control_xfer+0x52>
10007578:	0021      	movs	r1, r4
1000757a:	4640      	mov	r0, r8
1000757c:	f7ff ff70 	bl	10007460 <_status_stage_xact>
10007580:	1e04      	subs	r4, r0, #0
10007582:	d1e8      	bne.n	10007556 <tud_control_xfer+0x52>
10007584:	4903      	ldr	r1, [pc, #12]	@ (10007594 <tud_control_xfer+0x90>)
10007586:	4804      	ldr	r0, [pc, #16]	@ (10007598 <tud_control_xfer+0x94>)
10007588:	2280      	movs	r2, #128	@ 0x80
1000758a:	f7fe fbff 	bl	10005d8c <__wrap_printf>
1000758e:	e7e2      	b.n	10007556 <tud_control_xfer+0x52>
10007590:	200018d0 	.word	0x200018d0
10007594:	1000a6a0 	.word	0x1000a6a0
10007598:	10009bb4 	.word	0x10009bb4

1000759c <usbd_control_reset>:
1000759c:	b510      	push	{r4, lr}
1000759e:	4803      	ldr	r0, [pc, #12]	@ (100075ac <usbd_control_reset+0x10>)
100075a0:	2214      	movs	r2, #20
100075a2:	2100      	movs	r1, #0
100075a4:	f7fd f976 	bl	10004894 <__wrap_memset>
100075a8:	bd10      	pop	{r4, pc}
100075aa:	46c0      	nop			@ (mov r8, r8)
100075ac:	200018d0 	.word	0x200018d0

100075b0 <usbd_control_set_complete_callback>:
100075b0:	4b01      	ldr	r3, [pc, #4]	@ (100075b8 <usbd_control_set_complete_callback+0x8>)
100075b2:	6118      	str	r0, [r3, #16]
100075b4:	4770      	bx	lr
100075b6:	46c0      	nop			@ (mov r8, r8)
100075b8:	200018d0 	.word	0x200018d0

100075bc <usbd_control_set_request>:
100075bc:	b510      	push	{r4, lr}
100075be:	0001      	movs	r1, r0
100075c0:	4c04      	ldr	r4, [pc, #16]	@ (100075d4 <usbd_control_set_request+0x18>)
100075c2:	2208      	movs	r2, #8
100075c4:	0020      	movs	r0, r4
100075c6:	f7fd f96b 	bl	100048a0 <__wrap___aeabi_memcpy>
100075ca:	2300      	movs	r3, #0
100075cc:	60a3      	str	r3, [r4, #8]
100075ce:	81e3      	strh	r3, [r4, #14]
100075d0:	81a3      	strh	r3, [r4, #12]
100075d2:	bd10      	pop	{r4, pc}
100075d4:	200018d0 	.word	0x200018d0

100075d8 <usbd_control_xfer_cb>:
100075d8:	b570      	push	{r4, r5, r6, lr}
100075da:	0005      	movs	r5, r0
100075dc:	001c      	movs	r4, r3
100075de:	09c9      	lsrs	r1, r1, #7
100075e0:	4b31      	ldr	r3, [pc, #196]	@ (100076a8 <usbd_control_xfer_cb+0xd0>)
100075e2:	781b      	ldrb	r3, [r3, #0]
100075e4:	09db      	lsrs	r3, r3, #7
100075e6:	428b      	cmp	r3, r1
100075e8:	d016      	beq.n	10007618 <usbd_control_xfer_cb+0x40>
100075ea:	2c00      	cmp	r4, #0
100075ec:	d007      	beq.n	100075fe <usbd_control_xfer_cb+0x26>
100075ee:	492f      	ldr	r1, [pc, #188]	@ (100076ac <usbd_control_xfer_cb+0xd4>)
100075f0:	482f      	ldr	r0, [pc, #188]	@ (100076b0 <usbd_control_xfer_cb+0xd8>)
100075f2:	22a7      	movs	r2, #167	@ 0xa7
100075f4:	f7fe fbca 	bl	10005d8c <__wrap_printf>
100075f8:	2400      	movs	r4, #0
100075fa:	0020      	movs	r0, r4
100075fc:	bd70      	pop	{r4, r5, r6, pc}
100075fe:	4c2a      	ldr	r4, [pc, #168]	@ (100076a8 <usbd_control_xfer_cb+0xd0>)
10007600:	0021      	movs	r1, r4
10007602:	f7ff f847 	bl	10006694 <dcd_edpt0_status_complete>
10007606:	6923      	ldr	r3, [r4, #16]
10007608:	2b00      	cmp	r3, #0
1000760a:	d003      	beq.n	10007614 <usbd_control_xfer_cb+0x3c>
1000760c:	4a26      	ldr	r2, [pc, #152]	@ (100076a8 <usbd_control_xfer_cb+0xd0>)
1000760e:	2103      	movs	r1, #3
10007610:	0028      	movs	r0, r5
10007612:	4798      	blx	r3
10007614:	2401      	movs	r4, #1
10007616:	e7f0      	b.n	100075fa <usbd_control_xfer_cb+0x22>
10007618:	4b23      	ldr	r3, [pc, #140]	@ (100076a8 <usbd_control_xfer_cb+0xd0>)
1000761a:	781b      	ldrb	r3, [r3, #0]
1000761c:	b25b      	sxtb	r3, r3
1000761e:	2b00      	cmp	r3, #0
10007620:	db07      	blt.n	10007632 <usbd_control_xfer_cb+0x5a>
10007622:	4b21      	ldr	r3, [pc, #132]	@ (100076a8 <usbd_control_xfer_cb+0xd0>)
10007624:	6898      	ldr	r0, [r3, #8]
10007626:	2800      	cmp	r0, #0
10007628:	d03c      	beq.n	100076a4 <usbd_control_xfer_cb+0xcc>
1000762a:	4922      	ldr	r1, [pc, #136]	@ (100076b4 <usbd_control_xfer_cb+0xdc>)
1000762c:	0022      	movs	r2, r4
1000762e:	f7fd f937 	bl	100048a0 <__wrap___aeabi_memcpy>
10007632:	4a1d      	ldr	r2, [pc, #116]	@ (100076a8 <usbd_control_xfer_cb+0xd0>)
10007634:	89d3      	ldrh	r3, [r2, #14]
10007636:	b2a1      	uxth	r1, r4
10007638:	185b      	adds	r3, r3, r1
1000763a:	b29b      	uxth	r3, r3
1000763c:	81d3      	strh	r3, [r2, #14]
1000763e:	6891      	ldr	r1, [r2, #8]
10007640:	1909      	adds	r1, r1, r4
10007642:	6091      	str	r1, [r2, #8]
10007644:	88d2      	ldrh	r2, [r2, #6]
10007646:	4293      	cmp	r3, r2
10007648:	d001      	beq.n	1000764e <usbd_control_xfer_cb+0x76>
1000764a:	2c3f      	cmp	r4, #63	@ 0x3f
1000764c:	d81f      	bhi.n	1000768e <usbd_control_xfer_cb+0xb6>
1000764e:	4b16      	ldr	r3, [pc, #88]	@ (100076a8 <usbd_control_xfer_cb+0xd0>)
10007650:	691b      	ldr	r3, [r3, #16]
10007652:	2b00      	cmp	r3, #0
10007654:	d005      	beq.n	10007662 <usbd_control_xfer_cb+0x8a>
10007656:	4a14      	ldr	r2, [pc, #80]	@ (100076a8 <usbd_control_xfer_cb+0xd0>)
10007658:	2102      	movs	r1, #2
1000765a:	0028      	movs	r0, r5
1000765c:	4798      	blx	r3
1000765e:	2800      	cmp	r0, #0
10007660:	d00b      	beq.n	1000767a <usbd_control_xfer_cb+0xa2>
10007662:	4911      	ldr	r1, [pc, #68]	@ (100076a8 <usbd_control_xfer_cb+0xd0>)
10007664:	0028      	movs	r0, r5
10007666:	f7ff fefb 	bl	10007460 <_status_stage_xact>
1000766a:	1e04      	subs	r4, r0, #0
1000766c:	d1c5      	bne.n	100075fa <usbd_control_xfer_cb+0x22>
1000766e:	490f      	ldr	r1, [pc, #60]	@ (100076ac <usbd_control_xfer_cb+0xd4>)
10007670:	480f      	ldr	r0, [pc, #60]	@ (100076b0 <usbd_control_xfer_cb+0xd8>)
10007672:	22d0      	movs	r2, #208	@ 0xd0
10007674:	f7fe fb8a 	bl	10005d8c <__wrap_printf>
10007678:	e7bf      	b.n	100075fa <usbd_control_xfer_cb+0x22>
1000767a:	2100      	movs	r1, #0
1000767c:	0028      	movs	r0, r5
1000767e:	f7ff f853 	bl	10006728 <dcd_edpt_stall>
10007682:	2180      	movs	r1, #128	@ 0x80
10007684:	0028      	movs	r0, r5
10007686:	f7ff f84f 	bl	10006728 <dcd_edpt_stall>
1000768a:	2401      	movs	r4, #1
1000768c:	e7b5      	b.n	100075fa <usbd_control_xfer_cb+0x22>
1000768e:	0028      	movs	r0, r5
10007690:	f7ff fef4 	bl	1000747c <_data_stage_xact>
10007694:	1e04      	subs	r4, r0, #0
10007696:	d1b0      	bne.n	100075fa <usbd_control_xfer_cb+0x22>
10007698:	4904      	ldr	r1, [pc, #16]	@ (100076ac <usbd_control_xfer_cb+0xd4>)
1000769a:	4805      	ldr	r0, [pc, #20]	@ (100076b0 <usbd_control_xfer_cb+0xd8>)
1000769c:	22d8      	movs	r2, #216	@ 0xd8
1000769e:	f7fe fb75 	bl	10005d8c <__wrap_printf>
100076a2:	e7aa      	b.n	100075fa <usbd_control_xfer_cb+0x22>
100076a4:	2400      	movs	r4, #0
100076a6:	e7a8      	b.n	100075fa <usbd_control_xfer_cb+0x22>
100076a8:	200018d0 	.word	0x200018d0
100076ac:	1000a688 	.word	0x1000a688
100076b0:	10009bb4 	.word	0x10009bb4
100076b4:	200018ec 	.word	0x200018ec

100076b8 <_prep_out_transaction>:
100076b8:	b570      	push	{r4, r5, r6, lr}
100076ba:	0004      	movs	r4, r0
100076bc:	f7ff fa78 	bl	10006bb0 <tud_mounted>
100076c0:	2800      	cmp	r0, #0
100076c2:	d107      	bne.n	100076d4 <_prep_out_transaction+0x1c>
100076c4:	2000      	movs	r0, #0
100076c6:	2800      	cmp	r0, #0
100076c8:	d003      	beq.n	100076d2 <_prep_out_transaction+0x1a>
100076ca:	78e3      	ldrb	r3, [r4, #3]
100076cc:	2b00      	cmp	r3, #0
100076ce:	d109      	bne.n	100076e4 <_prep_out_transaction+0x2c>
100076d0:	2000      	movs	r0, #0
100076d2:	bd70      	pop	{r4, r5, r6, pc}
100076d4:	f7ff fa74 	bl	10006bc0 <tud_suspended>
100076d8:	2800      	cmp	r0, #0
100076da:	d101      	bne.n	100076e0 <_prep_out_transaction+0x28>
100076dc:	3001      	adds	r0, #1
100076de:	e7f2      	b.n	100076c6 <_prep_out_transaction+0xe>
100076e0:	2000      	movs	r0, #0
100076e2:	e7f0      	b.n	100076c6 <_prep_out_transaction+0xe>
100076e4:	0025      	movs	r5, r4
100076e6:	3510      	adds	r5, #16
100076e8:	0028      	movs	r0, r5
100076ea:	f000 fffa 	bl	100086e2 <tu_fifo_remaining>
100076ee:	283f      	cmp	r0, #63	@ 0x3f
100076f0:	d801      	bhi.n	100076f6 <_prep_out_transaction+0x3e>
100076f2:	2000      	movs	r0, #0
100076f4:	e7ed      	b.n	100076d2 <_prep_out_transaction+0x1a>
100076f6:	78e1      	ldrb	r1, [r4, #3]
100076f8:	2000      	movs	r0, #0
100076fa:	f7ff fb57 	bl	10006dac <usbd_edpt_claim>
100076fe:	2800      	cmp	r0, #0
10007700:	d0e7      	beq.n	100076d2 <_prep_out_transaction+0x1a>
10007702:	0028      	movs	r0, r5
10007704:	f000 ffed 	bl	100086e2 <tu_fifo_remaining>
10007708:	283f      	cmp	r0, #63	@ 0x3f
1000770a:	d908      	bls.n	1000771e <_prep_out_transaction+0x66>
1000770c:	2392      	movs	r3, #146	@ 0x92
1000770e:	009b      	lsls	r3, r3, #2
10007710:	18e2      	adds	r2, r4, r3
10007712:	78e1      	ldrb	r1, [r4, #3]
10007714:	2340      	movs	r3, #64	@ 0x40
10007716:	2000      	movs	r0, #0
10007718:	f7ff fb70 	bl	10006dfc <usbd_edpt_xfer>
1000771c:	e7d9      	b.n	100076d2 <_prep_out_transaction+0x1a>
1000771e:	78e1      	ldrb	r1, [r4, #3]
10007720:	2000      	movs	r0, #0
10007722:	f7ff fb57 	bl	10006dd4 <usbd_edpt_release>
10007726:	2000      	movs	r0, #0
10007728:	e7d3      	b.n	100076d2 <_prep_out_transaction+0x1a>
	...

1000772c <tud_cdc_n_connected>:
1000772c:	b510      	push	{r4, lr}
1000772e:	0004      	movs	r4, r0
10007730:	f7ff fa3e 	bl	10006bb0 <tud_mounted>
10007734:	2800      	cmp	r0, #0
10007736:	d101      	bne.n	1000773c <tud_cdc_n_connected+0x10>
10007738:	2000      	movs	r0, #0
1000773a:	bd10      	pop	{r4, pc}
1000773c:	f7ff fa40 	bl	10006bc0 <tud_suspended>
10007740:	2800      	cmp	r0, #0
10007742:	d109      	bne.n	10007758 <tud_cdc_n_connected+0x2c>
10007744:	4b06      	ldr	r3, [pc, #24]	@ (10007760 <tud_cdc_n_connected+0x34>)
10007746:	22b2      	movs	r2, #178	@ 0xb2
10007748:	0092      	lsls	r2, r2, #2
1000774a:	4362      	muls	r2, r4
1000774c:	189b      	adds	r3, r3, r2
1000774e:	791b      	ldrb	r3, [r3, #4]
10007750:	07db      	lsls	r3, r3, #31
10007752:	d503      	bpl.n	1000775c <tud_cdc_n_connected+0x30>
10007754:	3001      	adds	r0, #1
10007756:	e7f0      	b.n	1000773a <tud_cdc_n_connected+0xe>
10007758:	2000      	movs	r0, #0
1000775a:	e7ee      	b.n	1000773a <tud_cdc_n_connected+0xe>
1000775c:	2000      	movs	r0, #0
1000775e:	e7ec      	b.n	1000773a <tud_cdc_n_connected+0xe>
10007760:	20001608 	.word	0x20001608

10007764 <tud_cdc_n_available>:
10007764:	b510      	push	{r4, lr}
10007766:	23b2      	movs	r3, #178	@ 0xb2
10007768:	009b      	lsls	r3, r3, #2
1000776a:	4343      	muls	r3, r0
1000776c:	3310      	adds	r3, #16
1000776e:	4802      	ldr	r0, [pc, #8]	@ (10007778 <tud_cdc_n_available+0x14>)
10007770:	1818      	adds	r0, r3, r0
10007772:	f000 ff86 	bl	10008682 <tu_fifo_count>
10007776:	bd10      	pop	{r4, pc}
10007778:	20001608 	.word	0x20001608

1000777c <tud_cdc_n_read>:
1000777c:	b570      	push	{r4, r5, r6, lr}
1000777e:	23b2      	movs	r3, #178	@ 0xb2
10007780:	009b      	lsls	r3, r3, #2
10007782:	4358      	muls	r0, r3
10007784:	4b08      	ldr	r3, [pc, #32]	@ (100077a8 <tud_cdc_n_read+0x2c>)
10007786:	18c5      	adds	r5, r0, r3
10007788:	3010      	adds	r0, #16
1000778a:	18c0      	adds	r0, r0, r3
1000778c:	4b07      	ldr	r3, [pc, #28]	@ (100077ac <tud_cdc_n_read+0x30>)
1000778e:	429a      	cmp	r2, r3
10007790:	d808      	bhi.n	100077a4 <tud_cdc_n_read+0x28>
10007792:	b292      	uxth	r2, r2
10007794:	f000 ffdc 	bl	10008750 <tu_fifo_read_n>
10007798:	0004      	movs	r4, r0
1000779a:	0028      	movs	r0, r5
1000779c:	f7ff ff8c 	bl	100076b8 <_prep_out_transaction>
100077a0:	0020      	movs	r0, r4
100077a2:	bd70      	pop	{r4, r5, r6, pc}
100077a4:	4a02      	ldr	r2, [pc, #8]	@ (100077b0 <tud_cdc_n_read+0x34>)
100077a6:	e7f5      	b.n	10007794 <tud_cdc_n_read+0x18>
100077a8:	20001608 	.word	0x20001608
100077ac:	0000fffe 	.word	0x0000fffe
100077b0:	0000ffff 	.word	0x0000ffff

100077b4 <tud_cdc_n_write_flush>:
100077b4:	b570      	push	{r4, r5, r6, lr}
100077b6:	0005      	movs	r5, r0
100077b8:	f7ff f9fa 	bl	10006bb0 <tud_mounted>
100077bc:	2800      	cmp	r0, #0
100077be:	d104      	bne.n	100077ca <tud_cdc_n_write_flush+0x16>
100077c0:	2300      	movs	r3, #0
100077c2:	2b00      	cmp	r3, #0
100077c4:	d109      	bne.n	100077da <tud_cdc_n_write_flush+0x26>
100077c6:	2000      	movs	r0, #0
100077c8:	bd70      	pop	{r4, r5, r6, pc}
100077ca:	f7ff f9f9 	bl	10006bc0 <tud_suspended>
100077ce:	2800      	cmp	r0, #0
100077d0:	d101      	bne.n	100077d6 <tud_cdc_n_write_flush+0x22>
100077d2:	2301      	movs	r3, #1
100077d4:	e7f5      	b.n	100077c2 <tud_cdc_n_write_flush+0xe>
100077d6:	2300      	movs	r3, #0
100077d8:	e7f3      	b.n	100077c2 <tud_cdc_n_write_flush+0xe>
100077da:	24b2      	movs	r4, #178	@ 0xb2
100077dc:	00a4      	lsls	r4, r4, #2
100077de:	436c      	muls	r4, r5
100077e0:	3420      	adds	r4, #32
100077e2:	4b24      	ldr	r3, [pc, #144]	@ (10007874 <tud_cdc_n_write_flush+0xc0>)
100077e4:	18e4      	adds	r4, r4, r3
100077e6:	3404      	adds	r4, #4
100077e8:	0020      	movs	r0, r4
100077ea:	f000 ff4a 	bl	10008682 <tu_fifo_count>
100077ee:	2800      	cmp	r0, #0
100077f0:	d101      	bne.n	100077f6 <tud_cdc_n_write_flush+0x42>
100077f2:	2000      	movs	r0, #0
100077f4:	e7e8      	b.n	100077c8 <tud_cdc_n_write_flush+0x14>
100077f6:	4b1f      	ldr	r3, [pc, #124]	@ (10007874 <tud_cdc_n_write_flush+0xc0>)
100077f8:	22b2      	movs	r2, #178	@ 0xb2
100077fa:	0092      	lsls	r2, r2, #2
100077fc:	436a      	muls	r2, r5
100077fe:	189b      	adds	r3, r3, r2
10007800:	7899      	ldrb	r1, [r3, #2]
10007802:	2000      	movs	r0, #0
10007804:	f7ff fad2 	bl	10006dac <usbd_edpt_claim>
10007808:	2800      	cmp	r0, #0
1000780a:	d101      	bne.n	10007810 <tud_cdc_n_write_flush+0x5c>
1000780c:	2000      	movs	r0, #0
1000780e:	e7db      	b.n	100077c8 <tud_cdc_n_write_flush+0x14>
10007810:	26b2      	movs	r6, #178	@ 0xb2
10007812:	00b6      	lsls	r6, r6, #2
10007814:	436e      	muls	r6, r5
10007816:	23a2      	movs	r3, #162	@ 0xa2
10007818:	009b      	lsls	r3, r3, #2
1000781a:	469c      	mov	ip, r3
1000781c:	4466      	add	r6, ip
1000781e:	4b15      	ldr	r3, [pc, #84]	@ (10007874 <tud_cdc_n_write_flush+0xc0>)
10007820:	18f6      	adds	r6, r6, r3
10007822:	2240      	movs	r2, #64	@ 0x40
10007824:	0031      	movs	r1, r6
10007826:	0020      	movs	r0, r4
10007828:	f000 ff92 	bl	10008750 <tu_fifo_read_n>
1000782c:	1e04      	subs	r4, r0, #0
1000782e:	d015      	beq.n	1000785c <tud_cdc_n_write_flush+0xa8>
10007830:	4b10      	ldr	r3, [pc, #64]	@ (10007874 <tud_cdc_n_write_flush+0xc0>)
10007832:	22b2      	movs	r2, #178	@ 0xb2
10007834:	0092      	lsls	r2, r2, #2
10007836:	436a      	muls	r2, r5
10007838:	189b      	adds	r3, r3, r2
1000783a:	7899      	ldrb	r1, [r3, #2]
1000783c:	0003      	movs	r3, r0
1000783e:	0032      	movs	r2, r6
10007840:	2000      	movs	r0, #0
10007842:	f7ff fadb 	bl	10006dfc <usbd_edpt_xfer>
10007846:	2800      	cmp	r0, #0
10007848:	d001      	beq.n	1000784e <tud_cdc_n_write_flush+0x9a>
1000784a:	0020      	movs	r0, r4
1000784c:	e7bc      	b.n	100077c8 <tud_cdc_n_write_flush+0x14>
1000784e:	490a      	ldr	r1, [pc, #40]	@ (10007878 <tud_cdc_n_write_flush+0xc4>)
10007850:	480a      	ldr	r0, [pc, #40]	@ (1000787c <tud_cdc_n_write_flush+0xc8>)
10007852:	22cd      	movs	r2, #205	@ 0xcd
10007854:	f7fe fa9a 	bl	10005d8c <__wrap_printf>
10007858:	2000      	movs	r0, #0
1000785a:	e7b5      	b.n	100077c8 <tud_cdc_n_write_flush+0x14>
1000785c:	4b05      	ldr	r3, [pc, #20]	@ (10007874 <tud_cdc_n_write_flush+0xc0>)
1000785e:	22b2      	movs	r2, #178	@ 0xb2
10007860:	0092      	lsls	r2, r2, #2
10007862:	436a      	muls	r2, r5
10007864:	189b      	adds	r3, r3, r2
10007866:	7899      	ldrb	r1, [r3, #2]
10007868:	2000      	movs	r0, #0
1000786a:	f7ff fab3 	bl	10006dd4 <usbd_edpt_release>
1000786e:	2000      	movs	r0, #0
10007870:	e7aa      	b.n	100077c8 <tud_cdc_n_write_flush+0x14>
10007872:	46c0      	nop			@ (mov r8, r8)
10007874:	20001608 	.word	0x20001608
10007878:	1000a6d0 	.word	0x1000a6d0
1000787c:	10009bb4 	.word	0x10009bb4

10007880 <tud_cdc_n_write>:
10007880:	b570      	push	{r4, r5, r6, lr}
10007882:	0005      	movs	r5, r0
10007884:	24b2      	movs	r4, #178	@ 0xb2
10007886:	00a4      	lsls	r4, r4, #2
10007888:	4344      	muls	r4, r0
1000788a:	3420      	adds	r4, #32
1000788c:	4b0b      	ldr	r3, [pc, #44]	@ (100078bc <tud_cdc_n_write+0x3c>)
1000788e:	18e4      	adds	r4, r4, r3
10007890:	3404      	adds	r4, #4
10007892:	4b0b      	ldr	r3, [pc, #44]	@ (100078c0 <tud_cdc_n_write+0x40>)
10007894:	429a      	cmp	r2, r3
10007896:	d80b      	bhi.n	100078b0 <tud_cdc_n_write+0x30>
10007898:	b292      	uxth	r2, r2
1000789a:	0020      	movs	r0, r4
1000789c:	f000 ff8f 	bl	100087be <tu_fifo_write_n>
100078a0:	0006      	movs	r6, r0
100078a2:	0020      	movs	r0, r4
100078a4:	f000 feed 	bl	10008682 <tu_fifo_count>
100078a8:	283f      	cmp	r0, #63	@ 0x3f
100078aa:	d803      	bhi.n	100078b4 <tud_cdc_n_write+0x34>
100078ac:	0030      	movs	r0, r6
100078ae:	bd70      	pop	{r4, r5, r6, pc}
100078b0:	4a04      	ldr	r2, [pc, #16]	@ (100078c4 <tud_cdc_n_write+0x44>)
100078b2:	e7f2      	b.n	1000789a <tud_cdc_n_write+0x1a>
100078b4:	0028      	movs	r0, r5
100078b6:	f7ff ff7d 	bl	100077b4 <tud_cdc_n_write_flush>
100078ba:	e7f7      	b.n	100078ac <tud_cdc_n_write+0x2c>
100078bc:	20001608 	.word	0x20001608
100078c0:	0000fffe 	.word	0x0000fffe
100078c4:	0000ffff 	.word	0x0000ffff

100078c8 <tud_cdc_n_write_available>:
100078c8:	b510      	push	{r4, lr}
100078ca:	23b2      	movs	r3, #178	@ 0xb2
100078cc:	009b      	lsls	r3, r3, #2
100078ce:	4358      	muls	r0, r3
100078d0:	3020      	adds	r0, #32
100078d2:	4b03      	ldr	r3, [pc, #12]	@ (100078e0 <tud_cdc_n_write_available+0x18>)
100078d4:	18c0      	adds	r0, r0, r3
100078d6:	3004      	adds	r0, #4
100078d8:	f000 ff03 	bl	100086e2 <tu_fifo_remaining>
100078dc:	bd10      	pop	{r4, pc}
100078de:	46c0      	nop			@ (mov r8, r8)
100078e0:	20001608 	.word	0x20001608

100078e4 <cdcd_init>:
100078e4:	b5f0      	push	{r4, r5, r6, r7, lr}
100078e6:	46ce      	mov	lr, r9
100078e8:	4647      	mov	r7, r8
100078ea:	b580      	push	{r7, lr}
100078ec:	b083      	sub	sp, #12
100078ee:	482b      	ldr	r0, [pc, #172]	@ (1000799c <cdcd_init+0xb8>)
100078f0:	22b2      	movs	r2, #178	@ 0xb2
100078f2:	0092      	lsls	r2, r2, #2
100078f4:	2100      	movs	r1, #0
100078f6:	f7fc ffcd 	bl	10004894 <__wrap_memset>
100078fa:	4b29      	ldr	r3, [pc, #164]	@ (100079a0 <cdcd_init+0xbc>)
100078fc:	2200      	movs	r2, #0
100078fe:	701a      	strb	r2, [r3, #0]
10007900:	2700      	movs	r7, #0
10007902:	2f00      	cmp	r7, #0
10007904:	d004      	beq.n	10007910 <cdcd_init+0x2c>
10007906:	b003      	add	sp, #12
10007908:	bcc0      	pop	{r6, r7}
1000790a:	46b9      	mov	r9, r7
1000790c:	46b0      	mov	r8, r6
1000790e:	bdf0      	pop	{r4, r5, r6, r7, pc}
10007910:	4e22      	ldr	r6, [pc, #136]	@ (1000799c <cdcd_init+0xb8>)
10007912:	24b2      	movs	r4, #178	@ 0xb2
10007914:	00a4      	lsls	r4, r4, #2
10007916:	437c      	muls	r4, r7
10007918:	1935      	adds	r5, r6, r4
1000791a:	23ff      	movs	r3, #255	@ 0xff
1000791c:	716b      	strb	r3, [r5, #5]
1000791e:	23e1      	movs	r3, #225	@ 0xe1
10007920:	025b      	lsls	r3, r3, #9
10007922:	60ab      	str	r3, [r5, #8]
10007924:	2300      	movs	r3, #0
10007926:	4698      	mov	r8, r3
10007928:	732b      	strb	r3, [r5, #12]
1000792a:	736b      	strb	r3, [r5, #13]
1000792c:	3308      	adds	r3, #8
1000792e:	73ab      	strb	r3, [r5, #14]
10007930:	0021      	movs	r1, r4
10007932:	3138      	adds	r1, #56	@ 0x38
10007934:	1989      	adds	r1, r1, r6
10007936:	33f8      	adds	r3, #248	@ 0xf8
10007938:	4699      	mov	r9, r3
1000793a:	0020      	movs	r0, r4
1000793c:	3010      	adds	r0, #16
1000793e:	1980      	adds	r0, r0, r6
10007940:	4643      	mov	r3, r8
10007942:	9300      	str	r3, [sp, #0]
10007944:	3301      	adds	r3, #1
10007946:	464a      	mov	r2, r9
10007948:	f000 fe5d 	bl	10008606 <tu_fifo_config>
1000794c:	0021      	movs	r1, r4
1000794e:	3139      	adds	r1, #57	@ 0x39
10007950:	31ff      	adds	r1, #255	@ 0xff
10007952:	1989      	adds	r1, r1, r6
10007954:	0020      	movs	r0, r4
10007956:	3020      	adds	r0, #32
10007958:	1980      	adds	r0, r0, r6
1000795a:	3004      	adds	r0, #4
1000795c:	2301      	movs	r3, #1
1000795e:	9300      	str	r3, [sp, #0]
10007960:	464a      	mov	r2, r9
10007962:	f000 fe50 	bl	10008606 <tu_fifo_config>
10007966:	238e      	movs	r3, #142	@ 0x8e
10007968:	009b      	lsls	r3, r3, #2
1000796a:	18e3      	adds	r3, r4, r3
1000796c:	4699      	mov	r9, r3
1000796e:	44b1      	add	r9, r6
10007970:	4648      	mov	r0, r9
10007972:	f7fb f839 	bl	100029e8 <mutex_init>
10007976:	2390      	movs	r3, #144	@ 0x90
10007978:	009b      	lsls	r3, r3, #2
1000797a:	469c      	mov	ip, r3
1000797c:	4464      	add	r4, ip
1000797e:	19a4      	adds	r4, r4, r6
10007980:	0020      	movs	r0, r4
10007982:	f7fb f831 	bl	100029e8 <mutex_init>
10007986:	4643      	mov	r3, r8
10007988:	61eb      	str	r3, [r5, #28]
1000798a:	464b      	mov	r3, r9
1000798c:	622b      	str	r3, [r5, #32]
1000798e:	632c      	str	r4, [r5, #48]	@ 0x30
10007990:	4643      	mov	r3, r8
10007992:	636b      	str	r3, [r5, #52]	@ 0x34
10007994:	3701      	adds	r7, #1
10007996:	b2ff      	uxtb	r7, r7
10007998:	e7b3      	b.n	10007902 <cdcd_init+0x1e>
1000799a:	46c0      	nop			@ (mov r8, r8)
1000799c:	20001608 	.word	0x20001608
100079a0:	20001604 	.word	0x20001604

100079a4 <cdcd_deinit>:
100079a4:	b510      	push	{r4, lr}
100079a6:	2300      	movs	r3, #0
100079a8:	2b00      	cmp	r3, #0
100079aa:	d001      	beq.n	100079b0 <cdcd_deinit+0xc>
100079ac:	2001      	movs	r0, #1
100079ae:	bd10      	pop	{r4, pc}
100079b0:	0019      	movs	r1, r3
100079b2:	4a0f      	ldr	r2, [pc, #60]	@ (100079f0 <cdcd_deinit+0x4c>)
100079b4:	20b2      	movs	r0, #178	@ 0xb2
100079b6:	0080      	lsls	r0, r0, #2
100079b8:	4358      	muls	r0, r3
100079ba:	1812      	adds	r2, r2, r0
100079bc:	6a10      	ldr	r0, [r2, #32]
100079be:	6b14      	ldr	r4, [r2, #48]	@ 0x30
100079c0:	2800      	cmp	r0, #0
100079c2:	d007      	beq.n	100079d4 <cdcd_deinit+0x30>
100079c4:	4a0a      	ldr	r2, [pc, #40]	@ (100079f0 <cdcd_deinit+0x4c>)
100079c6:	20b2      	movs	r0, #178	@ 0xb2
100079c8:	0080      	lsls	r0, r0, #2
100079ca:	4358      	muls	r0, r3
100079cc:	1812      	adds	r2, r2, r0
100079ce:	2000      	movs	r0, #0
100079d0:	61d0      	str	r0, [r2, #28]
100079d2:	6210      	str	r0, [r2, #32]
100079d4:	2c00      	cmp	r4, #0
100079d6:	d007      	beq.n	100079e8 <cdcd_deinit+0x44>
100079d8:	4a05      	ldr	r2, [pc, #20]	@ (100079f0 <cdcd_deinit+0x4c>)
100079da:	20b2      	movs	r0, #178	@ 0xb2
100079dc:	0080      	lsls	r0, r0, #2
100079de:	4341      	muls	r1, r0
100079e0:	1852      	adds	r2, r2, r1
100079e2:	2100      	movs	r1, #0
100079e4:	6311      	str	r1, [r2, #48]	@ 0x30
100079e6:	6351      	str	r1, [r2, #52]	@ 0x34
100079e8:	3301      	adds	r3, #1
100079ea:	b2db      	uxtb	r3, r3
100079ec:	e7dc      	b.n	100079a8 <cdcd_deinit+0x4>
100079ee:	46c0      	nop			@ (mov r8, r8)
100079f0:	20001608 	.word	0x20001608

100079f4 <cdcd_reset>:
100079f4:	b570      	push	{r4, r5, r6, lr}
100079f6:	2400      	movs	r4, #0
100079f8:	2c00      	cmp	r4, #0
100079fa:	d000      	beq.n	100079fe <cdcd_reset+0xa>
100079fc:	bd70      	pop	{r4, r5, r6, pc}
100079fe:	0025      	movs	r5, r4
10007a00:	20b2      	movs	r0, #178	@ 0xb2
10007a02:	0080      	lsls	r0, r0, #2
10007a04:	4360      	muls	r0, r4
10007a06:	4b17      	ldr	r3, [pc, #92]	@ (10007a64 <cdcd_reset+0x70>)
10007a08:	18c0      	adds	r0, r0, r3
10007a0a:	2205      	movs	r2, #5
10007a0c:	2100      	movs	r1, #0
10007a0e:	f7fc ff41 	bl	10004894 <__wrap_memset>
10007a12:	4b15      	ldr	r3, [pc, #84]	@ (10007a68 <cdcd_reset+0x74>)
10007a14:	781b      	ldrb	r3, [r3, #0]
10007a16:	07db      	lsls	r3, r3, #31
10007a18:	d510      	bpl.n	10007a3c <cdcd_reset+0x48>
10007a1a:	4b13      	ldr	r3, [pc, #76]	@ (10007a68 <cdcd_reset+0x74>)
10007a1c:	781b      	ldrb	r3, [r3, #0]
10007a1e:	079b      	lsls	r3, r3, #30
10007a20:	d515      	bpl.n	10007a4e <cdcd_reset+0x5a>
10007a22:	20b2      	movs	r0, #178	@ 0xb2
10007a24:	0080      	lsls	r0, r0, #2
10007a26:	4368      	muls	r0, r5
10007a28:	3020      	adds	r0, #32
10007a2a:	4b0e      	ldr	r3, [pc, #56]	@ (10007a64 <cdcd_reset+0x70>)
10007a2c:	18c0      	adds	r0, r0, r3
10007a2e:	3004      	adds	r0, #4
10007a30:	2101      	movs	r1, #1
10007a32:	f000 fee8 	bl	10008806 <tu_fifo_set_overwritable>
10007a36:	3401      	adds	r4, #1
10007a38:	b2e4      	uxtb	r4, r4
10007a3a:	e7dd      	b.n	100079f8 <cdcd_reset+0x4>
10007a3c:	20b2      	movs	r0, #178	@ 0xb2
10007a3e:	0080      	lsls	r0, r0, #2
10007a40:	4360      	muls	r0, r4
10007a42:	3010      	adds	r0, #16
10007a44:	4b07      	ldr	r3, [pc, #28]	@ (10007a64 <cdcd_reset+0x70>)
10007a46:	18c0      	adds	r0, r0, r3
10007a48:	f000 febe 	bl	100087c8 <tu_fifo_clear>
10007a4c:	e7e5      	b.n	10007a1a <cdcd_reset+0x26>
10007a4e:	20b2      	movs	r0, #178	@ 0xb2
10007a50:	0080      	lsls	r0, r0, #2
10007a52:	4368      	muls	r0, r5
10007a54:	3020      	adds	r0, #32
10007a56:	4b03      	ldr	r3, [pc, #12]	@ (10007a64 <cdcd_reset+0x70>)
10007a58:	18c0      	adds	r0, r0, r3
10007a5a:	3004      	adds	r0, #4
10007a5c:	f000 feb4 	bl	100087c8 <tu_fifo_clear>
10007a60:	e7df      	b.n	10007a22 <cdcd_reset+0x2e>
10007a62:	46c0      	nop			@ (mov r8, r8)
10007a64:	20001608 	.word	0x20001608
10007a68:	20001604 	.word	0x20001604

10007a6c <cdcd_open>:
10007a6c:	b5f0      	push	{r4, r5, r6, r7, lr}
10007a6e:	b083      	sub	sp, #12
10007a70:	0004      	movs	r4, r0
10007a72:	794b      	ldrb	r3, [r1, #5]
10007a74:	2b02      	cmp	r3, #2
10007a76:	d164      	bne.n	10007b42 <cdcd_open+0xd6>
10007a78:	798b      	ldrb	r3, [r1, #6]
10007a7a:	2b02      	cmp	r3, #2
10007a7c:	d165      	bne.n	10007b4a <cdcd_open+0xde>
10007a7e:	2300      	movs	r3, #0
10007a80:	2b00      	cmp	r3, #0
10007a82:	d007      	beq.n	10007a94 <cdcd_open+0x28>
10007a84:	229a      	movs	r2, #154	@ 0x9a
10007a86:	4932      	ldr	r1, [pc, #200]	@ (10007b50 <cdcd_open+0xe4>)
10007a88:	4832      	ldr	r0, [pc, #200]	@ (10007b54 <cdcd_open+0xe8>)
10007a8a:	0052      	lsls	r2, r2, #1
10007a8c:	f7fe f97e 	bl	10005d8c <__wrap_printf>
10007a90:	2500      	movs	r5, #0
10007a92:	e057      	b.n	10007b44 <cdcd_open+0xd8>
10007a94:	4830      	ldr	r0, [pc, #192]	@ (10007b58 <cdcd_open+0xec>)
10007a96:	25b2      	movs	r5, #178	@ 0xb2
10007a98:	00ad      	lsls	r5, r5, #2
10007a9a:	435d      	muls	r5, r3
10007a9c:	1940      	adds	r0, r0, r5
10007a9e:	7880      	ldrb	r0, [r0, #2]
10007aa0:	2800      	cmp	r0, #0
10007aa2:	d002      	beq.n	10007aaa <cdcd_open+0x3e>
10007aa4:	3301      	adds	r3, #1
10007aa6:	b2db      	uxtb	r3, r3
10007aa8:	e7ea      	b.n	10007a80 <cdcd_open+0x14>
10007aaa:	4b2b      	ldr	r3, [pc, #172]	@ (10007b58 <cdcd_open+0xec>)
10007aac:	18ee      	adds	r6, r5, r3
10007aae:	788b      	ldrb	r3, [r1, #2]
10007ab0:	7033      	strb	r3, [r6, #0]
10007ab2:	780f      	ldrb	r7, [r1, #0]
10007ab4:	19cf      	adds	r7, r1, r7
10007ab6:	2509      	movs	r5, #9
10007ab8:	787b      	ldrb	r3, [r7, #1]
10007aba:	2b24      	cmp	r3, #36	@ 0x24
10007abc:	d106      	bne.n	10007acc <cdcd_open+0x60>
10007abe:	4295      	cmp	r5, r2
10007ac0:	d804      	bhi.n	10007acc <cdcd_open+0x60>
10007ac2:	783b      	ldrb	r3, [r7, #0]
10007ac4:	195d      	adds	r5, r3, r5
10007ac6:	b2ad      	uxth	r5, r5
10007ac8:	18ff      	adds	r7, r7, r3
10007aca:	e7f5      	b.n	10007ab8 <cdcd_open+0x4c>
10007acc:	2b05      	cmp	r3, #5
10007ace:	d009      	beq.n	10007ae4 <cdcd_open+0x78>
10007ad0:	787b      	ldrb	r3, [r7, #1]
10007ad2:	2b04      	cmp	r3, #4
10007ad4:	d102      	bne.n	10007adc <cdcd_open+0x70>
10007ad6:	797b      	ldrb	r3, [r7, #5]
10007ad8:	2b0a      	cmp	r3, #10
10007ada:	d018      	beq.n	10007b0e <cdcd_open+0xa2>
10007adc:	0030      	movs	r0, r6
10007ade:	f7ff fdeb 	bl	100076b8 <_prep_out_transaction>
10007ae2:	e02f      	b.n	10007b44 <cdcd_open+0xd8>
10007ae4:	0039      	movs	r1, r7
10007ae6:	0020      	movs	r0, r4
10007ae8:	f7ff f8ea 	bl	10006cc0 <usbd_edpt_open>
10007aec:	2800      	cmp	r0, #0
10007aee:	d006      	beq.n	10007afe <cdcd_open+0x92>
10007af0:	78bb      	ldrb	r3, [r7, #2]
10007af2:	7073      	strb	r3, [r6, #1]
10007af4:	783b      	ldrb	r3, [r7, #0]
10007af6:	195d      	adds	r5, r3, r5
10007af8:	b2ad      	uxth	r5, r5
10007afa:	18ff      	adds	r7, r7, r3
10007afc:	e7e8      	b.n	10007ad0 <cdcd_open+0x64>
10007afe:	22a3      	movs	r2, #163	@ 0xa3
10007b00:	4913      	ldr	r1, [pc, #76]	@ (10007b50 <cdcd_open+0xe4>)
10007b02:	4814      	ldr	r0, [pc, #80]	@ (10007b54 <cdcd_open+0xe8>)
10007b04:	0052      	lsls	r2, r2, #1
10007b06:	f7fe f941 	bl	10005d8c <__wrap_printf>
10007b0a:	2500      	movs	r5, #0
10007b0c:	e01a      	b.n	10007b44 <cdcd_open+0xd8>
10007b0e:	7839      	ldrb	r1, [r7, #0]
10007b10:	194d      	adds	r5, r1, r5
10007b12:	b2ad      	uxth	r5, r5
10007b14:	1879      	adds	r1, r7, r1
10007b16:	1cb3      	adds	r3, r6, #2
10007b18:	9301      	str	r3, [sp, #4]
10007b1a:	1cf3      	adds	r3, r6, #3
10007b1c:	9300      	str	r3, [sp, #0]
10007b1e:	2302      	movs	r3, #2
10007b20:	2202      	movs	r2, #2
10007b22:	0020      	movs	r0, r4
10007b24:	f7ff f8fc 	bl	10006d20 <usbd_open_edpt_pair>
10007b28:	2800      	cmp	r0, #0
10007b2a:	d002      	beq.n	10007b32 <cdcd_open+0xc6>
10007b2c:	350e      	adds	r5, #14
10007b2e:	b2ad      	uxth	r5, r5
10007b30:	e7d4      	b.n	10007adc <cdcd_open+0x70>
10007b32:	2256      	movs	r2, #86	@ 0x56
10007b34:	4906      	ldr	r1, [pc, #24]	@ (10007b50 <cdcd_open+0xe4>)
10007b36:	4807      	ldr	r0, [pc, #28]	@ (10007b54 <cdcd_open+0xe8>)
10007b38:	32ff      	adds	r2, #255	@ 0xff
10007b3a:	f7fe f927 	bl	10005d8c <__wrap_printf>
10007b3e:	2500      	movs	r5, #0
10007b40:	e000      	b.n	10007b44 <cdcd_open+0xd8>
10007b42:	2500      	movs	r5, #0
10007b44:	0028      	movs	r0, r5
10007b46:	b003      	add	sp, #12
10007b48:	bdf0      	pop	{r4, r5, r6, r7, pc}
10007b4a:	2500      	movs	r5, #0
10007b4c:	e7fa      	b.n	10007b44 <cdcd_open+0xd8>
10007b4e:	46c0      	nop			@ (mov r8, r8)
10007b50:	1000a6c4 	.word	0x1000a6c4
10007b54:	10009bb4 	.word	0x10009bb4
10007b58:	20001608 	.word	0x20001608

10007b5c <cdcd_control_xfer_cb>:
10007b5c:	b5f8      	push	{r3, r4, r5, r6, r7, lr}
10007b5e:	0014      	movs	r4, r2
10007b60:	7812      	ldrb	r2, [r2, #0]
10007b62:	2360      	movs	r3, #96	@ 0x60
10007b64:	4013      	ands	r3, r2
10007b66:	2b20      	cmp	r3, #32
10007b68:	d000      	beq.n	10007b6c <cdcd_control_xfer_cb+0x10>
10007b6a:	e080      	b.n	10007c6e <cdcd_control_xfer_cb+0x112>
10007b6c:	4a45      	ldr	r2, [pc, #276]	@ (10007c84 <cdcd_control_xfer_cb+0x128>)
10007b6e:	2500      	movs	r5, #0
10007b70:	2d00      	cmp	r5, #0
10007b72:	d000      	beq.n	10007b76 <cdcd_control_xfer_cb+0x1a>
10007b74:	e07d      	b.n	10007c72 <cdcd_control_xfer_cb+0x116>
10007b76:	7816      	ldrb	r6, [r2, #0]
10007b78:	7927      	ldrb	r7, [r4, #4]
10007b7a:	7963      	ldrb	r3, [r4, #5]
10007b7c:	021b      	lsls	r3, r3, #8
10007b7e:	433b      	orrs	r3, r7
10007b80:	429e      	cmp	r6, r3
10007b82:	d006      	beq.n	10007b92 <cdcd_control_xfer_cb+0x36>
10007b84:	3501      	adds	r5, #1
10007b86:	b2ed      	uxtb	r5, r5
10007b88:	23b2      	movs	r3, #178	@ 0xb2
10007b8a:	009b      	lsls	r3, r3, #2
10007b8c:	469c      	mov	ip, r3
10007b8e:	4462      	add	r2, ip
10007b90:	e7ee      	b.n	10007b70 <cdcd_control_xfer_cb+0x14>
10007b92:	7863      	ldrb	r3, [r4, #1]
10007b94:	2b22      	cmp	r3, #34	@ 0x22
10007b96:	d032      	beq.n	10007bfe <cdcd_control_xfer_cb+0xa2>
10007b98:	d809      	bhi.n	10007bae <cdcd_control_xfer_cb+0x52>
10007b9a:	2b20      	cmp	r3, #32
10007b9c:	d011      	beq.n	10007bc2 <cdcd_control_xfer_cb+0x66>
10007b9e:	2b21      	cmp	r3, #33	@ 0x21
10007ba0:	d103      	bne.n	10007baa <cdcd_control_xfer_cb+0x4e>
10007ba2:	2901      	cmp	r1, #1
10007ba4:	d024      	beq.n	10007bf0 <cdcd_control_xfer_cb+0x94>
10007ba6:	2001      	movs	r0, #1
10007ba8:	e062      	b.n	10007c70 <cdcd_control_xfer_cb+0x114>
10007baa:	2000      	movs	r0, #0
10007bac:	e060      	b.n	10007c70 <cdcd_control_xfer_cb+0x114>
10007bae:	2b23      	cmp	r3, #35	@ 0x23
10007bb0:	d105      	bne.n	10007bbe <cdcd_control_xfer_cb+0x62>
10007bb2:	2901      	cmp	r1, #1
10007bb4:	d04a      	beq.n	10007c4c <cdcd_control_xfer_cb+0xf0>
10007bb6:	2903      	cmp	r1, #3
10007bb8:	d04d      	beq.n	10007c56 <cdcd_control_xfer_cb+0xfa>
10007bba:	2001      	movs	r0, #1
10007bbc:	e058      	b.n	10007c70 <cdcd_control_xfer_cb+0x114>
10007bbe:	2000      	movs	r0, #0
10007bc0:	e056      	b.n	10007c70 <cdcd_control_xfer_cb+0x114>
10007bc2:	2901      	cmp	r1, #1
10007bc4:	d003      	beq.n	10007bce <cdcd_control_xfer_cb+0x72>
10007bc6:	2903      	cmp	r1, #3
10007bc8:	d008      	beq.n	10007bdc <cdcd_control_xfer_cb+0x80>
10007bca:	2001      	movs	r0, #1
10007bcc:	e050      	b.n	10007c70 <cdcd_control_xfer_cb+0x114>
10007bce:	3208      	adds	r2, #8
10007bd0:	2307      	movs	r3, #7
10007bd2:	0021      	movs	r1, r4
10007bd4:	f7ff fc96 	bl	10007504 <tud_control_xfer>
10007bd8:	2001      	movs	r0, #1
10007bda:	e049      	b.n	10007c70 <cdcd_control_xfer_cb+0x114>
10007bdc:	4b2a      	ldr	r3, [pc, #168]	@ (10007c88 <cdcd_control_xfer_cb+0x12c>)
10007bde:	2b00      	cmp	r3, #0
10007be0:	d049      	beq.n	10007c76 <cdcd_control_xfer_cb+0x11a>
10007be2:	3208      	adds	r2, #8
10007be4:	0011      	movs	r1, r2
10007be6:	0028      	movs	r0, r5
10007be8:	f7fe f954 	bl	10005e94 <tud_cdc_line_coding_cb>
10007bec:	2001      	movs	r0, #1
10007bee:	e03f      	b.n	10007c70 <cdcd_control_xfer_cb+0x114>
10007bf0:	3208      	adds	r2, #8
10007bf2:	2307      	movs	r3, #7
10007bf4:	0021      	movs	r1, r4
10007bf6:	f7ff fc85 	bl	10007504 <tud_control_xfer>
10007bfa:	2001      	movs	r0, #1
10007bfc:	e038      	b.n	10007c70 <cdcd_control_xfer_cb+0x114>
10007bfe:	2901      	cmp	r1, #1
10007c00:	d003      	beq.n	10007c0a <cdcd_control_xfer_cb+0xae>
10007c02:	2903      	cmp	r1, #3
10007c04:	d006      	beq.n	10007c14 <cdcd_control_xfer_cb+0xb8>
10007c06:	2001      	movs	r0, #1
10007c08:	e032      	b.n	10007c70 <cdcd_control_xfer_cb+0x114>
10007c0a:	0021      	movs	r1, r4
10007c0c:	f7ff fc66 	bl	100074dc <tud_control_status>
10007c10:	2001      	movs	r0, #1
10007c12:	e02d      	b.n	10007c70 <cdcd_control_xfer_cb+0x114>
10007c14:	78a1      	ldrb	r1, [r4, #2]
10007c16:	78e3      	ldrb	r3, [r4, #3]
10007c18:	021b      	lsls	r3, r3, #8
10007c1a:	430b      	orrs	r3, r1
10007c1c:	2001      	movs	r0, #1
10007c1e:	0019      	movs	r1, r3
10007c20:	4001      	ands	r1, r0
10007c22:	000e      	movs	r6, r1
10007c24:	085c      	lsrs	r4, r3, #1
10007c26:	4004      	ands	r4, r0
10007c28:	7113      	strb	r3, [r2, #4]
10007c2a:	424b      	negs	r3, r1
10007c2c:	4159      	adcs	r1, r3
10007c2e:	b2c9      	uxtb	r1, r1
10007c30:	3224      	adds	r2, #36	@ 0x24
10007c32:	0010      	movs	r0, r2
10007c34:	f000 fde7 	bl	10008806 <tu_fifo_set_overwritable>
10007c38:	4b14      	ldr	r3, [pc, #80]	@ (10007c8c <cdcd_control_xfer_cb+0x130>)
10007c3a:	2b00      	cmp	r3, #0
10007c3c:	d01d      	beq.n	10007c7a <cdcd_control_xfer_cb+0x11e>
10007c3e:	0022      	movs	r2, r4
10007c40:	0031      	movs	r1, r6
10007c42:	0028      	movs	r0, r5
10007c44:	e000      	b.n	10007c48 <cdcd_control_xfer_cb+0xec>
10007c46:	bf00      	nop
10007c48:	2001      	movs	r0, #1
10007c4a:	e011      	b.n	10007c70 <cdcd_control_xfer_cb+0x114>
10007c4c:	0021      	movs	r1, r4
10007c4e:	f7ff fc45 	bl	100074dc <tud_control_status>
10007c52:	2001      	movs	r0, #1
10007c54:	e00c      	b.n	10007c70 <cdcd_control_xfer_cb+0x114>
10007c56:	4b0e      	ldr	r3, [pc, #56]	@ (10007c90 <cdcd_control_xfer_cb+0x134>)
10007c58:	2b00      	cmp	r3, #0
10007c5a:	d010      	beq.n	10007c7e <cdcd_control_xfer_cb+0x122>
10007c5c:	78a3      	ldrb	r3, [r4, #2]
10007c5e:	78e1      	ldrb	r1, [r4, #3]
10007c60:	0209      	lsls	r1, r1, #8
10007c62:	4319      	orrs	r1, r3
10007c64:	0028      	movs	r0, r5
10007c66:	e000      	b.n	10007c6a <cdcd_control_xfer_cb+0x10e>
10007c68:	bf00      	nop
10007c6a:	2001      	movs	r0, #1
10007c6c:	e000      	b.n	10007c70 <cdcd_control_xfer_cb+0x114>
10007c6e:	2000      	movs	r0, #0
10007c70:	bdf8      	pop	{r3, r4, r5, r6, r7, pc}
10007c72:	2000      	movs	r0, #0
10007c74:	e7fc      	b.n	10007c70 <cdcd_control_xfer_cb+0x114>
10007c76:	2001      	movs	r0, #1
10007c78:	e7fa      	b.n	10007c70 <cdcd_control_xfer_cb+0x114>
10007c7a:	2001      	movs	r0, #1
10007c7c:	e7f8      	b.n	10007c70 <cdcd_control_xfer_cb+0x114>
10007c7e:	2001      	movs	r0, #1
10007c80:	e7f6      	b.n	10007c70 <cdcd_control_xfer_cb+0x114>
10007c82:	46c0      	nop			@ (mov r8, r8)
10007c84:	20001608 	.word	0x20001608
10007c88:	10005e95 	.word	0x10005e95
	...

10007c94 <cdcd_xfer_cb>:
10007c94:	b5f0      	push	{r4, r5, r6, r7, lr}
10007c96:	46d6      	mov	lr, sl
10007c98:	b500      	push	{lr}
10007c9a:	b082      	sub	sp, #8
10007c9c:	9001      	str	r0, [sp, #4]
10007c9e:	000f      	movs	r7, r1
10007ca0:	9300      	str	r3, [sp, #0]
10007ca2:	2400      	movs	r4, #0
10007ca4:	2c00      	cmp	r4, #0
10007ca6:	d00d      	beq.n	10007cc4 <cdcd_xfer_cb+0x30>
10007ca8:	2c00      	cmp	r4, #0
10007caa:	d119      	bne.n	10007ce0 <cdcd_xfer_cb+0x4c>
10007cac:	78eb      	ldrb	r3, [r5, #3]
10007cae:	42bb      	cmp	r3, r7
10007cb0:	d01e      	beq.n	10007cf0 <cdcd_xfer_cb+0x5c>
10007cb2:	78ab      	ldrb	r3, [r5, #2]
10007cb4:	42bb      	cmp	r3, r7
10007cb6:	d055      	beq.n	10007d64 <cdcd_xfer_cb+0xd0>
10007cb8:	2401      	movs	r4, #1
10007cba:	0020      	movs	r0, r4
10007cbc:	b002      	add	sp, #8
10007cbe:	bc80      	pop	{r7}
10007cc0:	46ba      	mov	sl, r7
10007cc2:	bdf0      	pop	{r4, r5, r6, r7, pc}
10007cc4:	25b2      	movs	r5, #178	@ 0xb2
10007cc6:	00ad      	lsls	r5, r5, #2
10007cc8:	4365      	muls	r5, r4
10007cca:	4b3d      	ldr	r3, [pc, #244]	@ (10007dc0 <cdcd_xfer_cb+0x12c>)
10007ccc:	18ed      	adds	r5, r5, r3
10007cce:	78eb      	ldrb	r3, [r5, #3]
10007cd0:	42bb      	cmp	r3, r7
10007cd2:	d0e9      	beq.n	10007ca8 <cdcd_xfer_cb+0x14>
10007cd4:	78ab      	ldrb	r3, [r5, #2]
10007cd6:	42bb      	cmp	r3, r7
10007cd8:	d0e6      	beq.n	10007ca8 <cdcd_xfer_cb+0x14>
10007cda:	3401      	adds	r4, #1
10007cdc:	b2e4      	uxtb	r4, r4
10007cde:	e7e1      	b.n	10007ca4 <cdcd_xfer_cb+0x10>
10007ce0:	22b6      	movs	r2, #182	@ 0xb6
10007ce2:	4938      	ldr	r1, [pc, #224]	@ (10007dc4 <cdcd_xfer_cb+0x130>)
10007ce4:	4838      	ldr	r0, [pc, #224]	@ (10007dc8 <cdcd_xfer_cb+0x134>)
10007ce6:	32ff      	adds	r2, #255	@ 0xff
10007ce8:	f7fe f850 	bl	10005d8c <__wrap_printf>
10007cec:	2400      	movs	r4, #0
10007cee:	e7e4      	b.n	10007cba <cdcd_xfer_cb+0x26>
10007cf0:	2310      	movs	r3, #16
10007cf2:	469a      	mov	sl, r3
10007cf4:	44aa      	add	sl, r5
10007cf6:	2392      	movs	r3, #146	@ 0x92
10007cf8:	009b      	lsls	r3, r3, #2
10007cfa:	18e9      	adds	r1, r5, r3
10007cfc:	466b      	mov	r3, sp
10007cfe:	881a      	ldrh	r2, [r3, #0]
10007d00:	4650      	mov	r0, sl
10007d02:	f000 fd5c 	bl	100087be <tu_fifo_write_n>
10007d06:	4b31      	ldr	r3, [pc, #196]	@ (10007dcc <cdcd_xfer_cb+0x138>)
10007d08:	2b00      	cmp	r3, #0
10007d0a:	d01b      	beq.n	10007d44 <cdcd_xfer_cb+0xb0>
10007d0c:	796b      	ldrb	r3, [r5, #5]
10007d0e:	2bff      	cmp	r3, #255	@ 0xff
10007d10:	d018      	beq.n	10007d44 <cdcd_xfer_cb+0xb0>
10007d12:	2600      	movs	r6, #0
10007d14:	e000      	b.n	10007d18 <cdcd_xfer_cb+0x84>
10007d16:	3601      	adds	r6, #1
10007d18:	9b00      	ldr	r3, [sp, #0]
10007d1a:	429e      	cmp	r6, r3
10007d1c:	d212      	bcs.n	10007d44 <cdcd_xfer_cb+0xb0>
10007d1e:	796a      	ldrb	r2, [r5, #5]
10007d20:	19ab      	adds	r3, r5, r6
10007d22:	2192      	movs	r1, #146	@ 0x92
10007d24:	0089      	lsls	r1, r1, #2
10007d26:	468c      	mov	ip, r1
10007d28:	4463      	add	r3, ip
10007d2a:	781b      	ldrb	r3, [r3, #0]
10007d2c:	429a      	cmp	r2, r3
10007d2e:	d1f2      	bne.n	10007d16 <cdcd_xfer_cb+0x82>
10007d30:	4650      	mov	r0, sl
10007d32:	f000 fcbb 	bl	100086ac <tu_fifo_empty>
10007d36:	2800      	cmp	r0, #0
10007d38:	d1ed      	bne.n	10007d16 <cdcd_xfer_cb+0x82>
10007d3a:	7969      	ldrb	r1, [r5, #5]
10007d3c:	0020      	movs	r0, r4
10007d3e:	e000      	b.n	10007d42 <cdcd_xfer_cb+0xae>
10007d40:	bf00      	nop
10007d42:	e7e8      	b.n	10007d16 <cdcd_xfer_cb+0x82>
10007d44:	4b22      	ldr	r3, [pc, #136]	@ (10007dd0 <cdcd_xfer_cb+0x13c>)
10007d46:	2b00      	cmp	r3, #0
10007d48:	d004      	beq.n	10007d54 <cdcd_xfer_cb+0xc0>
10007d4a:	4650      	mov	r0, sl
10007d4c:	f000 fcae 	bl	100086ac <tu_fifo_empty>
10007d50:	2800      	cmp	r0, #0
10007d52:	d003      	beq.n	10007d5c <cdcd_xfer_cb+0xc8>
10007d54:	0028      	movs	r0, r5
10007d56:	f7ff fcaf 	bl	100076b8 <_prep_out_transaction>
10007d5a:	e7aa      	b.n	10007cb2 <cdcd_xfer_cb+0x1e>
10007d5c:	0020      	movs	r0, r4
10007d5e:	e000      	b.n	10007d62 <cdcd_xfer_cb+0xce>
10007d60:	bf00      	nop
10007d62:	e7f7      	b.n	10007d54 <cdcd_xfer_cb+0xc0>
10007d64:	4b1b      	ldr	r3, [pc, #108]	@ (10007dd4 <cdcd_xfer_cb+0x140>)
10007d66:	2b00      	cmp	r3, #0
10007d68:	d002      	beq.n	10007d70 <cdcd_xfer_cb+0xdc>
10007d6a:	0020      	movs	r0, r4
10007d6c:	e000      	b.n	10007d70 <cdcd_xfer_cb+0xdc>
10007d6e:	bf00      	nop
10007d70:	0020      	movs	r0, r4
10007d72:	f7ff fd1f 	bl	100077b4 <tud_cdc_n_write_flush>
10007d76:	2800      	cmp	r0, #0
10007d78:	d001      	beq.n	10007d7e <cdcd_xfer_cb+0xea>
10007d7a:	2401      	movs	r4, #1
10007d7c:	e79d      	b.n	10007cba <cdcd_xfer_cb+0x26>
10007d7e:	0028      	movs	r0, r5
10007d80:	3024      	adds	r0, #36	@ 0x24
10007d82:	f000 fc7e 	bl	10008682 <tu_fifo_count>
10007d86:	2800      	cmp	r0, #0
10007d88:	d115      	bne.n	10007db6 <cdcd_xfer_cb+0x122>
10007d8a:	9b00      	ldr	r3, [sp, #0]
10007d8c:	2b00      	cmp	r3, #0
10007d8e:	d014      	beq.n	10007dba <cdcd_xfer_cb+0x126>
10007d90:	069e      	lsls	r6, r3, #26
10007d92:	d001      	beq.n	10007d98 <cdcd_xfer_cb+0x104>
10007d94:	2401      	movs	r4, #1
10007d96:	e790      	b.n	10007cba <cdcd_xfer_cb+0x26>
10007d98:	78a9      	ldrb	r1, [r5, #2]
10007d9a:	9801      	ldr	r0, [sp, #4]
10007d9c:	f7ff f806 	bl	10006dac <usbd_edpt_claim>
10007da0:	1e04      	subs	r4, r0, #0
10007da2:	d101      	bne.n	10007da8 <cdcd_xfer_cb+0x114>
10007da4:	2401      	movs	r4, #1
10007da6:	e788      	b.n	10007cba <cdcd_xfer_cb+0x26>
10007da8:	78a9      	ldrb	r1, [r5, #2]
10007daa:	2300      	movs	r3, #0
10007dac:	2200      	movs	r2, #0
10007dae:	9801      	ldr	r0, [sp, #4]
10007db0:	f7ff f824 	bl	10006dfc <usbd_edpt_xfer>
10007db4:	e781      	b.n	10007cba <cdcd_xfer_cb+0x26>
10007db6:	2401      	movs	r4, #1
10007db8:	e77f      	b.n	10007cba <cdcd_xfer_cb+0x26>
10007dba:	2401      	movs	r4, #1
10007dbc:	e77d      	b.n	10007cba <cdcd_xfer_cb+0x26>
10007dbe:	46c0      	nop			@ (mov r8, r8)
10007dc0:	20001608 	.word	0x20001608
10007dc4:	1000a6b4 	.word	0x1000a6b4
10007dc8:	10009bb4 	.word	0x10009bb4
	...

10007dd8 <_prep_out_transaction>:
10007dd8:	b510      	push	{r4, lr}
10007dda:	0004      	movs	r4, r0
10007ddc:	7881      	ldrb	r1, [r0, #2]
10007dde:	2000      	movs	r0, #0
10007de0:	f7fe ffe4 	bl	10006dac <usbd_edpt_claim>
10007de4:	2800      	cmp	r0, #0
10007de6:	d100      	bne.n	10007dea <_prep_out_transaction+0x12>
10007de8:	bd10      	pop	{r4, pc}
10007dea:	1d20      	adds	r0, r4, #4
10007dec:	f000 fc79 	bl	100086e2 <tu_fifo_remaining>
10007df0:	283f      	cmp	r0, #63	@ 0x3f
10007df2:	d909      	bls.n	10007e08 <_prep_out_transaction+0x30>
10007df4:	238f      	movs	r3, #143	@ 0x8f
10007df6:	009b      	lsls	r3, r3, #2
10007df8:	18e2      	adds	r2, r4, r3
10007dfa:	78a1      	ldrb	r1, [r4, #2]
10007dfc:	3bfd      	subs	r3, #253	@ 0xfd
10007dfe:	3bff      	subs	r3, #255	@ 0xff
10007e00:	2000      	movs	r0, #0
10007e02:	f7fe fffb 	bl	10006dfc <usbd_edpt_xfer>
10007e06:	e7ef      	b.n	10007de8 <_prep_out_transaction+0x10>
10007e08:	78a1      	ldrb	r1, [r4, #2]
10007e0a:	2000      	movs	r0, #0
10007e0c:	f7fe ffe2 	bl	10006dd4 <usbd_edpt_release>
10007e10:	e7ea      	b.n	10007de8 <_prep_out_transaction+0x10>
	...

10007e14 <tud_vendor_n_write_flush>:
10007e14:	b570      	push	{r4, r5, r6, lr}
10007e16:	0005      	movs	r5, r0
10007e18:	f7fe feca 	bl	10006bb0 <tud_mounted>
10007e1c:	2800      	cmp	r0, #0
10007e1e:	d104      	bne.n	10007e2a <tud_vendor_n_write_flush+0x16>
10007e20:	2300      	movs	r3, #0
10007e22:	2b00      	cmp	r3, #0
10007e24:	d109      	bne.n	10007e3a <tud_vendor_n_write_flush+0x26>
10007e26:	2000      	movs	r0, #0
10007e28:	bd70      	pop	{r4, r5, r6, pc}
10007e2a:	f7fe fec9 	bl	10006bc0 <tud_suspended>
10007e2e:	2800      	cmp	r0, #0
10007e30:	d101      	bne.n	10007e36 <tud_vendor_n_write_flush+0x22>
10007e32:	2301      	movs	r3, #1
10007e34:	e7f5      	b.n	10007e22 <tud_vendor_n_write_flush+0xe>
10007e36:	2300      	movs	r3, #0
10007e38:	e7f3      	b.n	10007e22 <tud_vendor_n_write_flush+0xe>
10007e3a:	24af      	movs	r4, #175	@ 0xaf
10007e3c:	00a4      	lsls	r4, r4, #2
10007e3e:	436c      	muls	r4, r5
10007e40:	3418      	adds	r4, #24
10007e42:	4b24      	ldr	r3, [pc, #144]	@ (10007ed4 <tud_vendor_n_write_flush+0xc0>)
10007e44:	18e4      	adds	r4, r4, r3
10007e46:	0020      	movs	r0, r4
10007e48:	f000 fc1b 	bl	10008682 <tu_fifo_count>
10007e4c:	2800      	cmp	r0, #0
10007e4e:	d101      	bne.n	10007e54 <tud_vendor_n_write_flush+0x40>
10007e50:	2000      	movs	r0, #0
10007e52:	e7e9      	b.n	10007e28 <tud_vendor_n_write_flush+0x14>
10007e54:	4b1f      	ldr	r3, [pc, #124]	@ (10007ed4 <tud_vendor_n_write_flush+0xc0>)
10007e56:	22af      	movs	r2, #175	@ 0xaf
10007e58:	0092      	lsls	r2, r2, #2
10007e5a:	436a      	muls	r2, r5
10007e5c:	189b      	adds	r3, r3, r2
10007e5e:	7859      	ldrb	r1, [r3, #1]
10007e60:	2000      	movs	r0, #0
10007e62:	f7fe ffa3 	bl	10006dac <usbd_edpt_claim>
10007e66:	2800      	cmp	r0, #0
10007e68:	d101      	bne.n	10007e6e <tud_vendor_n_write_flush+0x5a>
10007e6a:	2000      	movs	r0, #0
10007e6c:	e7dc      	b.n	10007e28 <tud_vendor_n_write_flush+0x14>
10007e6e:	26af      	movs	r6, #175	@ 0xaf
10007e70:	00b6      	lsls	r6, r6, #2
10007e72:	436e      	muls	r6, r5
10007e74:	239e      	movs	r3, #158	@ 0x9e
10007e76:	009b      	lsls	r3, r3, #2
10007e78:	469c      	mov	ip, r3
10007e7a:	4466      	add	r6, ip
10007e7c:	4b15      	ldr	r3, [pc, #84]	@ (10007ed4 <tud_vendor_n_write_flush+0xc0>)
10007e7e:	18f6      	adds	r6, r6, r3
10007e80:	3604      	adds	r6, #4
10007e82:	2240      	movs	r2, #64	@ 0x40
10007e84:	0031      	movs	r1, r6
10007e86:	0020      	movs	r0, r4
10007e88:	f000 fc62 	bl	10008750 <tu_fifo_read_n>
10007e8c:	1e04      	subs	r4, r0, #0
10007e8e:	d015      	beq.n	10007ebc <tud_vendor_n_write_flush+0xa8>
10007e90:	4b10      	ldr	r3, [pc, #64]	@ (10007ed4 <tud_vendor_n_write_flush+0xc0>)
10007e92:	22af      	movs	r2, #175	@ 0xaf
10007e94:	0092      	lsls	r2, r2, #2
10007e96:	436a      	muls	r2, r5
10007e98:	189b      	adds	r3, r3, r2
10007e9a:	7859      	ldrb	r1, [r3, #1]
10007e9c:	0003      	movs	r3, r0
10007e9e:	0032      	movs	r2, r6
10007ea0:	2000      	movs	r0, #0
10007ea2:	f7fe ffab 	bl	10006dfc <usbd_edpt_xfer>
10007ea6:	2800      	cmp	r0, #0
10007ea8:	d001      	beq.n	10007eae <tud_vendor_n_write_flush+0x9a>
10007eaa:	0020      	movs	r0, r4
10007eac:	e7bc      	b.n	10007e28 <tud_vendor_n_write_flush+0x14>
10007eae:	490a      	ldr	r1, [pc, #40]	@ (10007ed8 <tud_vendor_n_write_flush+0xc4>)
10007eb0:	480a      	ldr	r0, [pc, #40]	@ (10007edc <tud_vendor_n_write_flush+0xc8>)
10007eb2:	229b      	movs	r2, #155	@ 0x9b
10007eb4:	f7fd ff6a 	bl	10005d8c <__wrap_printf>
10007eb8:	2000      	movs	r0, #0
10007eba:	e7b5      	b.n	10007e28 <tud_vendor_n_write_flush+0x14>
10007ebc:	4b05      	ldr	r3, [pc, #20]	@ (10007ed4 <tud_vendor_n_write_flush+0xc0>)
10007ebe:	22af      	movs	r2, #175	@ 0xaf
10007ec0:	0092      	lsls	r2, r2, #2
10007ec2:	436a      	muls	r2, r5
10007ec4:	189b      	adds	r3, r3, r2
10007ec6:	7859      	ldrb	r1, [r3, #1]
10007ec8:	2000      	movs	r0, #0
10007eca:	f7fe ff83 	bl	10006dd4 <usbd_edpt_release>
10007ece:	2000      	movs	r0, #0
10007ed0:	e7aa      	b.n	10007e28 <tud_vendor_n_write_flush+0x14>
10007ed2:	46c0      	nop			@ (mov r8, r8)
10007ed4:	20001a48 	.word	0x20001a48
10007ed8:	1000a6f8 	.word	0x1000a6f8
10007edc:	10009bb4 	.word	0x10009bb4

10007ee0 <vendord_init>:
10007ee0:	b5f0      	push	{r4, r5, r6, r7, lr}
10007ee2:	46ce      	mov	lr, r9
10007ee4:	4647      	mov	r7, r8
10007ee6:	b580      	push	{r7, lr}
10007ee8:	b083      	sub	sp, #12
10007eea:	4824      	ldr	r0, [pc, #144]	@ (10007f7c <vendord_init+0x9c>)
10007eec:	22af      	movs	r2, #175	@ 0xaf
10007eee:	0092      	lsls	r2, r2, #2
10007ef0:	2100      	movs	r1, #0
10007ef2:	f7fc fccf 	bl	10004894 <__wrap_memset>
10007ef6:	2500      	movs	r5, #0
10007ef8:	2d00      	cmp	r5, #0
10007efa:	d004      	beq.n	10007f06 <vendord_init+0x26>
10007efc:	b003      	add	sp, #12
10007efe:	bcc0      	pop	{r6, r7}
10007f00:	46b9      	mov	r9, r7
10007f02:	46b0      	mov	r8, r6
10007f04:	bdf0      	pop	{r4, r5, r6, r7, pc}
10007f06:	24af      	movs	r4, #175	@ 0xaf
10007f08:	00a4      	lsls	r4, r4, #2
10007f0a:	436c      	muls	r4, r5
10007f0c:	0021      	movs	r1, r4
10007f0e:	3128      	adds	r1, #40	@ 0x28
10007f10:	4b1a      	ldr	r3, [pc, #104]	@ (10007f7c <vendord_init+0x9c>)
10007f12:	4699      	mov	r9, r3
10007f14:	4449      	add	r1, r9
10007f16:	3104      	adds	r1, #4
10007f18:	2680      	movs	r6, #128	@ 0x80
10007f1a:	0076      	lsls	r6, r6, #1
10007f1c:	18e7      	adds	r7, r4, r3
10007f1e:	1d38      	adds	r0, r7, #4
10007f20:	2300      	movs	r3, #0
10007f22:	4698      	mov	r8, r3
10007f24:	9300      	str	r3, [sp, #0]
10007f26:	3301      	adds	r3, #1
10007f28:	0032      	movs	r2, r6
10007f2a:	f000 fb6c 	bl	10008606 <tu_fifo_config>
10007f2e:	0021      	movs	r1, r4
10007f30:	3129      	adds	r1, #41	@ 0x29
10007f32:	31ff      	adds	r1, #255	@ 0xff
10007f34:	4449      	add	r1, r9
10007f36:	3104      	adds	r1, #4
10007f38:	0020      	movs	r0, r4
10007f3a:	3018      	adds	r0, #24
10007f3c:	4448      	add	r0, r9
10007f3e:	4643      	mov	r3, r8
10007f40:	9300      	str	r3, [sp, #0]
10007f42:	3301      	adds	r3, #1
10007f44:	0032      	movs	r2, r6
10007f46:	f000 fb5e 	bl	10008606 <tu_fifo_config>
10007f4a:	238a      	movs	r3, #138	@ 0x8a
10007f4c:	009b      	lsls	r3, r3, #2
10007f4e:	18e6      	adds	r6, r4, r3
10007f50:	444e      	add	r6, r9
10007f52:	3604      	adds	r6, #4
10007f54:	0030      	movs	r0, r6
10007f56:	f7fa fd47 	bl	100029e8 <mutex_init>
10007f5a:	238c      	movs	r3, #140	@ 0x8c
10007f5c:	009b      	lsls	r3, r3, #2
10007f5e:	469c      	mov	ip, r3
10007f60:	4464      	add	r4, ip
10007f62:	444c      	add	r4, r9
10007f64:	3404      	adds	r4, #4
10007f66:	0020      	movs	r0, r4
10007f68:	f7fa fd3e 	bl	100029e8 <mutex_init>
10007f6c:	4643      	mov	r3, r8
10007f6e:	613b      	str	r3, [r7, #16]
10007f70:	617e      	str	r6, [r7, #20]
10007f72:	627c      	str	r4, [r7, #36]	@ 0x24
10007f74:	62bb      	str	r3, [r7, #40]	@ 0x28
10007f76:	3501      	adds	r5, #1
10007f78:	b2ed      	uxtb	r5, r5
10007f7a:	e7bd      	b.n	10007ef8 <vendord_init+0x18>
10007f7c:	20001a48 	.word	0x20001a48

10007f80 <vendord_deinit>:
10007f80:	b510      	push	{r4, lr}
10007f82:	2300      	movs	r3, #0
10007f84:	2b00      	cmp	r3, #0
10007f86:	d001      	beq.n	10007f8c <vendord_deinit+0xc>
10007f88:	2001      	movs	r0, #1
10007f8a:	bd10      	pop	{r4, pc}
10007f8c:	0019      	movs	r1, r3
10007f8e:	4a0f      	ldr	r2, [pc, #60]	@ (10007fcc <vendord_deinit+0x4c>)
10007f90:	20af      	movs	r0, #175	@ 0xaf
10007f92:	0080      	lsls	r0, r0, #2
10007f94:	4358      	muls	r0, r3
10007f96:	1812      	adds	r2, r2, r0
10007f98:	6950      	ldr	r0, [r2, #20]
10007f9a:	6a54      	ldr	r4, [r2, #36]	@ 0x24
10007f9c:	2800      	cmp	r0, #0
10007f9e:	d007      	beq.n	10007fb0 <vendord_deinit+0x30>
10007fa0:	4a0a      	ldr	r2, [pc, #40]	@ (10007fcc <vendord_deinit+0x4c>)
10007fa2:	20af      	movs	r0, #175	@ 0xaf
10007fa4:	0080      	lsls	r0, r0, #2
10007fa6:	4358      	muls	r0, r3
10007fa8:	1812      	adds	r2, r2, r0
10007faa:	2000      	movs	r0, #0
10007fac:	6110      	str	r0, [r2, #16]
10007fae:	6150      	str	r0, [r2, #20]
10007fb0:	2c00      	cmp	r4, #0
10007fb2:	d007      	beq.n	10007fc4 <vendord_deinit+0x44>
10007fb4:	4a05      	ldr	r2, [pc, #20]	@ (10007fcc <vendord_deinit+0x4c>)
10007fb6:	20af      	movs	r0, #175	@ 0xaf
10007fb8:	0080      	lsls	r0, r0, #2
10007fba:	4341      	muls	r1, r0
10007fbc:	1852      	adds	r2, r2, r1
10007fbe:	2100      	movs	r1, #0
10007fc0:	6251      	str	r1, [r2, #36]	@ 0x24
10007fc2:	6291      	str	r1, [r2, #40]	@ 0x28
10007fc4:	3301      	adds	r3, #1
10007fc6:	b2db      	uxtb	r3, r3
10007fc8:	e7dc      	b.n	10007f84 <vendord_deinit+0x4>
10007fca:	46c0      	nop			@ (mov r8, r8)
10007fcc:	20001a48 	.word	0x20001a48

10007fd0 <vendord_reset>:
10007fd0:	b5f8      	push	{r3, r4, r5, r6, r7, lr}
10007fd2:	2500      	movs	r5, #0
10007fd4:	2d00      	cmp	r5, #0
10007fd6:	d000      	beq.n	10007fda <vendord_reset+0xa>
10007fd8:	bdf8      	pop	{r3, r4, r5, r6, r7, pc}
10007fda:	24af      	movs	r4, #175	@ 0xaf
10007fdc:	00a4      	lsls	r4, r4, #2
10007fde:	436c      	muls	r4, r5
10007fe0:	4f08      	ldr	r7, [pc, #32]	@ (10008004 <vendord_reset+0x34>)
10007fe2:	19e6      	adds	r6, r4, r7
10007fe4:	2204      	movs	r2, #4
10007fe6:	2100      	movs	r1, #0
10007fe8:	0030      	movs	r0, r6
10007fea:	f7fc fc53 	bl	10004894 <__wrap_memset>
10007fee:	1d30      	adds	r0, r6, #4
10007ff0:	f000 fbea 	bl	100087c8 <tu_fifo_clear>
10007ff4:	3418      	adds	r4, #24
10007ff6:	19e0      	adds	r0, r4, r7
10007ff8:	f000 fbe6 	bl	100087c8 <tu_fifo_clear>
10007ffc:	3501      	adds	r5, #1
10007ffe:	b2ed      	uxtb	r5, r5
10008000:	e7e8      	b.n	10007fd4 <vendord_reset+0x4>
10008002:	46c0      	nop			@ (mov r8, r8)
10008004:	20001a48 	.word	0x20001a48

10008008 <vendord_open>:
10008008:	b5f0      	push	{r4, r5, r6, r7, lr}
1000800a:	b083      	sub	sp, #12
1000800c:	000c      	movs	r4, r1
1000800e:	794b      	ldrb	r3, [r1, #5]
10008010:	2bff      	cmp	r3, #255	@ 0xff
10008012:	d155      	bne.n	100080c0 <vendord_open+0xb8>
10008014:	780d      	ldrb	r5, [r1, #0]
10008016:	194d      	adds	r5, r1, r5
10008018:	18aa      	adds	r2, r5, r2
1000801a:	2300      	movs	r3, #0
1000801c:	2b00      	cmp	r3, #0
1000801e:	d001      	beq.n	10008024 <vendord_open+0x1c>
10008020:	2000      	movs	r0, #0
10008022:	e04e      	b.n	100080c2 <vendord_open+0xba>
10008024:	4928      	ldr	r1, [pc, #160]	@ (100080c8 <vendord_open+0xc0>)
10008026:	27af      	movs	r7, #175	@ 0xaf
10008028:	00bf      	lsls	r7, r7, #2
1000802a:	435f      	muls	r7, r3
1000802c:	19c9      	adds	r1, r1, r7
1000802e:	7849      	ldrb	r1, [r1, #1]
10008030:	2900      	cmp	r1, #0
10008032:	d107      	bne.n	10008044 <vendord_open+0x3c>
10008034:	4924      	ldr	r1, [pc, #144]	@ (100080c8 <vendord_open+0xc0>)
10008036:	27af      	movs	r7, #175	@ 0xaf
10008038:	00bf      	lsls	r7, r7, #2
1000803a:	435f      	muls	r7, r3
1000803c:	19c9      	adds	r1, r1, r7
1000803e:	7889      	ldrb	r1, [r1, #2]
10008040:	2900      	cmp	r1, #0
10008042:	d002      	beq.n	1000804a <vendord_open+0x42>
10008044:	3301      	adds	r3, #1
10008046:	b2db      	uxtb	r3, r3
10008048:	e7e8      	b.n	1000801c <vendord_open+0x14>
1000804a:	4b1f      	ldr	r3, [pc, #124]	@ (100080c8 <vendord_open+0xc0>)
1000804c:	18fe      	adds	r6, r7, r3
1000804e:	78a3      	ldrb	r3, [r4, #2]
10008050:	7033      	strb	r3, [r6, #0]
10008052:	7921      	ldrb	r1, [r4, #4]
10008054:	2900      	cmp	r1, #0
10008056:	d104      	bne.n	10008062 <vendord_open+0x5a>
10008058:	1b28      	subs	r0, r5, r4
1000805a:	b280      	uxth	r0, r0
1000805c:	e031      	b.n	100080c2 <vendord_open+0xba>
1000805e:	782b      	ldrb	r3, [r5, #0]
10008060:	18ed      	adds	r5, r5, r3
10008062:	786b      	ldrb	r3, [r5, #1]
10008064:	2b05      	cmp	r3, #5
10008066:	d001      	beq.n	1000806c <vendord_open+0x64>
10008068:	4295      	cmp	r5, r2
1000806a:	d3f8      	bcc.n	1000805e <vendord_open+0x56>
1000806c:	1c73      	adds	r3, r6, #1
1000806e:	9301      	str	r3, [sp, #4]
10008070:	1cb3      	adds	r3, r6, #2
10008072:	9300      	str	r3, [sp, #0]
10008074:	2302      	movs	r3, #2
10008076:	000a      	movs	r2, r1
10008078:	0029      	movs	r1, r5
1000807a:	f7fe fe51 	bl	10006d20 <usbd_open_edpt_pair>
1000807e:	2800      	cmp	r0, #0
10008080:	d012      	beq.n	100080a8 <vendord_open+0xa0>
10008082:	7922      	ldrb	r2, [r4, #4]
10008084:	00d3      	lsls	r3, r2, #3
10008086:	1a9b      	subs	r3, r3, r2
10008088:	18ed      	adds	r5, r5, r3
1000808a:	78b3      	ldrb	r3, [r6, #2]
1000808c:	2b00      	cmp	r3, #0
1000808e:	d113      	bne.n	100080b8 <vendord_open+0xb0>
10008090:	7873      	ldrb	r3, [r6, #1]
10008092:	2b00      	cmp	r3, #0
10008094:	d0e0      	beq.n	10008058 <vendord_open+0x50>
10008096:	4b0c      	ldr	r3, [pc, #48]	@ (100080c8 <vendord_open+0xc0>)
10008098:	1af6      	subs	r6, r6, r3
1000809a:	10b6      	asrs	r6, r6, #2
1000809c:	480b      	ldr	r0, [pc, #44]	@ (100080cc <vendord_open+0xc4>)
1000809e:	4370      	muls	r0, r6
100080a0:	b2c0      	uxtb	r0, r0
100080a2:	f7ff feb7 	bl	10007e14 <tud_vendor_n_write_flush>
100080a6:	e7d7      	b.n	10008058 <vendord_open+0x50>
100080a8:	2282      	movs	r2, #130	@ 0x82
100080aa:	4909      	ldr	r1, [pc, #36]	@ (100080d0 <vendord_open+0xc8>)
100080ac:	4809      	ldr	r0, [pc, #36]	@ (100080d4 <vendord_open+0xcc>)
100080ae:	0052      	lsls	r2, r2, #1
100080b0:	f7fd fe6c 	bl	10005d8c <__wrap_printf>
100080b4:	2000      	movs	r0, #0
100080b6:	e004      	b.n	100080c2 <vendord_open+0xba>
100080b8:	0030      	movs	r0, r6
100080ba:	f7ff fe8d 	bl	10007dd8 <_prep_out_transaction>
100080be:	e7e7      	b.n	10008090 <vendord_open+0x88>
100080c0:	2000      	movs	r0, #0
100080c2:	b003      	add	sp, #12
100080c4:	bdf0      	pop	{r4, r5, r6, r7, pc}
100080c6:	46c0      	nop			@ (mov r8, r8)
100080c8:	20001a48 	.word	0x20001a48
100080cc:	1bcb564f 	.word	0x1bcb564f
100080d0:	1000a6e8 	.word	0x1000a6e8
100080d4:	10009bb4 	.word	0x10009bb4

100080d8 <vendord_xfer_cb>:
100080d8:	b5f8      	push	{r3, r4, r5, r6, r7, lr}
100080da:	0005      	movs	r5, r0
100080dc:	001e      	movs	r6, r3
100080de:	4f2d      	ldr	r7, [pc, #180]	@ (10008194 <vendord_xfer_cb+0xbc>)
100080e0:	2400      	movs	r4, #0
100080e2:	2c00      	cmp	r4, #0
100080e4:	d14f      	bne.n	10008186 <vendord_xfer_cb+0xae>
100080e6:	78bb      	ldrb	r3, [r7, #2]
100080e8:	428b      	cmp	r3, r1
100080ea:	d009      	beq.n	10008100 <vendord_xfer_cb+0x28>
100080ec:	787a      	ldrb	r2, [r7, #1]
100080ee:	428a      	cmp	r2, r1
100080f0:	d006      	beq.n	10008100 <vendord_xfer_cb+0x28>
100080f2:	3401      	adds	r4, #1
100080f4:	b2e4      	uxtb	r4, r4
100080f6:	23af      	movs	r3, #175	@ 0xaf
100080f8:	009b      	lsls	r3, r3, #2
100080fa:	469c      	mov	ip, r3
100080fc:	4467      	add	r7, ip
100080fe:	e7f0      	b.n	100080e2 <vendord_xfer_cb+0xa>
10008100:	428b      	cmp	r3, r1
10008102:	d004      	beq.n	1000810e <vendord_xfer_cb+0x36>
10008104:	787b      	ldrb	r3, [r7, #1]
10008106:	428b      	cmp	r3, r1
10008108:	d013      	beq.n	10008132 <vendord_xfer_cb+0x5a>
1000810a:	2401      	movs	r4, #1
1000810c:	e03c      	b.n	10008188 <vendord_xfer_cb+0xb0>
1000810e:	238f      	movs	r3, #143	@ 0x8f
10008110:	009b      	lsls	r3, r3, #2
10008112:	18f9      	adds	r1, r7, r3
10008114:	b2b2      	uxth	r2, r6
10008116:	1d38      	adds	r0, r7, #4
10008118:	f000 fb51 	bl	100087be <tu_fifo_write_n>
1000811c:	4b1e      	ldr	r3, [pc, #120]	@ (10008198 <vendord_xfer_cb+0xc0>)
1000811e:	2b00      	cmp	r3, #0
10008120:	d002      	beq.n	10008128 <vendord_xfer_cb+0x50>
10008122:	0020      	movs	r0, r4
10008124:	e000      	b.n	10008128 <vendord_xfer_cb+0x50>
10008126:	bf00      	nop
10008128:	0038      	movs	r0, r7
1000812a:	f7ff fe55 	bl	10007dd8 <_prep_out_transaction>
1000812e:	2401      	movs	r4, #1
10008130:	e02a      	b.n	10008188 <vendord_xfer_cb+0xb0>
10008132:	4b1a      	ldr	r3, [pc, #104]	@ (1000819c <vendord_xfer_cb+0xc4>)
10008134:	2b00      	cmp	r3, #0
10008136:	d004      	beq.n	10008142 <vendord_xfer_cb+0x6a>
10008138:	0431      	lsls	r1, r6, #16
1000813a:	0c09      	lsrs	r1, r1, #16
1000813c:	0020      	movs	r0, r4
1000813e:	e000      	b.n	10008142 <vendord_xfer_cb+0x6a>
10008140:	bf00      	nop
10008142:	0020      	movs	r0, r4
10008144:	f7ff fe66 	bl	10007e14 <tud_vendor_n_write_flush>
10008148:	2800      	cmp	r0, #0
1000814a:	d001      	beq.n	10008150 <vendord_xfer_cb+0x78>
1000814c:	2401      	movs	r4, #1
1000814e:	e01b      	b.n	10008188 <vendord_xfer_cb+0xb0>
10008150:	0038      	movs	r0, r7
10008152:	3018      	adds	r0, #24
10008154:	f000 fa95 	bl	10008682 <tu_fifo_count>
10008158:	2800      	cmp	r0, #0
1000815a:	d117      	bne.n	1000818c <vendord_xfer_cb+0xb4>
1000815c:	2e00      	cmp	r6, #0
1000815e:	d017      	beq.n	10008190 <vendord_xfer_cb+0xb8>
10008160:	06b6      	lsls	r6, r6, #26
10008162:	d001      	beq.n	10008168 <vendord_xfer_cb+0x90>
10008164:	2401      	movs	r4, #1
10008166:	e00f      	b.n	10008188 <vendord_xfer_cb+0xb0>
10008168:	7879      	ldrb	r1, [r7, #1]
1000816a:	0028      	movs	r0, r5
1000816c:	f7fe fe1e 	bl	10006dac <usbd_edpt_claim>
10008170:	1e04      	subs	r4, r0, #0
10008172:	d101      	bne.n	10008178 <vendord_xfer_cb+0xa0>
10008174:	2401      	movs	r4, #1
10008176:	e007      	b.n	10008188 <vendord_xfer_cb+0xb0>
10008178:	7879      	ldrb	r1, [r7, #1]
1000817a:	2300      	movs	r3, #0
1000817c:	001a      	movs	r2, r3
1000817e:	0028      	movs	r0, r5
10008180:	f7fe fe3c 	bl	10006dfc <usbd_edpt_xfer>
10008184:	e000      	b.n	10008188 <vendord_xfer_cb+0xb0>
10008186:	2400      	movs	r4, #0
10008188:	0020      	movs	r0, r4
1000818a:	bdf8      	pop	{r3, r4, r5, r6, r7, pc}
1000818c:	2401      	movs	r4, #1
1000818e:	e7fb      	b.n	10008188 <vendord_xfer_cb+0xb0>
10008190:	2401      	movs	r4, #1
10008192:	e7f9      	b.n	10008188 <vendord_xfer_cb+0xb0>
10008194:	20001a48 	.word	0x20001a48
	...

100081a0 <tusb_init>:
100081a0:	b510      	push	{r4, lr}
100081a2:	2000      	movs	r0, #0
100081a4:	f7fe fd1e 	bl	10006be4 <tud_init>
100081a8:	1e04      	subs	r4, r0, #0
100081aa:	d001      	beq.n	100081b0 <tusb_init+0x10>
100081ac:	0020      	movs	r0, r4
100081ae:	bd10      	pop	{r4, pc}
100081b0:	4902      	ldr	r1, [pc, #8]	@ (100081bc <tusb_init+0x1c>)
100081b2:	4803      	ldr	r0, [pc, #12]	@ (100081c0 <tusb_init+0x20>)
100081b4:	2231      	movs	r2, #49	@ 0x31
100081b6:	f7fd fde9 	bl	10005d8c <__wrap_printf>
100081ba:	e7f7      	b.n	100081ac <tusb_init+0xc>
100081bc:	1000a728 	.word	0x1000a728
100081c0:	10009bb4 	.word	0x10009bb4

100081c4 <tu_edpt_claim>:
100081c4:	b570      	push	{r4, r5, r6, lr}
100081c6:	0004      	movs	r4, r0
100081c8:	000d      	movs	r5, r1
100081ca:	7803      	ldrb	r3, [r0, #0]
100081cc:	07db      	lsls	r3, r3, #31
100081ce:	0fd8      	lsrs	r0, r3, #31
100081d0:	2b00      	cmp	r3, #0
100081d2:	d11d      	bne.n	10008210 <tu_edpt_claim+0x4c>
100081d4:	7823      	ldrb	r3, [r4, #0]
100081d6:	075b      	lsls	r3, r3, #29
100081d8:	0fde      	lsrs	r6, r3, #31
100081da:	2b00      	cmp	r3, #0
100081dc:	db19      	blt.n	10008212 <tu_edpt_claim+0x4e>
100081de:	2101      	movs	r1, #1
100081e0:	4249      	negs	r1, r1
100081e2:	0028      	movs	r0, r5
100081e4:	f000 fde0 	bl	10008da8 <__mutex_enter_timeout_ms_veneer>
100081e8:	7823      	ldrb	r3, [r4, #0]
100081ea:	07db      	lsls	r3, r3, #31
100081ec:	0fda      	lsrs	r2, r3, #31
100081ee:	2b00      	cmp	r3, #0
100081f0:	d107      	bne.n	10008202 <tu_edpt_claim+0x3e>
100081f2:	7823      	ldrb	r3, [r4, #0]
100081f4:	075b      	lsls	r3, r3, #29
100081f6:	d409      	bmi.n	1000820c <tu_edpt_claim+0x48>
100081f8:	7823      	ldrb	r3, [r4, #0]
100081fa:	2204      	movs	r2, #4
100081fc:	4313      	orrs	r3, r2
100081fe:	7023      	strb	r3, [r4, #0]
10008200:	2601      	movs	r6, #1
10008202:	0028      	movs	r0, r5
10008204:	f000 fdb0 	bl	10008d68 <__mutex_exit_veneer>
10008208:	0030      	movs	r0, r6
1000820a:	e002      	b.n	10008212 <tu_edpt_claim+0x4e>
1000820c:	0016      	movs	r6, r2
1000820e:	e7f8      	b.n	10008202 <tu_edpt_claim+0x3e>
10008210:	2000      	movs	r0, #0
10008212:	bd70      	pop	{r4, r5, r6, pc}

10008214 <tu_edpt_release>:
10008214:	b570      	push	{r4, r5, r6, lr}
10008216:	0006      	movs	r6, r0
10008218:	000c      	movs	r4, r1
1000821a:	2101      	movs	r1, #1
1000821c:	4249      	negs	r1, r1
1000821e:	0020      	movs	r0, r4
10008220:	f000 fdc2 	bl	10008da8 <__mutex_enter_timeout_ms_veneer>
10008224:	7833      	ldrb	r3, [r6, #0]
10008226:	075b      	lsls	r3, r3, #29
10008228:	0fdd      	lsrs	r5, r3, #31
1000822a:	2b00      	cmp	r3, #0
1000822c:	db04      	blt.n	10008238 <tu_edpt_release+0x24>
1000822e:	0020      	movs	r0, r4
10008230:	f000 fd9a 	bl	10008d68 <__mutex_exit_veneer>
10008234:	0028      	movs	r0, r5
10008236:	bd70      	pop	{r4, r5, r6, pc}
10008238:	7833      	ldrb	r3, [r6, #0]
1000823a:	07db      	lsls	r3, r3, #31
1000823c:	d404      	bmi.n	10008248 <tu_edpt_release+0x34>
1000823e:	7833      	ldrb	r3, [r6, #0]
10008240:	2204      	movs	r2, #4
10008242:	4393      	bics	r3, r2
10008244:	7033      	strb	r3, [r6, #0]
10008246:	e7f2      	b.n	1000822e <tu_edpt_release+0x1a>
10008248:	2500      	movs	r5, #0
1000824a:	e7f0      	b.n	1000822e <tu_edpt_release+0x1a>

1000824c <tu_edpt_validate>:
1000824c:	b510      	push	{r4, lr}
1000824e:	7902      	ldrb	r2, [r0, #4]
10008250:	7943      	ldrb	r3, [r0, #5]
10008252:	021b      	lsls	r3, r3, #8
10008254:	4313      	orrs	r3, r2
10008256:	055b      	lsls	r3, r3, #21
10008258:	0d5b      	lsrs	r3, r3, #21
1000825a:	78c2      	ldrb	r2, [r0, #3]
1000825c:	0792      	lsls	r2, r2, #30
1000825e:	0f92      	lsrs	r2, r2, #30
10008260:	2a02      	cmp	r2, #2
10008262:	d014      	beq.n	1000828e <tu_edpt_validate+0x42>
10008264:	2a03      	cmp	r2, #3
10008266:	d02d      	beq.n	100082c4 <tu_edpt_validate+0x78>
10008268:	2a01      	cmp	r2, #1
1000826a:	d13c      	bne.n	100082e6 <tu_edpt_validate+0x9a>
1000826c:	2902      	cmp	r1, #2
1000826e:	d004      	beq.n	1000827a <tu_edpt_validate+0x2e>
10008270:	4a1e      	ldr	r2, [pc, #120]	@ (100082ec <tu_edpt_validate+0xa0>)
10008272:	429a      	cmp	r2, r3
10008274:	d304      	bcc.n	10008280 <tu_edpt_validate+0x34>
10008276:	2001      	movs	r0, #1
10008278:	e036      	b.n	100082e8 <tu_edpt_validate+0x9c>
1000827a:	2280      	movs	r2, #128	@ 0x80
1000827c:	00d2      	lsls	r2, r2, #3
1000827e:	e7f8      	b.n	10008272 <tu_edpt_validate+0x26>
10008280:	491b      	ldr	r1, [pc, #108]	@ (100082f0 <tu_edpt_validate+0xa4>)
10008282:	481c      	ldr	r0, [pc, #112]	@ (100082f4 <tu_edpt_validate+0xa8>)
10008284:	2290      	movs	r2, #144	@ 0x90
10008286:	f7fd fd81 	bl	10005d8c <__wrap_printf>
1000828a:	2000      	movs	r0, #0
1000828c:	e02c      	b.n	100082e8 <tu_edpt_validate+0x9c>
1000828e:	2902      	cmp	r1, #2
10008290:	d003      	beq.n	1000829a <tu_edpt_validate+0x4e>
10008292:	2b40      	cmp	r3, #64	@ 0x40
10008294:	d80f      	bhi.n	100082b6 <tu_edpt_validate+0x6a>
10008296:	2001      	movs	r0, #1
10008298:	e026      	b.n	100082e8 <tu_edpt_validate+0x9c>
1000829a:	2280      	movs	r2, #128	@ 0x80
1000829c:	0092      	lsls	r2, r2, #2
1000829e:	4293      	cmp	r3, r2
100082a0:	d101      	bne.n	100082a6 <tu_edpt_validate+0x5a>
100082a2:	2001      	movs	r0, #1
100082a4:	e020      	b.n	100082e8 <tu_edpt_validate+0x9c>
100082a6:	4912      	ldr	r1, [pc, #72]	@ (100082f0 <tu_edpt_validate+0xa4>)
100082a8:	4812      	ldr	r0, [pc, #72]	@ (100082f4 <tu_edpt_validate+0xa8>)
100082aa:	3a6a      	subs	r2, #106	@ 0x6a
100082ac:	3aff      	subs	r2, #255	@ 0xff
100082ae:	f7fd fd6d 	bl	10005d8c <__wrap_printf>
100082b2:	2000      	movs	r0, #0
100082b4:	e018      	b.n	100082e8 <tu_edpt_validate+0x9c>
100082b6:	490e      	ldr	r1, [pc, #56]	@ (100082f0 <tu_edpt_validate+0xa4>)
100082b8:	480e      	ldr	r0, [pc, #56]	@ (100082f4 <tu_edpt_validate+0xa8>)
100082ba:	229a      	movs	r2, #154	@ 0x9a
100082bc:	f7fd fd66 	bl	10005d8c <__wrap_printf>
100082c0:	2000      	movs	r0, #0
100082c2:	e011      	b.n	100082e8 <tu_edpt_validate+0x9c>
100082c4:	2902      	cmp	r1, #2
100082c6:	d004      	beq.n	100082d2 <tu_edpt_validate+0x86>
100082c8:	2240      	movs	r2, #64	@ 0x40
100082ca:	429a      	cmp	r2, r3
100082cc:	d304      	bcc.n	100082d8 <tu_edpt_validate+0x8c>
100082ce:	2001      	movs	r0, #1
100082d0:	e00a      	b.n	100082e8 <tu_edpt_validate+0x9c>
100082d2:	2280      	movs	r2, #128	@ 0x80
100082d4:	00d2      	lsls	r2, r2, #3
100082d6:	e7f8      	b.n	100082ca <tu_edpt_validate+0x7e>
100082d8:	4905      	ldr	r1, [pc, #20]	@ (100082f0 <tu_edpt_validate+0xa4>)
100082da:	4806      	ldr	r0, [pc, #24]	@ (100082f4 <tu_edpt_validate+0xa8>)
100082dc:	22a0      	movs	r2, #160	@ 0xa0
100082de:	f7fd fd55 	bl	10005d8c <__wrap_printf>
100082e2:	2000      	movs	r0, #0
100082e4:	e000      	b.n	100082e8 <tu_edpt_validate+0x9c>
100082e6:	2000      	movs	r0, #0
100082e8:	bd10      	pop	{r4, pc}
100082ea:	46c0      	nop			@ (mov r8, r8)
100082ec:	000003ff 	.word	0x000003ff
100082f0:	1000a714 	.word	0x1000a714
100082f4:	10009bb4 	.word	0x10009bb4

100082f8 <tu_edpt_bind_driver>:
100082f8:	b530      	push	{r4, r5, lr}
100082fa:	188a      	adds	r2, r1, r2
100082fc:	e001      	b.n	10008302 <tu_edpt_bind_driver+0xa>
100082fe:	780c      	ldrb	r4, [r1, #0]
10008300:	1909      	adds	r1, r1, r4
10008302:	4291      	cmp	r1, r2
10008304:	d20a      	bcs.n	1000831c <tu_edpt_bind_driver+0x24>
10008306:	784c      	ldrb	r4, [r1, #1]
10008308:	2c05      	cmp	r4, #5
1000830a:	d1f8      	bne.n	100082fe <tu_edpt_bind_driver+0x6>
1000830c:	788d      	ldrb	r5, [r1, #2]
1000830e:	347a      	adds	r4, #122	@ 0x7a
10008310:	402c      	ands	r4, r5
10008312:	0064      	lsls	r4, r4, #1
10008314:	1904      	adds	r4, r0, r4
10008316:	09ed      	lsrs	r5, r5, #7
10008318:	5563      	strb	r3, [r4, r5]
1000831a:	e7f0      	b.n	100082fe <tu_edpt_bind_driver+0x6>
1000831c:	bd30      	pop	{r4, r5, pc}

1000831e <advance_index>:
1000831e:	0003      	movs	r3, r0
10008320:	188a      	adds	r2, r1, r2
10008322:	b290      	uxth	r0, r2
10008324:	4281      	cmp	r1, r0
10008326:	d802      	bhi.n	1000832e <advance_index+0x10>
10008328:	005a      	lsls	r2, r3, #1
1000832a:	4290      	cmp	r0, r2
1000832c:	db03      	blt.n	10008336 <advance_index+0x18>
1000832e:	005b      	lsls	r3, r3, #1
10008330:	b29b      	uxth	r3, r3
10008332:	1ac0      	subs	r0, r0, r3
10008334:	b280      	uxth	r0, r0
10008336:	4770      	bx	lr

10008338 <_tu_fifo_peek>:
10008338:	b570      	push	{r4, r5, r6, lr}
1000833a:	0005      	movs	r5, r0
1000833c:	0008      	movs	r0, r1
1000833e:	88ac      	ldrh	r4, [r5, #4]
10008340:	429a      	cmp	r2, r3
10008342:	d30b      	bcc.n	1000835c <_tu_fifo_peek+0x24>
10008344:	1ad1      	subs	r1, r2, r3
10008346:	b289      	uxth	r1, r1
10008348:	2900      	cmp	r1, #0
1000834a:	d01e      	beq.n	1000838a <_tu_fifo_peek+0x52>
1000834c:	428c      	cmp	r4, r1
1000834e:	d210      	bcs.n	10008372 <_tu_fifo_peek+0x3a>
10008350:	4294      	cmp	r4, r2
10008352:	d809      	bhi.n	10008368 <_tu_fifo_peek+0x30>
10008354:	1b12      	subs	r2, r2, r4
10008356:	b293      	uxth	r3, r2
10008358:	816b      	strh	r3, [r5, #10]
1000835a:	e00a      	b.n	10008372 <_tu_fifo_peek+0x3a>
1000835c:	1ad1      	subs	r1, r2, r3
1000835e:	b289      	uxth	r1, r1
10008360:	0066      	lsls	r6, r4, #1
10008362:	1989      	adds	r1, r1, r6
10008364:	b289      	uxth	r1, r1
10008366:	e7ef      	b.n	10008348 <_tu_fifo_peek+0x10>
10008368:	18a2      	adds	r2, r4, r2
1000836a:	b293      	uxth	r3, r2
1000836c:	e7f4      	b.n	10008358 <_tu_fifo_peek+0x20>
1000836e:	1b1b      	subs	r3, r3, r4
10008370:	b29b      	uxth	r3, r3
10008372:	429c      	cmp	r4, r3
10008374:	d9fb      	bls.n	1000836e <_tu_fifo_peek+0x36>
10008376:	6829      	ldr	r1, [r5, #0]
10008378:	88ea      	ldrh	r2, [r5, #6]
1000837a:	0452      	lsls	r2, r2, #17
1000837c:	0c52      	lsrs	r2, r2, #17
1000837e:	4353      	muls	r3, r2
10008380:	18c9      	adds	r1, r1, r3
10008382:	f7fc fa8d 	bl	100048a0 <__wrap___aeabi_memcpy>
10008386:	2001      	movs	r0, #1
10008388:	bd70      	pop	{r4, r5, r6, pc}
1000838a:	2000      	movs	r0, #0
1000838c:	e7fc      	b.n	10008388 <_tu_fifo_peek+0x50>

1000838e <_ff_pull_n>:
1000838e:	b5f8      	push	{r3, r4, r5, r6, r7, lr}
10008390:	46ce      	mov	lr, r9
10008392:	4647      	mov	r7, r8
10008394:	b580      	push	{r7, lr}
10008396:	0005      	movs	r5, r0
10008398:	468c      	mov	ip, r1
1000839a:	a908      	add	r1, sp, #32
1000839c:	7809      	ldrb	r1, [r1, #0]
1000839e:	8884      	ldrh	r4, [r0, #4]
100083a0:	1ae0      	subs	r0, r4, r3
100083a2:	b280      	uxth	r0, r0
100083a4:	1b1c      	subs	r4, r3, r4
100083a6:	1914      	adds	r4, r2, r4
100083a8:	b2a4      	uxth	r4, r4
100083aa:	88ef      	ldrh	r7, [r5, #6]
100083ac:	047f      	lsls	r7, r7, #17
100083ae:	0c7e      	lsrs	r6, r7, #17
100083b0:	0007      	movs	r7, r0
100083b2:	4377      	muls	r7, r6
100083b4:	b2bf      	uxth	r7, r7
100083b6:	4374      	muls	r4, r6
100083b8:	b2a4      	uxth	r4, r4
100083ba:	46a1      	mov	r9, r4
100083bc:	682c      	ldr	r4, [r5, #0]
100083be:	46a0      	mov	r8, r4
100083c0:	4373      	muls	r3, r6
100083c2:	4443      	add	r3, r8
100083c4:	2900      	cmp	r1, #0
100083c6:	d106      	bne.n	100083d6 <_ff_pull_n+0x48>
100083c8:	4290      	cmp	r0, r2
100083ca:	d308      	bcc.n	100083de <_ff_pull_n+0x50>
100083cc:	4372      	muls	r2, r6
100083ce:	0019      	movs	r1, r3
100083d0:	4660      	mov	r0, ip
100083d2:	f7fc fa65 	bl	100048a0 <__wrap___aeabi_memcpy>
100083d6:	bcc0      	pop	{r6, r7}
100083d8:	46b9      	mov	r9, r7
100083da:	46b0      	mov	r8, r6
100083dc:	bdf8      	pop	{r3, r4, r5, r6, r7, pc}
100083de:	003a      	movs	r2, r7
100083e0:	0019      	movs	r1, r3
100083e2:	4664      	mov	r4, ip
100083e4:	0020      	movs	r0, r4
100083e6:	f7fc fa5b 	bl	100048a0 <__wrap___aeabi_memcpy>
100083ea:	6829      	ldr	r1, [r5, #0]
100083ec:	19e0      	adds	r0, r4, r7
100083ee:	464a      	mov	r2, r9
100083f0:	f7fc fa56 	bl	100048a0 <__wrap___aeabi_memcpy>
100083f4:	e7ef      	b.n	100083d6 <_ff_pull_n+0x48>

100083f6 <_tu_fifo_peek_n>:
100083f6:	b5f0      	push	{r4, r5, r6, r7, lr}
100083f8:	46c6      	mov	lr, r8
100083fa:	b500      	push	{lr}
100083fc:	b082      	sub	sp, #8
100083fe:	001e      	movs	r6, r3
10008400:	ab08      	add	r3, sp, #32
10008402:	881b      	ldrh	r3, [r3, #0]
10008404:	ac09      	add	r4, sp, #36	@ 0x24
10008406:	7827      	ldrb	r7, [r4, #0]
10008408:	8884      	ldrh	r4, [r0, #4]
1000840a:	429e      	cmp	r6, r3
1000840c:	d30f      	bcc.n	1000842e <_tu_fifo_peek_n+0x38>
1000840e:	1af5      	subs	r5, r6, r3
10008410:	b2ad      	uxth	r5, r5
10008412:	2d00      	cmp	r5, #0
10008414:	d01f      	beq.n	10008456 <_tu_fifo_peek_n+0x60>
10008416:	42ac      	cmp	r4, r5
10008418:	d205      	bcs.n	10008426 <_tu_fifo_peek_n+0x30>
1000841a:	42b4      	cmp	r4, r6
1000841c:	d810      	bhi.n	10008440 <_tu_fifo_peek_n+0x4a>
1000841e:	1b33      	subs	r3, r6, r4
10008420:	b29b      	uxth	r3, r3
10008422:	8143      	strh	r3, [r0, #10]
10008424:	0025      	movs	r5, r4
10008426:	4295      	cmp	r5, r2
10008428:	d30f      	bcc.n	1000844a <_tu_fifo_peek_n+0x54>
1000842a:	0015      	movs	r5, r2
1000842c:	e00d      	b.n	1000844a <_tu_fifo_peek_n+0x54>
1000842e:	1af5      	subs	r5, r6, r3
10008430:	b2ad      	uxth	r5, r5
10008432:	46a8      	mov	r8, r5
10008434:	0065      	lsls	r5, r4, #1
10008436:	46ac      	mov	ip, r5
10008438:	4645      	mov	r5, r8
1000843a:	4465      	add	r5, ip
1000843c:	b2ad      	uxth	r5, r5
1000843e:	e7e8      	b.n	10008412 <_tu_fifo_peek_n+0x1c>
10008440:	19a6      	adds	r6, r4, r6
10008442:	b2b3      	uxth	r3, r6
10008444:	e7ed      	b.n	10008422 <_tu_fifo_peek_n+0x2c>
10008446:	1b1b      	subs	r3, r3, r4
10008448:	b29b      	uxth	r3, r3
1000844a:	429c      	cmp	r4, r3
1000844c:	d9fb      	bls.n	10008446 <_tu_fifo_peek_n+0x50>
1000844e:	9700      	str	r7, [sp, #0]
10008450:	002a      	movs	r2, r5
10008452:	f7ff ff9c 	bl	1000838e <_ff_pull_n>
10008456:	0028      	movs	r0, r5
10008458:	b002      	add	sp, #8
1000845a:	bc80      	pop	{r7}
1000845c:	46b8      	mov	r8, r7
1000845e:	bdf0      	pop	{r4, r5, r6, r7, pc}

10008460 <_tu_fifo_read_n>:
10008460:	b5f0      	push	{r4, r5, r6, r7, lr}
10008462:	b083      	sub	sp, #12
10008464:	0004      	movs	r4, r0
10008466:	000d      	movs	r5, r1
10008468:	0016      	movs	r6, r2
1000846a:	001f      	movs	r7, r3
1000846c:	6900      	ldr	r0, [r0, #16]
1000846e:	2800      	cmp	r0, #0
10008470:	d003      	beq.n	1000847a <_tu_fifo_read_n+0x1a>
10008472:	2101      	movs	r1, #1
10008474:	4249      	negs	r1, r1
10008476:	f000 fc97 	bl	10008da8 <__mutex_enter_timeout_ms_veneer>
1000847a:	8923      	ldrh	r3, [r4, #8]
1000847c:	b29b      	uxth	r3, r3
1000847e:	8962      	ldrh	r2, [r4, #10]
10008480:	9701      	str	r7, [sp, #4]
10008482:	9200      	str	r2, [sp, #0]
10008484:	0032      	movs	r2, r6
10008486:	0029      	movs	r1, r5
10008488:	0020      	movs	r0, r4
1000848a:	f7ff ffb4 	bl	100083f6 <_tu_fifo_peek_n>
1000848e:	0005      	movs	r5, r0
10008490:	8961      	ldrh	r1, [r4, #10]
10008492:	b289      	uxth	r1, r1
10008494:	88a0      	ldrh	r0, [r4, #4]
10008496:	002a      	movs	r2, r5
10008498:	f7ff ff41 	bl	1000831e <advance_index>
1000849c:	8160      	strh	r0, [r4, #10]
1000849e:	6920      	ldr	r0, [r4, #16]
100084a0:	2800      	cmp	r0, #0
100084a2:	d001      	beq.n	100084a8 <_tu_fifo_read_n+0x48>
100084a4:	f000 fc60 	bl	10008d68 <__mutex_exit_veneer>
100084a8:	0028      	movs	r0, r5
100084aa:	b003      	add	sp, #12
100084ac:	bdf0      	pop	{r4, r5, r6, r7, pc}

100084ae <_ff_push_n>:
100084ae:	b5f8      	push	{r3, r4, r5, r6, r7, lr}
100084b0:	46ce      	mov	lr, r9
100084b2:	4647      	mov	r7, r8
100084b4:	b580      	push	{r7, lr}
100084b6:	0005      	movs	r5, r0
100084b8:	468c      	mov	ip, r1
100084ba:	a908      	add	r1, sp, #32
100084bc:	7808      	ldrb	r0, [r1, #0]
100084be:	88ac      	ldrh	r4, [r5, #4]
100084c0:	1ae1      	subs	r1, r4, r3
100084c2:	b289      	uxth	r1, r1
100084c4:	1b1c      	subs	r4, r3, r4
100084c6:	1914      	adds	r4, r2, r4
100084c8:	b2a4      	uxth	r4, r4
100084ca:	88ef      	ldrh	r7, [r5, #6]
100084cc:	047f      	lsls	r7, r7, #17
100084ce:	0c7e      	lsrs	r6, r7, #17
100084d0:	000f      	movs	r7, r1
100084d2:	4377      	muls	r7, r6
100084d4:	b2bf      	uxth	r7, r7
100084d6:	4374      	muls	r4, r6
100084d8:	b2a4      	uxth	r4, r4
100084da:	46a1      	mov	r9, r4
100084dc:	682c      	ldr	r4, [r5, #0]
100084de:	46a0      	mov	r8, r4
100084e0:	4373      	muls	r3, r6
100084e2:	4443      	add	r3, r8
100084e4:	2800      	cmp	r0, #0
100084e6:	d106      	bne.n	100084f6 <_ff_push_n+0x48>
100084e8:	4291      	cmp	r1, r2
100084ea:	d308      	bcc.n	100084fe <_ff_push_n+0x50>
100084ec:	4372      	muls	r2, r6
100084ee:	4661      	mov	r1, ip
100084f0:	0018      	movs	r0, r3
100084f2:	f7fc f9d5 	bl	100048a0 <__wrap___aeabi_memcpy>
100084f6:	bcc0      	pop	{r6, r7}
100084f8:	46b9      	mov	r9, r7
100084fa:	46b0      	mov	r8, r6
100084fc:	bdf8      	pop	{r3, r4, r5, r6, r7, pc}
100084fe:	003a      	movs	r2, r7
10008500:	4664      	mov	r4, ip
10008502:	0021      	movs	r1, r4
10008504:	0018      	movs	r0, r3
10008506:	f7fc f9cb 	bl	100048a0 <__wrap___aeabi_memcpy>
1000850a:	6828      	ldr	r0, [r5, #0]
1000850c:	19e1      	adds	r1, r4, r7
1000850e:	464a      	mov	r2, r9
10008510:	f7fc f9c6 	bl	100048a0 <__wrap___aeabi_memcpy>
10008514:	e7ef      	b.n	100084f6 <_ff_push_n+0x48>

10008516 <_tu_fifo_write_n>:
10008516:	b5f0      	push	{r4, r5, r6, r7, lr}
10008518:	b085      	sub	sp, #20
1000851a:	0006      	movs	r6, r0
1000851c:	9103      	str	r1, [sp, #12]
1000851e:	1e15      	subs	r5, r2, #0
10008520:	9302      	str	r3, [sp, #8]
10008522:	d100      	bne.n	10008526 <_tu_fifo_write_n+0x10>
10008524:	e06d      	b.n	10008602 <_tu_fifo_write_n+0xec>
10008526:	68c0      	ldr	r0, [r0, #12]
10008528:	2800      	cmp	r0, #0
1000852a:	d003      	beq.n	10008534 <_tu_fifo_write_n+0x1e>
1000852c:	2101      	movs	r1, #1
1000852e:	4249      	negs	r1, r1
10008530:	f000 fc3a 	bl	10008da8 <__mutex_enter_timeout_ms_veneer>
10008534:	8934      	ldrh	r4, [r6, #8]
10008536:	b2a4      	uxth	r4, r4
10008538:	8971      	ldrh	r1, [r6, #10]
1000853a:	b289      	uxth	r1, r1
1000853c:	79f3      	ldrb	r3, [r6, #7]
1000853e:	09db      	lsrs	r3, r3, #7
10008540:	d11a      	bne.n	10008578 <_tu_fifo_write_n+0x62>
10008542:	88b3      	ldrh	r3, [r6, #4]
10008544:	428c      	cmp	r4, r1
10008546:	d30f      	bcc.n	10008568 <_tu_fifo_write_n+0x52>
10008548:	1a61      	subs	r1, r4, r1
1000854a:	b289      	uxth	r1, r1
1000854c:	428b      	cmp	r3, r1
1000854e:	d911      	bls.n	10008574 <_tu_fifo_write_n+0x5e>
10008550:	1a5b      	subs	r3, r3, r1
10008552:	b29b      	uxth	r3, r3
10008554:	1c2f      	adds	r7, r5, #0
10008556:	429d      	cmp	r5, r3
10008558:	d900      	bls.n	1000855c <_tu_fifo_write_n+0x46>
1000855a:	1c1f      	adds	r7, r3, #0
1000855c:	b2bf      	uxth	r7, r7
1000855e:	2f00      	cmp	r7, #0
10008560:	d047      	beq.n	100085f2 <_tu_fifo_write_n+0xdc>
10008562:	88b2      	ldrh	r2, [r6, #4]
10008564:	0023      	movs	r3, r4
10008566:	e035      	b.n	100085d4 <_tu_fifo_write_n+0xbe>
10008568:	1a61      	subs	r1, r4, r1
1000856a:	b289      	uxth	r1, r1
1000856c:	005a      	lsls	r2, r3, #1
1000856e:	1889      	adds	r1, r1, r2
10008570:	b289      	uxth	r1, r1
10008572:	e7eb      	b.n	1000854c <_tu_fifo_write_n+0x36>
10008574:	2300      	movs	r3, #0
10008576:	e7ed      	b.n	10008554 <_tu_fifo_write_n+0x3e>
10008578:	88b7      	ldrh	r7, [r6, #4]
1000857a:	42af      	cmp	r7, r5
1000857c:	d80e      	bhi.n	1000859c <_tu_fifo_write_n+0x86>
1000857e:	9b02      	ldr	r3, [sp, #8]
10008580:	2b00      	cmp	r3, #0
10008582:	d121      	bne.n	100085c8 <_tu_fifo_write_n+0xb2>
10008584:	1bed      	subs	r5, r5, r7
10008586:	88f3      	ldrh	r3, [r6, #6]
10008588:	045b      	lsls	r3, r3, #17
1000858a:	0c5b      	lsrs	r3, r3, #17
1000858c:	436b      	muls	r3, r5
1000858e:	9a03      	ldr	r2, [sp, #12]
10008590:	4694      	mov	ip, r2
10008592:	449c      	add	ip, r3
10008594:	4663      	mov	r3, ip
10008596:	9303      	str	r3, [sp, #12]
10008598:	000c      	movs	r4, r1
1000859a:	e7e0      	b.n	1000855e <_tu_fifo_write_n+0x48>
1000859c:	428c      	cmp	r4, r1
1000859e:	d30d      	bcc.n	100085bc <_tu_fifo_write_n+0xa6>
100085a0:	1a63      	subs	r3, r4, r1
100085a2:	b29b      	uxth	r3, r3
100085a4:	195b      	adds	r3, r3, r5
100085a6:	007a      	lsls	r2, r7, #1
100085a8:	4293      	cmp	r3, r2
100085aa:	db0f      	blt.n	100085cc <_tu_fifo_write_n+0xb6>
100085ac:	1b7a      	subs	r2, r7, r5
100085ae:	b292      	uxth	r2, r2
100085b0:	0038      	movs	r0, r7
100085b2:	f7ff feb4 	bl	1000831e <advance_index>
100085b6:	0004      	movs	r4, r0
100085b8:	002f      	movs	r7, r5
100085ba:	e7d0      	b.n	1000855e <_tu_fifo_write_n+0x48>
100085bc:	1a63      	subs	r3, r4, r1
100085be:	b29b      	uxth	r3, r3
100085c0:	007a      	lsls	r2, r7, #1
100085c2:	189b      	adds	r3, r3, r2
100085c4:	b29b      	uxth	r3, r3
100085c6:	e7ed      	b.n	100085a4 <_tu_fifo_write_n+0x8e>
100085c8:	000c      	movs	r4, r1
100085ca:	e7c8      	b.n	1000855e <_tu_fifo_write_n+0x48>
100085cc:	002f      	movs	r7, r5
100085ce:	e7c6      	b.n	1000855e <_tu_fifo_write_n+0x48>
100085d0:	1a9b      	subs	r3, r3, r2
100085d2:	b29b      	uxth	r3, r3
100085d4:	429a      	cmp	r2, r3
100085d6:	d9fb      	bls.n	100085d0 <_tu_fifo_write_n+0xba>
100085d8:	9a02      	ldr	r2, [sp, #8]
100085da:	9200      	str	r2, [sp, #0]
100085dc:	003a      	movs	r2, r7
100085de:	9903      	ldr	r1, [sp, #12]
100085e0:	0030      	movs	r0, r6
100085e2:	f7ff ff64 	bl	100084ae <_ff_push_n>
100085e6:	88b0      	ldrh	r0, [r6, #4]
100085e8:	003a      	movs	r2, r7
100085ea:	0021      	movs	r1, r4
100085ec:	f7ff fe97 	bl	1000831e <advance_index>
100085f0:	8130      	strh	r0, [r6, #8]
100085f2:	68f0      	ldr	r0, [r6, #12]
100085f4:	2800      	cmp	r0, #0
100085f6:	d001      	beq.n	100085fc <_tu_fifo_write_n+0xe6>
100085f8:	f000 fbb6 	bl	10008d68 <__mutex_exit_veneer>
100085fc:	0038      	movs	r0, r7
100085fe:	b005      	add	sp, #20
10008600:	bdf0      	pop	{r4, r5, r6, r7, pc}
10008602:	0017      	movs	r7, r2
10008604:	e7fa      	b.n	100085fc <_tu_fifo_write_n+0xe6>

10008606 <tu_fifo_config>:
10008606:	b5f0      	push	{r4, r5, r6, r7, lr}
10008608:	b083      	sub	sp, #12
1000860a:	0004      	movs	r4, r0
1000860c:	9101      	str	r1, [sp, #4]
1000860e:	0016      	movs	r6, r2
10008610:	001d      	movs	r5, r3
10008612:	ab08      	add	r3, sp, #32
10008614:	781f      	ldrb	r7, [r3, #0]
10008616:	2380      	movs	r3, #128	@ 0x80
10008618:	021b      	lsls	r3, r3, #8
1000861a:	429a      	cmp	r2, r3
1000861c:	d82d      	bhi.n	1000867a <tu_fifo_config+0x74>
1000861e:	68c0      	ldr	r0, [r0, #12]
10008620:	2800      	cmp	r0, #0
10008622:	d003      	beq.n	1000862c <tu_fifo_config+0x26>
10008624:	2101      	movs	r1, #1
10008626:	4249      	negs	r1, r1
10008628:	f000 fbbe 	bl	10008da8 <__mutex_enter_timeout_ms_veneer>
1000862c:	6920      	ldr	r0, [r4, #16]
1000862e:	2800      	cmp	r0, #0
10008630:	d003      	beq.n	1000863a <tu_fifo_config+0x34>
10008632:	2101      	movs	r1, #1
10008634:	4249      	negs	r1, r1
10008636:	f000 fbb7 	bl	10008da8 <__mutex_enter_timeout_ms_veneer>
1000863a:	9b01      	ldr	r3, [sp, #4]
1000863c:	6023      	str	r3, [r4, #0]
1000863e:	80a6      	strh	r6, [r4, #4]
10008640:	046d      	lsls	r5, r5, #17
10008642:	0c6b      	lsrs	r3, r5, #17
10008644:	88e5      	ldrh	r5, [r4, #6]
10008646:	0bed      	lsrs	r5, r5, #15
10008648:	03ed      	lsls	r5, r5, #15
1000864a:	431d      	orrs	r5, r3
1000864c:	80e5      	strh	r5, [r4, #6]
1000864e:	01fb      	lsls	r3, r7, #7
10008650:	79e2      	ldrb	r2, [r4, #7]
10008652:	277f      	movs	r7, #127	@ 0x7f
10008654:	4017      	ands	r7, r2
10008656:	431f      	orrs	r7, r3
10008658:	71e7      	strb	r7, [r4, #7]
1000865a:	2300      	movs	r3, #0
1000865c:	8163      	strh	r3, [r4, #10]
1000865e:	8123      	strh	r3, [r4, #8]
10008660:	68e0      	ldr	r0, [r4, #12]
10008662:	2800      	cmp	r0, #0
10008664:	d001      	beq.n	1000866a <tu_fifo_config+0x64>
10008666:	f000 fb7f 	bl	10008d68 <__mutex_exit_veneer>
1000866a:	6920      	ldr	r0, [r4, #16]
1000866c:	2800      	cmp	r0, #0
1000866e:	d006      	beq.n	1000867e <tu_fifo_config+0x78>
10008670:	f000 fb7a 	bl	10008d68 <__mutex_exit_veneer>
10008674:	2001      	movs	r0, #1
10008676:	b003      	add	sp, #12
10008678:	bdf0      	pop	{r4, r5, r6, r7, pc}
1000867a:	2000      	movs	r0, #0
1000867c:	e7fb      	b.n	10008676 <tu_fifo_config+0x70>
1000867e:	2001      	movs	r0, #1
10008680:	e7f9      	b.n	10008676 <tu_fifo_config+0x70>

10008682 <tu_fifo_count>:
10008682:	8881      	ldrh	r1, [r0, #4]
10008684:	8903      	ldrh	r3, [r0, #8]
10008686:	b29b      	uxth	r3, r3
10008688:	8942      	ldrh	r2, [r0, #10]
1000868a:	b292      	uxth	r2, r2
1000868c:	4293      	cmp	r3, r2
1000868e:	d307      	bcc.n	100086a0 <tu_fifo_count+0x1e>
10008690:	1a9b      	subs	r3, r3, r2
10008692:	b29b      	uxth	r3, r3
10008694:	1c08      	adds	r0, r1, #0
10008696:	4299      	cmp	r1, r3
10008698:	d900      	bls.n	1000869c <tu_fifo_count+0x1a>
1000869a:	1c18      	adds	r0, r3, #0
1000869c:	b280      	uxth	r0, r0
1000869e:	4770      	bx	lr
100086a0:	1a9b      	subs	r3, r3, r2
100086a2:	b29b      	uxth	r3, r3
100086a4:	004a      	lsls	r2, r1, #1
100086a6:	189b      	adds	r3, r3, r2
100086a8:	b29b      	uxth	r3, r3
100086aa:	e7f3      	b.n	10008694 <tu_fifo_count+0x12>

100086ac <tu_fifo_empty>:
100086ac:	8903      	ldrh	r3, [r0, #8]
100086ae:	8940      	ldrh	r0, [r0, #10]
100086b0:	1a18      	subs	r0, r3, r0
100086b2:	4243      	negs	r3, r0
100086b4:	4158      	adcs	r0, r3
100086b6:	b2c0      	uxtb	r0, r0
100086b8:	4770      	bx	lr

100086ba <tu_fifo_full>:
100086ba:	8881      	ldrh	r1, [r0, #4]
100086bc:	8903      	ldrh	r3, [r0, #8]
100086be:	b29b      	uxth	r3, r3
100086c0:	8942      	ldrh	r2, [r0, #10]
100086c2:	b292      	uxth	r2, r2
100086c4:	4293      	cmp	r3, r2
100086c6:	d306      	bcc.n	100086d6 <tu_fifo_full+0x1c>
100086c8:	1a9b      	subs	r3, r3, r2
100086ca:	b29b      	uxth	r3, r3
100086cc:	2000      	movs	r0, #0
100086ce:	428b      	cmp	r3, r1
100086d0:	4140      	adcs	r0, r0
100086d2:	b2c0      	uxtb	r0, r0
100086d4:	4770      	bx	lr
100086d6:	1a9b      	subs	r3, r3, r2
100086d8:	b29b      	uxth	r3, r3
100086da:	004a      	lsls	r2, r1, #1
100086dc:	189b      	adds	r3, r3, r2
100086de:	b29b      	uxth	r3, r3
100086e0:	e7f4      	b.n	100086cc <tu_fifo_full+0x12>

100086e2 <tu_fifo_remaining>:
100086e2:	8882      	ldrh	r2, [r0, #4]
100086e4:	8903      	ldrh	r3, [r0, #8]
100086e6:	b29b      	uxth	r3, r3
100086e8:	8941      	ldrh	r1, [r0, #10]
100086ea:	b289      	uxth	r1, r1
100086ec:	428b      	cmp	r3, r1
100086ee:	d306      	bcc.n	100086fe <tu_fifo_remaining+0x1c>
100086f0:	1a5b      	subs	r3, r3, r1
100086f2:	b29b      	uxth	r3, r3
100086f4:	429a      	cmp	r2, r3
100086f6:	d908      	bls.n	1000870a <tu_fifo_remaining+0x28>
100086f8:	1ad0      	subs	r0, r2, r3
100086fa:	b280      	uxth	r0, r0
100086fc:	4770      	bx	lr
100086fe:	1a5b      	subs	r3, r3, r1
10008700:	b29b      	uxth	r3, r3
10008702:	0051      	lsls	r1, r2, #1
10008704:	185b      	adds	r3, r3, r1
10008706:	b29b      	uxth	r3, r3
10008708:	e7f4      	b.n	100086f4 <tu_fifo_remaining+0x12>
1000870a:	2000      	movs	r0, #0
1000870c:	e7f6      	b.n	100086fc <tu_fifo_remaining+0x1a>

1000870e <tu_fifo_read>:
1000870e:	b570      	push	{r4, r5, r6, lr}
10008710:	0004      	movs	r4, r0
10008712:	000d      	movs	r5, r1
10008714:	6900      	ldr	r0, [r0, #16]
10008716:	2800      	cmp	r0, #0
10008718:	d003      	beq.n	10008722 <tu_fifo_read+0x14>
1000871a:	2101      	movs	r1, #1
1000871c:	4249      	negs	r1, r1
1000871e:	f000 fb43 	bl	10008da8 <__mutex_enter_timeout_ms_veneer>
10008722:	8922      	ldrh	r2, [r4, #8]
10008724:	b292      	uxth	r2, r2
10008726:	8963      	ldrh	r3, [r4, #10]
10008728:	b29b      	uxth	r3, r3
1000872a:	0029      	movs	r1, r5
1000872c:	0020      	movs	r0, r4
1000872e:	f7ff fe03 	bl	10008338 <_tu_fifo_peek>
10008732:	0005      	movs	r5, r0
10008734:	8961      	ldrh	r1, [r4, #10]
10008736:	b289      	uxth	r1, r1
10008738:	88a0      	ldrh	r0, [r4, #4]
1000873a:	002a      	movs	r2, r5
1000873c:	f7ff fdef 	bl	1000831e <advance_index>
10008740:	8160      	strh	r0, [r4, #10]
10008742:	6920      	ldr	r0, [r4, #16]
10008744:	2800      	cmp	r0, #0
10008746:	d001      	beq.n	1000874c <tu_fifo_read+0x3e>
10008748:	f000 fb0e 	bl	10008d68 <__mutex_exit_veneer>
1000874c:	0028      	movs	r0, r5
1000874e:	bd70      	pop	{r4, r5, r6, pc}

10008750 <tu_fifo_read_n>:
10008750:	b510      	push	{r4, lr}
10008752:	2300      	movs	r3, #0
10008754:	f7ff fe84 	bl	10008460 <_tu_fifo_read_n>
10008758:	bd10      	pop	{r4, pc}

1000875a <tu_fifo_write>:
1000875a:	b5f8      	push	{r3, r4, r5, r6, r7, lr}
1000875c:	0004      	movs	r4, r0
1000875e:	000e      	movs	r6, r1
10008760:	68c0      	ldr	r0, [r0, #12]
10008762:	2800      	cmp	r0, #0
10008764:	d003      	beq.n	1000876e <tu_fifo_write+0x14>
10008766:	2101      	movs	r1, #1
10008768:	4249      	negs	r1, r1
1000876a:	f000 fb1d 	bl	10008da8 <__mutex_enter_timeout_ms_veneer>
1000876e:	8925      	ldrh	r5, [r4, #8]
10008770:	b2ad      	uxth	r5, r5
10008772:	0020      	movs	r0, r4
10008774:	f7ff ffa1 	bl	100086ba <tu_fifo_full>
10008778:	2800      	cmp	r0, #0
1000877a:	d002      	beq.n	10008782 <tu_fifo_write+0x28>
1000877c:	79e7      	ldrb	r7, [r4, #7]
1000877e:	09ff      	lsrs	r7, r7, #7
10008780:	d016      	beq.n	100087b0 <tu_fifo_write+0x56>
10008782:	88a2      	ldrh	r2, [r4, #4]
10008784:	002b      	movs	r3, r5
10008786:	e001      	b.n	1000878c <tu_fifo_write+0x32>
10008788:	1a9b      	subs	r3, r3, r2
1000878a:	b29b      	uxth	r3, r3
1000878c:	429a      	cmp	r2, r3
1000878e:	d9fb      	bls.n	10008788 <tu_fifo_write+0x2e>
10008790:	6820      	ldr	r0, [r4, #0]
10008792:	88e2      	ldrh	r2, [r4, #6]
10008794:	0452      	lsls	r2, r2, #17
10008796:	0c52      	lsrs	r2, r2, #17
10008798:	4353      	muls	r3, r2
1000879a:	18c0      	adds	r0, r0, r3
1000879c:	0031      	movs	r1, r6
1000879e:	f7fc f87f 	bl	100048a0 <__wrap___aeabi_memcpy>
100087a2:	88a0      	ldrh	r0, [r4, #4]
100087a4:	2201      	movs	r2, #1
100087a6:	0029      	movs	r1, r5
100087a8:	f7ff fdb9 	bl	1000831e <advance_index>
100087ac:	8120      	strh	r0, [r4, #8]
100087ae:	2701      	movs	r7, #1
100087b0:	68e0      	ldr	r0, [r4, #12]
100087b2:	2800      	cmp	r0, #0
100087b4:	d001      	beq.n	100087ba <tu_fifo_write+0x60>
100087b6:	f000 fad7 	bl	10008d68 <__mutex_exit_veneer>
100087ba:	0038      	movs	r0, r7
100087bc:	bdf8      	pop	{r3, r4, r5, r6, r7, pc}

100087be <tu_fifo_write_n>:
100087be:	b510      	push	{r4, lr}
100087c0:	2300      	movs	r3, #0
100087c2:	f7ff fea8 	bl	10008516 <_tu_fifo_write_n>
100087c6:	bd10      	pop	{r4, pc}

100087c8 <tu_fifo_clear>:
100087c8:	b510      	push	{r4, lr}
100087ca:	0004      	movs	r4, r0
100087cc:	68c0      	ldr	r0, [r0, #12]
100087ce:	2800      	cmp	r0, #0
100087d0:	d003      	beq.n	100087da <tu_fifo_clear+0x12>
100087d2:	2101      	movs	r1, #1
100087d4:	4249      	negs	r1, r1
100087d6:	f000 fae7 	bl	10008da8 <__mutex_enter_timeout_ms_veneer>
100087da:	6920      	ldr	r0, [r4, #16]
100087dc:	2800      	cmp	r0, #0
100087de:	d003      	beq.n	100087e8 <tu_fifo_clear+0x20>
100087e0:	2101      	movs	r1, #1
100087e2:	4249      	negs	r1, r1
100087e4:	f000 fae0 	bl	10008da8 <__mutex_enter_timeout_ms_veneer>
100087e8:	2300      	movs	r3, #0
100087ea:	8163      	strh	r3, [r4, #10]
100087ec:	8123      	strh	r3, [r4, #8]
100087ee:	68e0      	ldr	r0, [r4, #12]
100087f0:	2800      	cmp	r0, #0
100087f2:	d001      	beq.n	100087f8 <tu_fifo_clear+0x30>
100087f4:	f000 fab8 	bl	10008d68 <__mutex_exit_veneer>
100087f8:	6920      	ldr	r0, [r4, #16]
100087fa:	2800      	cmp	r0, #0
100087fc:	d001      	beq.n	10008802 <tu_fifo_clear+0x3a>
100087fe:	f000 fab3 	bl	10008d68 <__mutex_exit_veneer>
10008802:	2001      	movs	r0, #1
10008804:	bd10      	pop	{r4, pc}

10008806 <tu_fifo_set_overwritable>:
10008806:	b570      	push	{r4, r5, r6, lr}
10008808:	0004      	movs	r4, r0
1000880a:	000d      	movs	r5, r1
1000880c:	68c0      	ldr	r0, [r0, #12]
1000880e:	2800      	cmp	r0, #0
10008810:	d003      	beq.n	1000881a <tu_fifo_set_overwritable+0x14>
10008812:	2101      	movs	r1, #1
10008814:	4249      	negs	r1, r1
10008816:	f000 fac7 	bl	10008da8 <__mutex_enter_timeout_ms_veneer>
1000881a:	6920      	ldr	r0, [r4, #16]
1000881c:	2800      	cmp	r0, #0
1000881e:	d003      	beq.n	10008828 <tu_fifo_set_overwritable+0x22>
10008820:	2101      	movs	r1, #1
10008822:	4249      	negs	r1, r1
10008824:	f000 fac0 	bl	10008da8 <__mutex_enter_timeout_ms_veneer>
10008828:	01ed      	lsls	r5, r5, #7
1000882a:	79e3      	ldrb	r3, [r4, #7]
1000882c:	217f      	movs	r1, #127	@ 0x7f
1000882e:	4019      	ands	r1, r3
10008830:	4329      	orrs	r1, r5
10008832:	71e1      	strb	r1, [r4, #7]
10008834:	68e0      	ldr	r0, [r4, #12]
10008836:	2800      	cmp	r0, #0
10008838:	d001      	beq.n	1000883e <tu_fifo_set_overwritable+0x38>
1000883a:	f000 fa95 	bl	10008d68 <__mutex_exit_veneer>
1000883e:	6920      	ldr	r0, [r4, #16]
10008840:	2800      	cmp	r0, #0
10008842:	d001      	beq.n	10008848 <tu_fifo_set_overwritable+0x42>
10008844:	f000 fa90 	bl	10008d68 <__mutex_exit_veneer>
10008848:	2001      	movs	r0, #1
1000884a:	bd70      	pop	{r4, r5, r6, pc}

1000884c <spi_unreset>:
1000884c:	4b07      	ldr	r3, [pc, #28]	@ (1000886c <spi_unreset+0x20>)
1000884e:	4298      	cmp	r0, r3
10008850:	d00a      	beq.n	10008868 <spi_unreset+0x1c>
10008852:	2311      	movs	r3, #17
10008854:	2201      	movs	r2, #1
10008856:	409a      	lsls	r2, r3
10008858:	4b05      	ldr	r3, [pc, #20]	@ (10008870 <spi_unreset+0x24>)
1000885a:	601a      	str	r2, [r3, #0]
1000885c:	4b05      	ldr	r3, [pc, #20]	@ (10008874 <spi_unreset+0x28>)
1000885e:	681b      	ldr	r3, [r3, #0]
10008860:	0011      	movs	r1, r2
10008862:	4399      	bics	r1, r3
10008864:	d1fa      	bne.n	1000885c <spi_unreset+0x10>
10008866:	4770      	bx	lr
10008868:	2310      	movs	r3, #16
1000886a:	e7f3      	b.n	10008854 <spi_unreset+0x8>
1000886c:	4003c000 	.word	0x4003c000
10008870:	4000f000 	.word	0x4000f000
10008874:	4000c008 	.word	0x4000c008

10008878 <spi_deinit>:
10008878:	4b09      	ldr	r3, [pc, #36]	@ (100088a0 <spi_deinit+0x28>)
1000887a:	18c3      	adds	r3, r0, r3
1000887c:	2202      	movs	r2, #2
1000887e:	601a      	str	r2, [r3, #0]
10008880:	4b08      	ldr	r3, [pc, #32]	@ (100088a4 <spi_deinit+0x2c>)
10008882:	18c3      	adds	r3, r0, r3
10008884:	3201      	adds	r2, #1
10008886:	601a      	str	r2, [r3, #0]
10008888:	4b07      	ldr	r3, [pc, #28]	@ (100088a8 <spi_deinit+0x30>)
1000888a:	4298      	cmp	r0, r3
1000888c:	d005      	beq.n	1000889a <spi_deinit+0x22>
1000888e:	2211      	movs	r2, #17
10008890:	2301      	movs	r3, #1
10008892:	4093      	lsls	r3, r2
10008894:	4a05      	ldr	r2, [pc, #20]	@ (100088ac <spi_deinit+0x34>)
10008896:	6013      	str	r3, [r2, #0]
10008898:	4770      	bx	lr
1000889a:	320d      	adds	r2, #13
1000889c:	e7f8      	b.n	10008890 <spi_deinit+0x18>
1000889e:	46c0      	nop			@ (mov r8, r8)
100088a0:	00003004 	.word	0x00003004
100088a4:	00003024 	.word	0x00003024
100088a8:	4003c000 	.word	0x4003c000
100088ac:	4000e000 	.word	0x4000e000

100088b0 <spi_set_baudrate>:
100088b0:	b5f8      	push	{r3, r4, r5, r6, r7, lr}
100088b2:	46de      	mov	lr, fp
100088b4:	4657      	mov	r7, sl
100088b6:	464e      	mov	r6, r9
100088b8:	4645      	mov	r5, r8
100088ba:	b5e0      	push	{r5, r6, r7, lr}
100088bc:	4681      	mov	r9, r0
100088be:	000e      	movs	r6, r1
100088c0:	2006      	movs	r0, #6
100088c2:	f7fa fd59 	bl	10003378 <clock_get_hz>
100088c6:	4680      	mov	r8, r0
100088c8:	464b      	mov	r3, r9
100088ca:	685a      	ldr	r2, [r3, #4]
100088cc:	2302      	movs	r3, #2
100088ce:	401a      	ands	r2, r3
100088d0:	4693      	mov	fp, r2
100088d2:	2204      	movs	r2, #4
100088d4:	444a      	add	r2, r9
100088d6:	4692      	mov	sl, r2
100088d8:	4a21      	ldr	r2, [pc, #132]	@ (10008960 <spi_set_baudrate+0xb0>)
100088da:	444a      	add	r2, r9
100088dc:	6013      	str	r3, [r2, #0]
100088de:	2402      	movs	r4, #2
100088e0:	e000      	b.n	100088e4 <spi_set_baudrate+0x34>
100088e2:	3402      	adds	r4, #2
100088e4:	2cfe      	cmp	r4, #254	@ 0xfe
100088e6:	d81a      	bhi.n	1000891e <spi_set_baudrate+0x6e>
100088e8:	2500      	movs	r5, #0
100088ea:	0220      	lsls	r0, r4, #8
100088ec:	0032      	movs	r2, r6
100088ee:	2300      	movs	r3, #0
100088f0:	2100      	movs	r1, #0
100088f2:	f7fb fde5 	bl	100044c0 <__wrap___aeabi_lmul>
100088f6:	2900      	cmp	r1, #0
100088f8:	d103      	bne.n	10008902 <spi_set_baudrate+0x52>
100088fa:	42a9      	cmp	r1, r5
100088fc:	d1f1      	bne.n	100088e2 <spi_set_baudrate+0x32>
100088fe:	4540      	cmp	r0, r8
10008900:	d9ef      	bls.n	100088e2 <spi_set_baudrate+0x32>
10008902:	2780      	movs	r7, #128	@ 0x80
10008904:	007f      	lsls	r7, r7, #1
10008906:	2f01      	cmp	r7, #1
10008908:	d90c      	bls.n	10008924 <spi_set_baudrate+0x74>
1000890a:	1e7d      	subs	r5, r7, #1
1000890c:	0021      	movs	r1, r4
1000890e:	4369      	muls	r1, r5
10008910:	4640      	mov	r0, r8
10008912:	f7fa ff99 	bl	10003848 <__wrap___aeabi_uidiv>
10008916:	42b0      	cmp	r0, r6
10008918:	d804      	bhi.n	10008924 <spi_set_baudrate+0x74>
1000891a:	002f      	movs	r7, r5
1000891c:	e7f3      	b.n	10008906 <spi_set_baudrate+0x56>
1000891e:	2780      	movs	r7, #128	@ 0x80
10008920:	007f      	lsls	r7, r7, #1
10008922:	e7f0      	b.n	10008906 <spi_set_baudrate+0x56>
10008924:	464b      	mov	r3, r9
10008926:	611c      	str	r4, [r3, #16]
10008928:	1e7a      	subs	r2, r7, #1
1000892a:	0212      	lsls	r2, r2, #8
1000892c:	681b      	ldr	r3, [r3, #0]
1000892e:	405a      	eors	r2, r3
10008930:	23ff      	movs	r3, #255	@ 0xff
10008932:	021b      	lsls	r3, r3, #8
10008934:	401a      	ands	r2, r3
10008936:	2380      	movs	r3, #128	@ 0x80
10008938:	015b      	lsls	r3, r3, #5
1000893a:	444b      	add	r3, r9
1000893c:	601a      	str	r2, [r3, #0]
1000893e:	2380      	movs	r3, #128	@ 0x80
10008940:	019b      	lsls	r3, r3, #6
10008942:	4453      	add	r3, sl
10008944:	465a      	mov	r2, fp
10008946:	601a      	str	r2, [r3, #0]
10008948:	0039      	movs	r1, r7
1000894a:	4361      	muls	r1, r4
1000894c:	4640      	mov	r0, r8
1000894e:	f7fa ff7b 	bl	10003848 <__wrap___aeabi_uidiv>
10008952:	bcf0      	pop	{r4, r5, r6, r7}
10008954:	46bb      	mov	fp, r7
10008956:	46b2      	mov	sl, r6
10008958:	46a9      	mov	r9, r5
1000895a:	46a0      	mov	r8, r4
1000895c:	bdf8      	pop	{r3, r4, r5, r6, r7, pc}
1000895e:	46c0      	nop			@ (mov r8, r8)
10008960:	00003004 	.word	0x00003004

10008964 <spi_init>:
10008964:	b570      	push	{r4, r5, r6, lr}
10008966:	0004      	movs	r4, r0
10008968:	000d      	movs	r5, r1
1000896a:	4b15      	ldr	r3, [pc, #84]	@ (100089c0 <spi_init+0x5c>)
1000896c:	4298      	cmp	r0, r3
1000896e:	d024      	beq.n	100089ba <spi_init+0x56>
10008970:	2211      	movs	r2, #17
10008972:	2301      	movs	r3, #1
10008974:	4093      	lsls	r3, r2
10008976:	4a13      	ldr	r2, [pc, #76]	@ (100089c4 <spi_init+0x60>)
10008978:	6013      	str	r3, [r2, #0]
1000897a:	0020      	movs	r0, r4
1000897c:	f7ff ff66 	bl	1000884c <spi_unreset>
10008980:	0029      	movs	r1, r5
10008982:	0020      	movs	r0, r4
10008984:	f7ff ff94 	bl	100088b0 <spi_set_baudrate>
10008988:	6862      	ldr	r2, [r4, #4]
1000898a:	2302      	movs	r3, #2
1000898c:	401a      	ands	r2, r3
1000898e:	490e      	ldr	r1, [pc, #56]	@ (100089c8 <spi_init+0x64>)
10008990:	1861      	adds	r1, r4, r1
10008992:	600b      	str	r3, [r1, #0]
10008994:	6825      	ldr	r5, [r4, #0]
10008996:	2107      	movs	r1, #7
10008998:	404d      	eors	r5, r1
1000899a:	31c8      	adds	r1, #200	@ 0xc8
1000899c:	4029      	ands	r1, r5
1000899e:	2580      	movs	r5, #128	@ 0x80
100089a0:	016d      	lsls	r5, r5, #5
100089a2:	1965      	adds	r5, r4, r5
100089a4:	6029      	str	r1, [r5, #0]
100089a6:	4909      	ldr	r1, [pc, #36]	@ (100089cc <spi_init+0x68>)
100089a8:	1861      	adds	r1, r4, r1
100089aa:	600a      	str	r2, [r1, #0]
100089ac:	4a08      	ldr	r2, [pc, #32]	@ (100089d0 <spi_init+0x6c>)
100089ae:	4694      	mov	ip, r2
100089b0:	4464      	add	r4, ip
100089b2:	2203      	movs	r2, #3
100089b4:	6022      	str	r2, [r4, #0]
100089b6:	600b      	str	r3, [r1, #0]
100089b8:	bd70      	pop	{r4, r5, r6, pc}
100089ba:	2210      	movs	r2, #16
100089bc:	e7d9      	b.n	10008972 <spi_init+0xe>
100089be:	46c0      	nop			@ (mov r8, r8)
100089c0:	4003c000 	.word	0x4003c000
100089c4:	4000e000 	.word	0x4000e000
100089c8:	00003004 	.word	0x00003004
100089cc:	00002004 	.word	0x00002004
100089d0:	00002024 	.word	0x00002024

100089d4 <free>:
100089d4:	b510      	push	{r4, lr}
100089d6:	4b03      	ldr	r3, [pc, #12]	@ (100089e4 <free+0x10>)
100089d8:	0001      	movs	r1, r0
100089da:	6818      	ldr	r0, [r3, #0]
100089dc:	f000 f8c6 	bl	10008b6c <_free_r>
100089e0:	bd10      	pop	{r4, pc}
100089e2:	46c0      	nop			@ (mov r8, r8)
100089e4:	20001198 	.word	0x20001198

100089e8 <__malloc_lock>:
100089e8:	b510      	push	{r4, lr}
100089ea:	4802      	ldr	r0, [pc, #8]	@ (100089f4 <__malloc_lock+0xc>)
100089ec:	f000 f824 	bl	10008a38 <__retarget_lock_acquire_recursive>
100089f0:	bd10      	pop	{r4, pc}
100089f2:	46c0      	nop			@ (mov r8, r8)
100089f4:	20001498 	.word	0x20001498

100089f8 <__malloc_unlock>:
100089f8:	b510      	push	{r4, lr}
100089fa:	4802      	ldr	r0, [pc, #8]	@ (10008a04 <__malloc_unlock+0xc>)
100089fc:	f000 f81e 	bl	10008a3c <__retarget_lock_release_recursive>
10008a00:	bd10      	pop	{r4, pc}
10008a02:	46c0      	nop			@ (mov r8, r8)
10008a04:	20001498 	.word	0x20001498

10008a08 <_sbrk_r>:
10008a08:	2300      	movs	r3, #0
10008a0a:	b570      	push	{r4, r5, r6, lr}
10008a0c:	4c06      	ldr	r4, [pc, #24]	@ (10008a28 <_sbrk_r+0x20>)
10008a0e:	0005      	movs	r5, r0
10008a10:	0008      	movs	r0, r1
10008a12:	6023      	str	r3, [r4, #0]
10008a14:	f7fd f82c 	bl	10005a70 <_sbrk>
10008a18:	1c43      	adds	r3, r0, #1
10008a1a:	d000      	beq.n	10008a1e <_sbrk_r+0x16>
10008a1c:	bd70      	pop	{r4, r5, r6, pc}
10008a1e:	6823      	ldr	r3, [r4, #0]
10008a20:	2b00      	cmp	r3, #0
10008a22:	d0fb      	beq.n	10008a1c <_sbrk_r+0x14>
10008a24:	602b      	str	r3, [r5, #0]
10008a26:	e7f9      	b.n	10008a1c <_sbrk_r+0x14>
10008a28:	20001e74 	.word	0x20001e74

10008a2c <__errno>:
10008a2c:	4b01      	ldr	r3, [pc, #4]	@ (10008a34 <__errno+0x8>)
10008a2e:	6818      	ldr	r0, [r3, #0]
10008a30:	4770      	bx	lr
10008a32:	46c0      	nop			@ (mov r8, r8)
10008a34:	20001198 	.word	0x20001198

10008a38 <__retarget_lock_acquire_recursive>:
10008a38:	4770      	bx	lr
10008a3a:	46c0      	nop			@ (mov r8, r8)

10008a3c <__retarget_lock_release_recursive>:
10008a3c:	4770      	bx	lr
10008a3e:	46c0      	nop			@ (mov r8, r8)

10008a40 <sysconf>:
10008a40:	2380      	movs	r3, #128	@ 0x80
10008a42:	b510      	push	{r4, lr}
10008a44:	015b      	lsls	r3, r3, #5
10008a46:	2808      	cmp	r0, #8
10008a48:	d101      	bne.n	10008a4e <sysconf+0xe>
10008a4a:	0018      	movs	r0, r3
10008a4c:	bd10      	pop	{r4, pc}
10008a4e:	f7ff ffed 	bl	10008a2c <__errno>
10008a52:	2316      	movs	r3, #22
10008a54:	6003      	str	r3, [r0, #0]
10008a56:	3b17      	subs	r3, #23
10008a58:	e7f7      	b.n	10008a4a <sysconf+0xa>
10008a5a:	46c0      	nop			@ (mov r8, r8)

10008a5c <strlen>:
10008a5c:	b510      	push	{r4, lr}
10008a5e:	0783      	lsls	r3, r0, #30
10008a60:	d00a      	beq.n	10008a78 <strlen+0x1c>
10008a62:	0003      	movs	r3, r0
10008a64:	2103      	movs	r1, #3
10008a66:	e002      	b.n	10008a6e <strlen+0x12>
10008a68:	3301      	adds	r3, #1
10008a6a:	420b      	tst	r3, r1
10008a6c:	d005      	beq.n	10008a7a <strlen+0x1e>
10008a6e:	781a      	ldrb	r2, [r3, #0]
10008a70:	2a00      	cmp	r2, #0
10008a72:	d1f9      	bne.n	10008a68 <strlen+0xc>
10008a74:	1a18      	subs	r0, r3, r0
10008a76:	bd10      	pop	{r4, pc}
10008a78:	0003      	movs	r3, r0
10008a7a:	6819      	ldr	r1, [r3, #0]
10008a7c:	4a0c      	ldr	r2, [pc, #48]	@ (10008ab0 <strlen+0x54>)
10008a7e:	4c0d      	ldr	r4, [pc, #52]	@ (10008ab4 <strlen+0x58>)
10008a80:	188a      	adds	r2, r1, r2
10008a82:	438a      	bics	r2, r1
10008a84:	4222      	tst	r2, r4
10008a86:	d10f      	bne.n	10008aa8 <strlen+0x4c>
10008a88:	6859      	ldr	r1, [r3, #4]
10008a8a:	4a09      	ldr	r2, [pc, #36]	@ (10008ab0 <strlen+0x54>)
10008a8c:	3304      	adds	r3, #4
10008a8e:	188a      	adds	r2, r1, r2
10008a90:	438a      	bics	r2, r1
10008a92:	4222      	tst	r2, r4
10008a94:	d108      	bne.n	10008aa8 <strlen+0x4c>
10008a96:	6859      	ldr	r1, [r3, #4]
10008a98:	4a05      	ldr	r2, [pc, #20]	@ (10008ab0 <strlen+0x54>)
10008a9a:	3304      	adds	r3, #4
10008a9c:	188a      	adds	r2, r1, r2
10008a9e:	438a      	bics	r2, r1
10008aa0:	4222      	tst	r2, r4
10008aa2:	d0f1      	beq.n	10008a88 <strlen+0x2c>
10008aa4:	e000      	b.n	10008aa8 <strlen+0x4c>
10008aa6:	3301      	adds	r3, #1
10008aa8:	781a      	ldrb	r2, [r3, #0]
10008aaa:	2a00      	cmp	r2, #0
10008aac:	d1fb      	bne.n	10008aa6 <strlen+0x4a>
10008aae:	e7e1      	b.n	10008a74 <strlen+0x18>
10008ab0:	fefefeff 	.word	0xfefefeff
10008ab4:	80808080 	.word	0x80808080

10008ab8 <_malloc_trim_r>:
10008ab8:	b5f0      	push	{r4, r5, r6, r7, lr}
10008aba:	46c6      	mov	lr, r8
10008abc:	0006      	movs	r6, r0
10008abe:	b500      	push	{lr}
10008ac0:	2008      	movs	r0, #8
10008ac2:	000d      	movs	r5, r1
10008ac4:	f7ff ffbc 	bl	10008a40 <sysconf>
10008ac8:	0004      	movs	r4, r0
10008aca:	0030      	movs	r0, r6
10008acc:	f7ff ff8c 	bl	100089e8 <__malloc_lock>
10008ad0:	4b23      	ldr	r3, [pc, #140]	@ (10008b60 <_malloc_trim_r+0xa8>)
10008ad2:	0021      	movs	r1, r4
10008ad4:	4698      	mov	r8, r3
10008ad6:	689b      	ldr	r3, [r3, #8]
10008ad8:	685f      	ldr	r7, [r3, #4]
10008ada:	2303      	movs	r3, #3
10008adc:	439f      	bics	r7, r3
10008ade:	0038      	movs	r0, r7
10008ae0:	3811      	subs	r0, #17
10008ae2:	1b40      	subs	r0, r0, r5
10008ae4:	1900      	adds	r0, r0, r4
10008ae6:	f7fa feaf 	bl	10003848 <__wrap___aeabi_uidiv>
10008aea:	1e45      	subs	r5, r0, #1
10008aec:	4365      	muls	r5, r4
10008aee:	42ac      	cmp	r4, r5
10008af0:	dc08      	bgt.n	10008b04 <_malloc_trim_r+0x4c>
10008af2:	2100      	movs	r1, #0
10008af4:	0030      	movs	r0, r6
10008af6:	f7ff ff87 	bl	10008a08 <_sbrk_r>
10008afa:	4643      	mov	r3, r8
10008afc:	689b      	ldr	r3, [r3, #8]
10008afe:	19db      	adds	r3, r3, r7
10008b00:	4298      	cmp	r0, r3
10008b02:	d006      	beq.n	10008b12 <_malloc_trim_r+0x5a>
10008b04:	0030      	movs	r0, r6
10008b06:	f7ff ff77 	bl	100089f8 <__malloc_unlock>
10008b0a:	2000      	movs	r0, #0
10008b0c:	bc80      	pop	{r7}
10008b0e:	46b8      	mov	r8, r7
10008b10:	bdf0      	pop	{r4, r5, r6, r7, pc}
10008b12:	0030      	movs	r0, r6
10008b14:	4269      	negs	r1, r5
10008b16:	f7ff ff77 	bl	10008a08 <_sbrk_r>
10008b1a:	3001      	adds	r0, #1
10008b1c:	d00e      	beq.n	10008b3c <_malloc_trim_r+0x84>
10008b1e:	2201      	movs	r2, #1
10008b20:	4643      	mov	r3, r8
10008b22:	1b7f      	subs	r7, r7, r5
10008b24:	689b      	ldr	r3, [r3, #8]
10008b26:	4317      	orrs	r7, r2
10008b28:	4a0e      	ldr	r2, [pc, #56]	@ (10008b64 <_malloc_trim_r+0xac>)
10008b2a:	605f      	str	r7, [r3, #4]
10008b2c:	6813      	ldr	r3, [r2, #0]
10008b2e:	0030      	movs	r0, r6
10008b30:	1b5b      	subs	r3, r3, r5
10008b32:	6013      	str	r3, [r2, #0]
10008b34:	f7ff ff60 	bl	100089f8 <__malloc_unlock>
10008b38:	2001      	movs	r0, #1
10008b3a:	e7e7      	b.n	10008b0c <_malloc_trim_r+0x54>
10008b3c:	2100      	movs	r1, #0
10008b3e:	0030      	movs	r0, r6
10008b40:	f7ff ff62 	bl	10008a08 <_sbrk_r>
10008b44:	4643      	mov	r3, r8
10008b46:	689a      	ldr	r2, [r3, #8]
10008b48:	1a83      	subs	r3, r0, r2
10008b4a:	2b0f      	cmp	r3, #15
10008b4c:	ddda      	ble.n	10008b04 <_malloc_trim_r+0x4c>
10008b4e:	4c06      	ldr	r4, [pc, #24]	@ (10008b68 <_malloc_trim_r+0xb0>)
10008b50:	4904      	ldr	r1, [pc, #16]	@ (10008b64 <_malloc_trim_r+0xac>)
10008b52:	6824      	ldr	r4, [r4, #0]
10008b54:	1b00      	subs	r0, r0, r4
10008b56:	6008      	str	r0, [r1, #0]
10008b58:	2101      	movs	r1, #1
10008b5a:	430b      	orrs	r3, r1
10008b5c:	6053      	str	r3, [r2, #4]
10008b5e:	e7d1      	b.n	10008b04 <_malloc_trim_r+0x4c>
10008b60:	20000d90 	.word	0x20000d90
10008b64:	2000149c 	.word	0x2000149c
10008b68:	20000d88 	.word	0x20000d88

10008b6c <_free_r>:
10008b6c:	b5f8      	push	{r3, r4, r5, r6, r7, lr}
10008b6e:	46ce      	mov	lr, r9
10008b70:	4647      	mov	r7, r8
10008b72:	0005      	movs	r5, r0
10008b74:	000c      	movs	r4, r1
10008b76:	b580      	push	{r7, lr}
10008b78:	2900      	cmp	r1, #0
10008b7a:	d057      	beq.n	10008c2c <_free_r+0xc0>
10008b7c:	f7ff ff34 	bl	100089e8 <__malloc_lock>
10008b80:	2301      	movs	r3, #1
10008b82:	0021      	movs	r1, r4
10008b84:	469c      	mov	ip, r3
10008b86:	3908      	subs	r1, #8
10008b88:	6848      	ldr	r0, [r1, #4]
10008b8a:	4662      	mov	r2, ip
10008b8c:	0003      	movs	r3, r0
10008b8e:	2403      	movs	r4, #3
10008b90:	4393      	bics	r3, r2
10008b92:	18cf      	adds	r7, r1, r3
10008b94:	687a      	ldr	r2, [r7, #4]
10008b96:	4e65      	ldr	r6, [pc, #404]	@ (10008d2c <_free_r+0x1c0>)
10008b98:	43a2      	bics	r2, r4
10008b9a:	68b4      	ldr	r4, [r6, #8]
10008b9c:	42bc      	cmp	r4, r7
10008b9e:	d100      	bne.n	10008ba2 <_free_r+0x36>
10008ba0:	e070      	b.n	10008c84 <_free_r+0x118>
10008ba2:	18bc      	adds	r4, r7, r2
10008ba4:	46a1      	mov	r9, r4
10008ba6:	4664      	mov	r4, ip
10008ba8:	607a      	str	r2, [r7, #4]
10008baa:	4204      	tst	r4, r0
10008bac:	d121      	bne.n	10008bf2 <_free_r+0x86>
10008bae:	6808      	ldr	r0, [r1, #0]
10008bb0:	1a09      	subs	r1, r1, r0
10008bb2:	181b      	adds	r3, r3, r0
10008bb4:	6888      	ldr	r0, [r1, #8]
10008bb6:	4680      	mov	r8, r0
10008bb8:	4648      	mov	r0, r9
10008bba:	6840      	ldr	r0, [r0, #4]
10008bbc:	4020      	ands	r0, r4
10008bbe:	0034      	movs	r4, r6
10008bc0:	3408      	adds	r4, #8
10008bc2:	4681      	mov	r9, r0
10008bc4:	45a0      	cmp	r8, r4
10008bc6:	d051      	beq.n	10008c6c <_free_r+0x100>
10008bc8:	4640      	mov	r0, r8
10008bca:	68cc      	ldr	r4, [r1, #12]
10008bcc:	60c4      	str	r4, [r0, #12]
10008bce:	60a0      	str	r0, [r4, #8]
10008bd0:	4648      	mov	r0, r9
10008bd2:	2800      	cmp	r0, #0
10008bd4:	d111      	bne.n	10008bfa <_free_r+0x8e>
10008bd6:	189b      	adds	r3, r3, r2
10008bd8:	4855      	ldr	r0, [pc, #340]	@ (10008d30 <_free_r+0x1c4>)
10008bda:	68ba      	ldr	r2, [r7, #8]
10008bdc:	4282      	cmp	r2, r0
10008bde:	d100      	bne.n	10008be2 <_free_r+0x76>
10008be0:	e07f      	b.n	10008ce2 <_free_r+0x176>
10008be2:	68f8      	ldr	r0, [r7, #12]
10008be4:	60d0      	str	r0, [r2, #12]
10008be6:	6082      	str	r2, [r0, #8]
10008be8:	2201      	movs	r2, #1
10008bea:	431a      	orrs	r2, r3
10008bec:	604a      	str	r2, [r1, #4]
10008bee:	50cb      	str	r3, [r1, r3]
10008bf0:	e007      	b.n	10008c02 <_free_r+0x96>
10008bf2:	4648      	mov	r0, r9
10008bf4:	6840      	ldr	r0, [r0, #4]
10008bf6:	4220      	tst	r0, r4
10008bf8:	d0ed      	beq.n	10008bd6 <_free_r+0x6a>
10008bfa:	4662      	mov	r2, ip
10008bfc:	431a      	orrs	r2, r3
10008bfe:	604a      	str	r2, [r1, #4]
10008c00:	603b      	str	r3, [r7, #0]
10008c02:	2280      	movs	r2, #128	@ 0x80
10008c04:	0092      	lsls	r2, r2, #2
10008c06:	4293      	cmp	r3, r2
10008c08:	d214      	bcs.n	10008c34 <_free_r+0xc8>
10008c0a:	08da      	lsrs	r2, r3, #3
10008c0c:	0958      	lsrs	r0, r3, #5
10008c0e:	2301      	movs	r3, #1
10008c10:	4083      	lsls	r3, r0
10008c12:	6870      	ldr	r0, [r6, #4]
10008c14:	4303      	orrs	r3, r0
10008c16:	6073      	str	r3, [r6, #4]
10008c18:	00d3      	lsls	r3, r2, #3
10008c1a:	199b      	adds	r3, r3, r6
10008c1c:	689a      	ldr	r2, [r3, #8]
10008c1e:	60cb      	str	r3, [r1, #12]
10008c20:	608a      	str	r2, [r1, #8]
10008c22:	6099      	str	r1, [r3, #8]
10008c24:	60d1      	str	r1, [r2, #12]
10008c26:	0028      	movs	r0, r5
10008c28:	f7ff fee6 	bl	100089f8 <__malloc_unlock>
10008c2c:	bcc0      	pop	{r6, r7}
10008c2e:	46b9      	mov	r9, r7
10008c30:	46b0      	mov	r8, r6
10008c32:	bdf8      	pop	{r3, r4, r5, r6, r7, pc}
10008c34:	0a5c      	lsrs	r4, r3, #9
10008c36:	2c04      	cmp	r4, #4
10008c38:	d83d      	bhi.n	10008cb6 <_free_r+0x14a>
10008c3a:	099c      	lsrs	r4, r3, #6
10008c3c:	0020      	movs	r0, r4
10008c3e:	3439      	adds	r4, #57	@ 0x39
10008c40:	3038      	adds	r0, #56	@ 0x38
10008c42:	00e4      	lsls	r4, r4, #3
10008c44:	1934      	adds	r4, r6, r4
10008c46:	6822      	ldr	r2, [r4, #0]
10008c48:	3c08      	subs	r4, #8
10008c4a:	2703      	movs	r7, #3
10008c4c:	4294      	cmp	r4, r2
10008c4e:	d103      	bne.n	10008c58 <_free_r+0xec>
10008c50:	e040      	b.n	10008cd4 <_free_r+0x168>
10008c52:	6892      	ldr	r2, [r2, #8]
10008c54:	4294      	cmp	r4, r2
10008c56:	d003      	beq.n	10008c60 <_free_r+0xf4>
10008c58:	6850      	ldr	r0, [r2, #4]
10008c5a:	43b8      	bics	r0, r7
10008c5c:	4298      	cmp	r0, r3
10008c5e:	d8f8      	bhi.n	10008c52 <_free_r+0xe6>
10008c60:	68d4      	ldr	r4, [r2, #12]
10008c62:	60cc      	str	r4, [r1, #12]
10008c64:	608a      	str	r2, [r1, #8]
10008c66:	60a1      	str	r1, [r4, #8]
10008c68:	60d1      	str	r1, [r2, #12]
10008c6a:	e7dc      	b.n	10008c26 <_free_r+0xba>
10008c6c:	2800      	cmp	r0, #0
10008c6e:	d158      	bne.n	10008d22 <_free_r+0x1b6>
10008c70:	68b8      	ldr	r0, [r7, #8]
10008c72:	18d2      	adds	r2, r2, r3
10008c74:	68fb      	ldr	r3, [r7, #12]
10008c76:	60c3      	str	r3, [r0, #12]
10008c78:	6098      	str	r0, [r3, #8]
10008c7a:	4663      	mov	r3, ip
10008c7c:	4313      	orrs	r3, r2
10008c7e:	604b      	str	r3, [r1, #4]
10008c80:	508a      	str	r2, [r1, r2]
10008c82:	e7d0      	b.n	10008c26 <_free_r+0xba>
10008c84:	189a      	adds	r2, r3, r2
10008c86:	4663      	mov	r3, ip
10008c88:	4203      	tst	r3, r0
10008c8a:	d106      	bne.n	10008c9a <_free_r+0x12e>
10008c8c:	680b      	ldr	r3, [r1, #0]
10008c8e:	1ac9      	subs	r1, r1, r3
10008c90:	6888      	ldr	r0, [r1, #8]
10008c92:	18d2      	adds	r2, r2, r3
10008c94:	68cb      	ldr	r3, [r1, #12]
10008c96:	60c3      	str	r3, [r0, #12]
10008c98:	6098      	str	r0, [r3, #8]
10008c9a:	2301      	movs	r3, #1
10008c9c:	4313      	orrs	r3, r2
10008c9e:	604b      	str	r3, [r1, #4]
10008ca0:	4b24      	ldr	r3, [pc, #144]	@ (10008d34 <_free_r+0x1c8>)
10008ca2:	60b1      	str	r1, [r6, #8]
10008ca4:	681b      	ldr	r3, [r3, #0]
10008ca6:	4293      	cmp	r3, r2
10008ca8:	d8bd      	bhi.n	10008c26 <_free_r+0xba>
10008caa:	4b23      	ldr	r3, [pc, #140]	@ (10008d38 <_free_r+0x1cc>)
10008cac:	0028      	movs	r0, r5
10008cae:	6819      	ldr	r1, [r3, #0]
10008cb0:	f7ff ff02 	bl	10008ab8 <_malloc_trim_r>
10008cb4:	e7b7      	b.n	10008c26 <_free_r+0xba>
10008cb6:	2c14      	cmp	r4, #20
10008cb8:	d907      	bls.n	10008cca <_free_r+0x15e>
10008cba:	2c54      	cmp	r4, #84	@ 0x54
10008cbc:	d81a      	bhi.n	10008cf4 <_free_r+0x188>
10008cbe:	0b1c      	lsrs	r4, r3, #12
10008cc0:	0020      	movs	r0, r4
10008cc2:	346f      	adds	r4, #111	@ 0x6f
10008cc4:	306e      	adds	r0, #110	@ 0x6e
10008cc6:	00e4      	lsls	r4, r4, #3
10008cc8:	e7bc      	b.n	10008c44 <_free_r+0xd8>
10008cca:	0020      	movs	r0, r4
10008ccc:	345c      	adds	r4, #92	@ 0x5c
10008cce:	305b      	adds	r0, #91	@ 0x5b
10008cd0:	00e4      	lsls	r4, r4, #3
10008cd2:	e7b7      	b.n	10008c44 <_free_r+0xd8>
10008cd4:	2301      	movs	r3, #1
10008cd6:	1080      	asrs	r0, r0, #2
10008cd8:	4083      	lsls	r3, r0
10008cda:	6870      	ldr	r0, [r6, #4]
10008cdc:	4303      	orrs	r3, r0
10008cde:	6073      	str	r3, [r6, #4]
10008ce0:	e7bf      	b.n	10008c62 <_free_r+0xf6>
10008ce2:	60d1      	str	r1, [r2, #12]
10008ce4:	6091      	str	r1, [r2, #8]
10008ce6:	60ca      	str	r2, [r1, #12]
10008ce8:	608a      	str	r2, [r1, #8]
10008cea:	2201      	movs	r2, #1
10008cec:	431a      	orrs	r2, r3
10008cee:	604a      	str	r2, [r1, #4]
10008cf0:	50cb      	str	r3, [r1, r3]
10008cf2:	e798      	b.n	10008c26 <_free_r+0xba>
10008cf4:	22aa      	movs	r2, #170	@ 0xaa
10008cf6:	0052      	lsls	r2, r2, #1
10008cf8:	4294      	cmp	r4, r2
10008cfa:	d805      	bhi.n	10008d08 <_free_r+0x19c>
10008cfc:	0bdc      	lsrs	r4, r3, #15
10008cfe:	0020      	movs	r0, r4
10008d00:	3478      	adds	r4, #120	@ 0x78
10008d02:	3077      	adds	r0, #119	@ 0x77
10008d04:	00e4      	lsls	r4, r4, #3
10008d06:	e79d      	b.n	10008c44 <_free_r+0xd8>
10008d08:	4a0c      	ldr	r2, [pc, #48]	@ (10008d3c <_free_r+0x1d0>)
10008d0a:	4294      	cmp	r4, r2
10008d0c:	d805      	bhi.n	10008d1a <_free_r+0x1ae>
10008d0e:	0c9c      	lsrs	r4, r3, #18
10008d10:	0020      	movs	r0, r4
10008d12:	347d      	adds	r4, #125	@ 0x7d
10008d14:	307c      	adds	r0, #124	@ 0x7c
10008d16:	00e4      	lsls	r4, r4, #3
10008d18:	e794      	b.n	10008c44 <_free_r+0xd8>
10008d1a:	24fe      	movs	r4, #254	@ 0xfe
10008d1c:	207e      	movs	r0, #126	@ 0x7e
10008d1e:	00a4      	lsls	r4, r4, #2
10008d20:	e790      	b.n	10008c44 <_free_r+0xd8>
10008d22:	4662      	mov	r2, ip
10008d24:	431a      	orrs	r2, r3
10008d26:	604a      	str	r2, [r1, #4]
10008d28:	603b      	str	r3, [r7, #0]
10008d2a:	e77c      	b.n	10008c26 <_free_r+0xba>
10008d2c:	20000d90 	.word	0x20000d90
10008d30:	20000d98 	.word	0x20000d98
10008d34:	20000d8c 	.word	0x20000d8c
10008d38:	200014c4 	.word	0x200014c4
10008d3c:	00000554 	.word	0x00000554

10008d40 <_fini>:
10008d40:	b5f8      	push	{r3, r4, r5, r6, r7, lr}
10008d42:	46c0      	nop			@ (mov r8, r8)
10008d44:	0000      	movs	r0, r0
	...

10008d48 <__flash_do_cmd_veneer>:
10008d48:	b401      	push	{r0}
10008d4a:	4802      	ldr	r0, [pc, #8]	@ (10008d54 <__flash_do_cmd_veneer+0xc>)
10008d4c:	4684      	mov	ip, r0
10008d4e:	bc01      	pop	{r0}
10008d50:	4760      	bx	ip
10008d52:	bf00      	nop
10008d54:	200002b9 	.word	0x200002b9

10008d58 <__spi_read_blocking_veneer>:
10008d58:	b401      	push	{r0}
10008d5a:	4802      	ldr	r0, [pc, #8]	@ (10008d64 <__spi_read_blocking_veneer+0xc>)
10008d5c:	4684      	mov	ip, r0
10008d5e:	bc01      	pop	{r0}
10008d60:	4760      	bx	ip
10008d62:	bf00      	nop
10008d64:	20000b81 	.word	0x20000b81

10008d68 <__mutex_exit_veneer>:
10008d68:	b401      	push	{r0}
10008d6a:	4802      	ldr	r0, [pc, #8]	@ (10008d74 <__mutex_exit_veneer+0xc>)
10008d6c:	4684      	mov	ip, r0
10008d6e:	bc01      	pop	{r0}
10008d70:	4760      	bx	ip
10008d72:	bf00      	nop
10008d74:	20000209 	.word	0x20000209

10008d78 <____aeabi_ldiv0_veneer>:
10008d78:	b401      	push	{r0}
10008d7a:	4802      	ldr	r0, [pc, #8]	@ (10008d84 <____aeabi_ldiv0_veneer+0xc>)
10008d7c:	4684      	mov	ip, r0
10008d7e:	bc01      	pop	{r0}
10008d80:	4760      	bx	ip
10008d82:	bf00      	nop
10008d84:	20000bc1 	.word	0x20000bc1

10008d88 <____aeabi_idiv0_veneer>:
10008d88:	b401      	push	{r0}
10008d8a:	4802      	ldr	r0, [pc, #8]	@ (10008d94 <____aeabi_idiv0_veneer+0xc>)
10008d8c:	4684      	mov	ip, r0
10008d8e:	bc01      	pop	{r0}
10008d90:	4760      	bx	ip
10008d92:	bf00      	nop
10008d94:	20000bc1 	.word	0x20000bc1

10008d98 <__mutex_try_enter_veneer>:
10008d98:	b401      	push	{r0}
10008d9a:	4802      	ldr	r0, [pc, #8]	@ (10008da4 <__mutex_try_enter_veneer+0xc>)
10008d9c:	4684      	mov	ip, r0
10008d9e:	bc01      	pop	{r0}
10008da0:	4760      	bx	ip
10008da2:	bf00      	nop
10008da4:	200000c1 	.word	0x200000c1

10008da8 <__mutex_enter_timeout_ms_veneer>:
10008da8:	b401      	push	{r0}
10008daa:	4802      	ldr	r0, [pc, #8]	@ (10008db4 <__mutex_enter_timeout_ms_veneer+0xc>)
10008dac:	4684      	mov	ip, r0
10008dae:	bc01      	pop	{r0}
10008db0:	4760      	bx	ip
10008db2:	bf00      	nop
10008db4:	200001cd 	.word	0x200001cd

10008db8 <__spi_write_blocking_veneer>:
10008db8:	b401      	push	{r0}
10008dba:	4802      	ldr	r0, [pc, #8]	@ (10008dc4 <__spi_write_blocking_veneer+0xc>)
10008dbc:	4684      	mov	ip, r0
10008dbe:	bc01      	pop	{r0}
10008dc0:	4760      	bx	ip
10008dc2:	bf00      	nop
10008dc4:	20000b47 	.word	0x20000b47

10008dc8 <__spi_write_read_blocking_veneer>:
10008dc8:	b401      	push	{r0}
10008dca:	4802      	ldr	r0, [pc, #8]	@ (10008dd4 <__spi_write_read_blocking_veneer+0xc>)
10008dcc:	4684      	mov	ip, r0
10008dce:	bc01      	pop	{r0}
10008dd0:	4760      	bx	ip
10008dd2:	bf00      	nop
10008dd4:	20000b05 	.word	0x20000b05

10008dd8 <__e15_is_bulkin_ep_veneer>:
10008dd8:	b401      	push	{r0}
10008dda:	4802      	ldr	r0, [pc, #8]	@ (10008de4 <__e15_is_bulkin_ep_veneer+0xc>)
10008ddc:	4684      	mov	ip, r0
10008dde:	bc01      	pop	{r0}
10008de0:	4760      	bx	ip
10008de2:	bf00      	nop
10008de4:	2000070d 	.word	0x2000070d

10008de8 <__mutex_try_enter_block_until_veneer>:
10008de8:	b401      	push	{r0}
10008dea:	4802      	ldr	r0, [pc, #8]	@ (10008df4 <__mutex_try_enter_block_until_veneer+0xc>)
10008dec:	4684      	mov	ip, r0
10008dee:	bc01      	pop	{r0}
10008df0:	4760      	bx	ip
10008df2:	bf00      	nop
10008df4:	20000199 	.word	0x20000199

10008df8 <__hw_endpoint_start_next_buffer_veneer>:
10008df8:	b401      	push	{r0}
10008dfa:	4802      	ldr	r0, [pc, #8]	@ (10008e04 <__hw_endpoint_start_next_buffer_veneer+0xc>)
10008dfc:	4684      	mov	ip, r0
10008dfe:	bc01      	pop	{r0}
10008e00:	4760      	bx	ip
10008e02:	bf00      	nop
10008e04:	20000861 	.word	0x20000861

10008e08 <__hw_endpoint_reset_transfer_veneer>:
10008e08:	b401      	push	{r0}
10008e0a:	4802      	ldr	r0, [pc, #8]	@ (10008e14 <__hw_endpoint_reset_transfer_veneer+0xc>)
10008e0c:	4684      	mov	ip, r0
10008e0e:	bc01      	pop	{r0}
10008e10:	4760      	bx	ip
10008e12:	bf00      	nop
10008e14:	20000809 	.word	0x20000809

10008e18 <__reset_non_control_endpoints_veneer>:
10008e18:	b401      	push	{r0}
10008e1a:	4802      	ldr	r0, [pc, #8]	@ (10008e24 <__reset_non_control_endpoints_veneer+0xc>)
10008e1c:	4684      	mov	ip, r0
10008e1e:	bc01      	pop	{r0}
10008e20:	4760      	bx	ip
10008e22:	bf00      	nop
10008e24:	20000391 	.word	0x20000391

10008e28 <___hw_endpoint_buffer_control_update32_veneer>:
10008e28:	b401      	push	{r0}
10008e2a:	4802      	ldr	r0, [pc, #8]	@ (10008e34 <___hw_endpoint_buffer_control_update32_veneer+0xc>)
10008e2c:	4684      	mov	ip, r0
10008e2e:	bc01      	pop	{r0}
10008e30:	4760      	bx	ip
10008e32:	bf00      	nop
10008e34:	20000815 	.word	0x20000815

10008e38 <__e15_is_critical_frame_period_veneer>:
10008e38:	b401      	push	{r0}
10008e3a:	4802      	ldr	r0, [pc, #8]	@ (10008e44 <__e15_is_critical_frame_period_veneer+0xc>)
10008e3c:	4684      	mov	ip, r0
10008e3e:	bc01      	pop	{r0}
10008e40:	4760      	bx	ip
10008e42:	bf00      	nop
10008e44:	20000739 	.word	0x20000739

10008e48 <__pre_init_runtime_init_early_resets>:
10008e48:	100035e5                                .5..

10008e4c <__pre_init_runtime_init_usb_power_down>:
10008e4c:	10003611 10003779 10004885 10003e8d     .6..y7...H...>..
10008e5c:	10004661                                aF..

10008e60 <__pre_init_runtime_init_clocks>:
10008e60:	100036ad                                .6..

10008e64 <__pre_init_runtime_init_post_clock_resets>:
10008e64:	1000362d                                -6..

10008e68 <__pre_init_runtime_init_rp2040_gpio_ie_disable>:
10008e68:	1000364d                                M6..

10008e6c <__pre_init_runtime_init_spin_locks_reset>:
10008e6c:	10003661                                a6..

10008e70 <__pre_init_runtime_init_mutex>:
10008e70:	10002a21                                !*..

10008e74 <__pre_init_runtime_init_install_ram_vector_table>:
10008e74:	10003669                                i6..

10008e78 <__pre_init_runtime_init_default_alarm_pool>:
10008e78:	100031dd                                .1..

10008e7c <__pre_init_first_per_core_initializer>:
10008e7c:	100035d1                                .5..

10008e80 <__pre_init_runtime_init_per_core_irq_priorities>:
10008e80:	10002361                                a#..

10008e84 <__frame_dummy_init_array_entry>:
10008e84:	100002b1 10001555 10006399              ....U....c..

Disassembly of section .data:

200000c0 <mutex_try_enter>:
200000c0:	b510      	push	{r4, lr}
200000c2:	0003      	movs	r3, r0
200000c4:	6804      	ldr	r4, [r0, #0]
200000c6:	f3ef 8210 	mrs	r2, PRIMASK
200000ca:	b672      	cpsid	i
200000cc:	6820      	ldr	r0, [r4, #0]
200000ce:	2800      	cmp	r0, #0
200000d0:	d0fc      	beq.n	200000cc <mutex_try_enter+0xc>
200000d2:	f3bf 8f5f 	dmb	sy
200000d6:	2004      	movs	r0, #4
200000d8:	5618      	ldrsb	r0, [r3, r0]
200000da:	2800      	cmp	r0, #0
200000dc:	db0b      	blt.n	200000f6 <mutex_try_enter+0x36>
200000de:	2900      	cmp	r1, #0
200000e0:	d010      	beq.n	20000104 <mutex_try_enter+0x44>
200000e2:	6008      	str	r0, [r1, #0]
200000e4:	2000      	movs	r0, #0
200000e6:	681b      	ldr	r3, [r3, #0]
200000e8:	f3bf 8f5f 	dmb	sy
200000ec:	2100      	movs	r1, #0
200000ee:	6019      	str	r1, [r3, #0]
200000f0:	f382 8810 	msr	PRIMASK, r2
200000f4:	bd10      	pop	{r4, pc}
200000f6:	21d0      	movs	r1, #208	@ 0xd0
200000f8:	0609      	lsls	r1, r1, #24
200000fa:	7809      	ldrb	r1, [r1, #0]
200000fc:	b249      	sxtb	r1, r1
200000fe:	7119      	strb	r1, [r3, #4]
20000100:	2001      	movs	r0, #1
20000102:	e7f0      	b.n	200000e6 <mutex_try_enter+0x26>
20000104:	2000      	movs	r0, #0
20000106:	e7ee      	b.n	200000e6 <mutex_try_enter+0x26>

20000108 <mutex_enter_block_until>:
20000108:	b5f0      	push	{r4, r5, r6, r7, lr}
2000010a:	46d6      	mov	lr, sl
2000010c:	464f      	mov	r7, r9
2000010e:	4646      	mov	r6, r8
20000110:	b5c0      	push	{r6, r7, lr}
20000112:	0005      	movs	r5, r0
20000114:	4690      	mov	r8, r2
20000116:	4699      	mov	r9, r3
20000118:	6803      	ldr	r3, [r0, #0]
2000011a:	2b00      	cmp	r3, #0
2000011c:	d020      	beq.n	20000160 <mutex_enter_block_until+0x58>
2000011e:	23d0      	movs	r3, #208	@ 0xd0
20000120:	061b      	lsls	r3, r3, #24
20000122:	781b      	ldrb	r3, [r3, #0]
20000124:	b25b      	sxtb	r3, r3
20000126:	469a      	mov	sl, r3
20000128:	682f      	ldr	r7, [r5, #0]
2000012a:	f3ef 8410 	mrs	r4, PRIMASK
2000012e:	b672      	cpsid	i
20000130:	683e      	ldr	r6, [r7, #0]
20000132:	2e00      	cmp	r6, #0
20000134:	d0fc      	beq.n	20000130 <mutex_enter_block_until+0x28>
20000136:	f3bf 8f5f 	dmb	sy
2000013a:	2304      	movs	r3, #4
2000013c:	56eb      	ldrsb	r3, [r5, r3]
2000013e:	2b00      	cmp	r3, #0
20000140:	db14      	blt.n	2000016c <mutex_enter_block_until+0x64>
20000142:	682b      	ldr	r3, [r5, #0]
20000144:	f3bf 8f5f 	dmb	sy
20000148:	2200      	movs	r2, #0
2000014a:	601a      	str	r2, [r3, #0]
2000014c:	f384 8810 	msr	PRIMASK, r4
20000150:	4640      	mov	r0, r8
20000152:	4649      	mov	r1, r9
20000154:	f000 fd88 	bl	20000c68 <__best_effort_wfe_or_timeout_veneer>
20000158:	2800      	cmp	r0, #0
2000015a:	d0e5      	beq.n	20000128 <mutex_enter_block_until+0x20>
2000015c:	2000      	movs	r0, #0
2000015e:	e00f      	b.n	20000180 <mutex_enter_block_until+0x78>
20000160:	4b0a      	ldr	r3, [pc, #40]	@ (2000018c <mutex_enter_block_until+0x84>)
20000162:	4a0b      	ldr	r2, [pc, #44]	@ (20000190 <mutex_enter_block_until+0x88>)
20000164:	480b      	ldr	r0, [pc, #44]	@ (20000194 <mutex_enter_block_until+0x8c>)
20000166:	21a6      	movs	r1, #166	@ 0xa6
20000168:	f000 fd86 	bl	20000c78 <____assert_func_veneer>
2000016c:	4653      	mov	r3, sl
2000016e:	712b      	strb	r3, [r5, #4]
20000170:	682b      	ldr	r3, [r5, #0]
20000172:	f3bf 8f5f 	dmb	sy
20000176:	2200      	movs	r2, #0
20000178:	601a      	str	r2, [r3, #0]
2000017a:	f384 8810 	msr	PRIMASK, r4
2000017e:	2001      	movs	r0, #1
20000180:	bce0      	pop	{r5, r6, r7}
20000182:	46ba      	mov	sl, r7
20000184:	46b1      	mov	r9, r6
20000186:	46a8      	mov	r8, r5
20000188:	bdf0      	pop	{r4, r5, r6, r7, pc}
2000018a:	46c0      	nop			@ (mov r8, r8)
2000018c:	10009314 	.word	0x10009314
20000190:	10009ff0 	.word	0x10009ff0
20000194:	100092cc 	.word	0x100092cc

20000198 <mutex_try_enter_block_until>:
20000198:	b570      	push	{r4, r5, r6, lr}
2000019a:	b082      	sub	sp, #8
2000019c:	0006      	movs	r6, r0
2000019e:	0015      	movs	r5, r2
200001a0:	001c      	movs	r4, r3
200001a2:	a901      	add	r1, sp, #4
200001a4:	f7ff ff8c 	bl	200000c0 <mutex_try_enter>
200001a8:	2800      	cmp	r0, #0
200001aa:	d107      	bne.n	200001bc <mutex_try_enter_block_until+0x24>
200001ac:	9b01      	ldr	r3, [sp, #4]
200001ae:	b25b      	sxtb	r3, r3
200001b0:	22d0      	movs	r2, #208	@ 0xd0
200001b2:	0612      	lsls	r2, r2, #24
200001b4:	7812      	ldrb	r2, [r2, #0]
200001b6:	b252      	sxtb	r2, r2
200001b8:	4293      	cmp	r3, r2
200001ba:	d101      	bne.n	200001c0 <mutex_try_enter_block_until+0x28>
200001bc:	b002      	add	sp, #8
200001be:	bd70      	pop	{r4, r5, r6, pc}
200001c0:	002a      	movs	r2, r5
200001c2:	0023      	movs	r3, r4
200001c4:	0030      	movs	r0, r6
200001c6:	f7ff ff9f 	bl	20000108 <mutex_enter_block_until>
200001ca:	e7f7      	b.n	200001bc <mutex_try_enter_block_until+0x24>

200001cc <mutex_enter_timeout_ms>:
200001cc:	b5f8      	push	{r3, r4, r5, r6, r7, lr}
200001ce:	0006      	movs	r6, r0
200001d0:	000f      	movs	r7, r1
200001d2:	f000 fd41 	bl	20000c58 <__time_us_64_veneer>
200001d6:	0004      	movs	r4, r0
200001d8:	000d      	movs	r5, r1
200001da:	22fa      	movs	r2, #250	@ 0xfa
200001dc:	0092      	lsls	r2, r2, #2
200001de:	2300      	movs	r3, #0
200001e0:	0038      	movs	r0, r7
200001e2:	2100      	movs	r1, #0
200001e4:	f000 fd10 	bl	20000c08 <____wrap___aeabi_lmul_veneer>
200001e8:	0022      	movs	r2, r4
200001ea:	002b      	movs	r3, r5
200001ec:	1812      	adds	r2, r2, r0
200001ee:	414b      	adcs	r3, r1
200001f0:	2b00      	cmp	r3, #0
200001f2:	db03      	blt.n	200001fc <mutex_enter_timeout_ms+0x30>
200001f4:	0030      	movs	r0, r6
200001f6:	f7ff ff87 	bl	20000108 <mutex_enter_block_until>
200001fa:	bdf8      	pop	{r3, r4, r5, r6, r7, pc}
200001fc:	2201      	movs	r2, #1
200001fe:	4252      	negs	r2, r2
20000200:	4b00      	ldr	r3, [pc, #0]	@ (20000204 <mutex_enter_timeout_ms+0x38>)
20000202:	e7f7      	b.n	200001f4 <mutex_enter_timeout_ms+0x28>
20000204:	7fffffff 	.word	0x7fffffff

20000208 <mutex_exit>:
20000208:	b510      	push	{r4, lr}
2000020a:	6801      	ldr	r1, [r0, #0]
2000020c:	f3ef 8310 	mrs	r3, PRIMASK
20000210:	b672      	cpsid	i
20000212:	680a      	ldr	r2, [r1, #0]
20000214:	2a00      	cmp	r2, #0
20000216:	d0fc      	beq.n	20000212 <mutex_exit+0xa>
20000218:	f3bf 8f5f 	dmb	sy
2000021c:	2204      	movs	r2, #4
2000021e:	5682      	ldrsb	r2, [r0, r2]
20000220:	2a00      	cmp	r2, #0
20000222:	db0a      	blt.n	2000023a <mutex_exit+0x32>
20000224:	22ff      	movs	r2, #255	@ 0xff
20000226:	7102      	strb	r2, [r0, #4]
20000228:	6802      	ldr	r2, [r0, #0]
2000022a:	f3bf 8f5f 	dmb	sy
2000022e:	2100      	movs	r1, #0
20000230:	6011      	str	r1, [r2, #0]
20000232:	f383 8810 	msr	PRIMASK, r3
20000236:	bf40      	sev
20000238:	bd10      	pop	{r4, pc}
2000023a:	4b03      	ldr	r3, [pc, #12]	@ (20000248 <mutex_exit+0x40>)
2000023c:	4a03      	ldr	r2, [pc, #12]	@ (2000024c <mutex_exit+0x44>)
2000023e:	4804      	ldr	r0, [pc, #16]	@ (20000250 <mutex_exit+0x48>)
20000240:	21d5      	movs	r1, #213	@ 0xd5
20000242:	f000 fd19 	bl	20000c78 <____assert_func_veneer>
20000246:	46c0      	nop			@ (mov r8, r8)
20000248:	10009328 	.word	0x10009328
2000024c:	10009fe4 	.word	0x10009fe4
20000250:	100092cc 	.word	0x100092cc

20000254 <flash_init_boot2_copyout>:
20000254:	4b09      	ldr	r3, [pc, #36]	@ (2000027c <flash_init_boot2_copyout+0x28>)
20000256:	781b      	ldrb	r3, [r3, #0]
20000258:	2b00      	cmp	r3, #0
2000025a:	d008      	beq.n	2000026e <flash_init_boot2_copyout+0x1a>
2000025c:	e00c      	b.n	20000278 <flash_init_boot2_copyout+0x24>
2000025e:	009a      	lsls	r2, r3, #2
20000260:	2180      	movs	r1, #128	@ 0x80
20000262:	0549      	lsls	r1, r1, #21
20000264:	1851      	adds	r1, r2, r1
20000266:	6808      	ldr	r0, [r1, #0]
20000268:	4905      	ldr	r1, [pc, #20]	@ (20000280 <flash_init_boot2_copyout+0x2c>)
2000026a:	5050      	str	r0, [r2, r1]
2000026c:	3301      	adds	r3, #1
2000026e:	2b3f      	cmp	r3, #63	@ 0x3f
20000270:	ddf5      	ble.n	2000025e <flash_init_boot2_copyout+0xa>
20000272:	4b02      	ldr	r3, [pc, #8]	@ (2000027c <flash_init_boot2_copyout+0x28>)
20000274:	2201      	movs	r2, #1
20000276:	701a      	strb	r2, [r3, #0]
20000278:	4770      	bx	lr
2000027a:	46c0      	nop			@ (mov r8, r8)
2000027c:	200024ee 	.word	0x200024ee
20000280:	20001d04 	.word	0x20001d04

20000284 <flash_enable_xip_via_boot2>:
20000284:	b510      	push	{r4, lr}
20000286:	4b01      	ldr	r3, [pc, #4]	@ (2000028c <flash_enable_xip_via_boot2+0x8>)
20000288:	4798      	blx	r3
2000028a:	bd10      	pop	{r4, pc}
2000028c:	20001d05 	.word	0x20001d05

20000290 <flash_cs_force>:
20000290:	2800      	cmp	r0, #0
20000292:	d00a      	beq.n	200002aa <flash_cs_force+0x1a>
20000294:	2303      	movs	r3, #3
20000296:	021b      	lsls	r3, r3, #8
20000298:	4a05      	ldr	r2, [pc, #20]	@ (200002b0 <flash_cs_force+0x20>)
2000029a:	6812      	ldr	r2, [r2, #0]
2000029c:	4053      	eors	r3, r2
2000029e:	22c0      	movs	r2, #192	@ 0xc0
200002a0:	0092      	lsls	r2, r2, #2
200002a2:	4013      	ands	r3, r2
200002a4:	4a03      	ldr	r2, [pc, #12]	@ (200002b4 <flash_cs_force+0x24>)
200002a6:	6013      	str	r3, [r2, #0]
200002a8:	4770      	bx	lr
200002aa:	2302      	movs	r3, #2
200002ac:	e7f3      	b.n	20000296 <flash_cs_force+0x6>
200002ae:	46c0      	nop			@ (mov r8, r8)
200002b0:	4001800c 	.word	0x4001800c
200002b4:	4001900c 	.word	0x4001900c

200002b8 <flash_do_cmd>:
200002b8:	b5f0      	push	{r4, r5, r6, r7, lr}
200002ba:	46d6      	mov	lr, sl
200002bc:	464f      	mov	r7, r9
200002be:	4646      	mov	r6, r8
200002c0:	b5c0      	push	{r6, r7, lr}
200002c2:	0007      	movs	r7, r0
200002c4:	000e      	movs	r6, r1
200002c6:	0015      	movs	r5, r2
200002c8:	2318      	movs	r3, #24
200002ca:	469a      	mov	sl, r3
200002cc:	881b      	ldrh	r3, [r3, #0]
200002ce:	2214      	movs	r2, #20
200002d0:	4690      	mov	r8, r2
200002d2:	8810      	ldrh	r0, [r2, #0]
200002d4:	4928      	ldr	r1, [pc, #160]	@ (20000378 <flash_do_cmd+0xc0>)
200002d6:	4798      	blx	r3
200002d8:	4681      	mov	r9, r0
200002da:	4653      	mov	r3, sl
200002dc:	881b      	ldrh	r3, [r3, #0]
200002de:	4642      	mov	r2, r8
200002e0:	8810      	ldrh	r0, [r2, #0]
200002e2:	4926      	ldr	r1, [pc, #152]	@ (2000037c <flash_do_cmd+0xc4>)
200002e4:	4798      	blx	r3
200002e6:	0004      	movs	r4, r0
200002e8:	4653      	mov	r3, sl
200002ea:	881b      	ldrh	r3, [r3, #0]
200002ec:	4642      	mov	r2, r8
200002ee:	8810      	ldrh	r0, [r2, #0]
200002f0:	4923      	ldr	r1, [pc, #140]	@ (20000380 <flash_do_cmd+0xc8>)
200002f2:	4798      	blx	r3
200002f4:	4680      	mov	r8, r0
200002f6:	464b      	mov	r3, r9
200002f8:	2b00      	cmp	r3, #0
200002fa:	d00c      	beq.n	20000316 <flash_do_cmd+0x5e>
200002fc:	2c00      	cmp	r4, #0
200002fe:	d00a      	beq.n	20000316 <flash_do_cmd+0x5e>
20000300:	2800      	cmp	r0, #0
20000302:	d008      	beq.n	20000316 <flash_do_cmd+0x5e>
20000304:	f7ff ffa6 	bl	20000254 <flash_init_boot2_copyout>
20000308:	47c8      	blx	r9
2000030a:	47a0      	blx	r4
2000030c:	2000      	movs	r0, #0
2000030e:	f7ff ffbf 	bl	20000290 <flash_cs_force>
20000312:	002a      	movs	r2, r5
20000314:	e00f      	b.n	20000336 <flash_do_cmd+0x7e>
20000316:	4b1b      	ldr	r3, [pc, #108]	@ (20000384 <flash_do_cmd+0xcc>)
20000318:	4a1b      	ldr	r2, [pc, #108]	@ (20000388 <flash_do_cmd+0xd0>)
2000031a:	481c      	ldr	r0, [pc, #112]	@ (2000038c <flash_do_cmd+0xd4>)
2000031c:	2199      	movs	r1, #153	@ 0x99
2000031e:	f000 fcab 	bl	20000c78 <____assert_func_veneer>
20000322:	2b00      	cmp	r3, #0
20000324:	d007      	beq.n	20000336 <flash_do_cmd+0x7e>
20000326:	2a00      	cmp	r2, #0
20000328:	d005      	beq.n	20000336 <flash_do_cmd+0x7e>
2000032a:	23c0      	movs	r3, #192	@ 0xc0
2000032c:	055b      	lsls	r3, r3, #21
2000032e:	6e1b      	ldr	r3, [r3, #96]	@ 0x60
20000330:	7033      	strb	r3, [r6, #0]
20000332:	3a01      	subs	r2, #1
20000334:	3601      	adds	r6, #1
20000336:	002b      	movs	r3, r5
20000338:	4313      	orrs	r3, r2
2000033a:	d012      	beq.n	20000362 <flash_do_cmd+0xaa>
2000033c:	23c0      	movs	r3, #192	@ 0xc0
2000033e:	055b      	lsls	r3, r3, #21
20000340:	6a9c      	ldr	r4, [r3, #40]	@ 0x28
20000342:	2308      	movs	r3, #8
20000344:	4023      	ands	r3, r4
20000346:	07a4      	lsls	r4, r4, #30
20000348:	d5eb      	bpl.n	20000322 <flash_do_cmd+0x6a>
2000034a:	2d00      	cmp	r5, #0
2000034c:	d0e9      	beq.n	20000322 <flash_do_cmd+0x6a>
2000034e:	1b51      	subs	r1, r2, r5
20000350:	290d      	cmp	r1, #13
20000352:	d8e6      	bhi.n	20000322 <flash_do_cmd+0x6a>
20000354:	7838      	ldrb	r0, [r7, #0]
20000356:	21c0      	movs	r1, #192	@ 0xc0
20000358:	0549      	lsls	r1, r1, #21
2000035a:	6608      	str	r0, [r1, #96]	@ 0x60
2000035c:	3d01      	subs	r5, #1
2000035e:	3701      	adds	r7, #1
20000360:	e7df      	b.n	20000322 <flash_do_cmd+0x6a>
20000362:	2001      	movs	r0, #1
20000364:	f7ff ff94 	bl	20000290 <flash_cs_force>
20000368:	47c0      	blx	r8
2000036a:	f7ff ff8b 	bl	20000284 <flash_enable_xip_via_boot2>
2000036e:	bce0      	pop	{r5, r6, r7}
20000370:	46ba      	mov	sl, r7
20000372:	46b1      	mov	r9, r6
20000374:	46a8      	mov	r8, r5
20000376:	bdf0      	pop	{r4, r5, r6, r7, pc}
20000378:	00004649 	.word	0x00004649
2000037c:	00005845 	.word	0x00005845
20000380:	00004346 	.word	0x00004346
20000384:	10009968 	.word	0x10009968
20000388:	1000a46c 	.word	0x1000a46c
2000038c:	10009848 	.word	0x10009848

20000390 <reset_non_control_endpoints>:
20000390:	b510      	push	{r4, lr}
20000392:	2300      	movs	r3, #0
20000394:	e008      	b.n	200003a8 <reset_non_control_endpoints+0x18>
20000396:	3301      	adds	r3, #1
20000398:	00da      	lsls	r2, r3, #3
2000039a:	2100      	movs	r1, #0
2000039c:	4808      	ldr	r0, [pc, #32]	@ (200003c0 <reset_non_control_endpoints+0x30>)
2000039e:	5011      	str	r1, [r2, r0]
200003a0:	4684      	mov	ip, r0
200003a2:	4462      	add	r2, ip
200003a4:	6051      	str	r1, [r2, #4]
200003a6:	b2db      	uxtb	r3, r3
200003a8:	2b0e      	cmp	r3, #14
200003aa:	d9f4      	bls.n	20000396 <reset_non_control_endpoints+0x6>
200003ac:	4805      	ldr	r0, [pc, #20]	@ (200003c4 <reset_non_control_endpoints+0x34>)
200003ae:	22f0      	movs	r2, #240	@ 0xf0
200003b0:	0092      	lsls	r2, r2, #2
200003b2:	2100      	movs	r1, #0
200003b4:	f000 fc40 	bl	20000c38 <____wrap_memset_veneer>
200003b8:	4b03      	ldr	r3, [pc, #12]	@ (200003c8 <reset_non_control_endpoints+0x38>)
200003ba:	4a04      	ldr	r2, [pc, #16]	@ (200003cc <reset_non_control_endpoints+0x3c>)
200003bc:	601a      	str	r2, [r3, #0]
200003be:	bd10      	pop	{r4, pc}
200003c0:	50100000 	.word	0x50100000
200003c4:	20001ec0 	.word	0x20001ec0
200003c8:	20002284 	.word	0x20002284
200003cc:	50100180 	.word	0x50100180

200003d0 <hw_handle_buff_status>:
200003d0:	b5f0      	push	{r4, r5, r6, r7, lr}
200003d2:	46ce      	mov	lr, r9
200003d4:	4647      	mov	r7, r8
200003d6:	b580      	push	{r7, lr}
200003d8:	b085      	sub	sp, #20
200003da:	4b23      	ldr	r3, [pc, #140]	@ (20000468 <hw_handle_buff_status+0x98>)
200003dc:	6d9f      	ldr	r7, [r3, #88]	@ 0x58
200003de:	2400      	movs	r4, #0
200003e0:	2601      	movs	r6, #1
200003e2:	e003      	b.n	200003ec <hw_handle_buff_status+0x1c>
200003e4:	43b7      	bics	r7, r6
200003e6:	0076      	lsls	r6, r6, #1
200003e8:	3401      	adds	r4, #1
200003ea:	b2e4      	uxtb	r4, r4
200003ec:	2f00      	cmp	r7, #0
200003ee:	d036      	beq.n	2000045e <hw_handle_buff_status+0x8e>
200003f0:	2c1f      	cmp	r4, #31
200003f2:	d834      	bhi.n	2000045e <hw_handle_buff_status+0x8e>
200003f4:	423e      	tst	r6, r7
200003f6:	d0f6      	beq.n	200003e6 <hw_handle_buff_status+0x16>
200003f8:	4b1c      	ldr	r3, [pc, #112]	@ (2000046c <hw_handle_buff_status+0x9c>)
200003fa:	659e      	str	r6, [r3, #88]	@ 0x58
200003fc:	0863      	lsrs	r3, r4, #1
200003fe:	4699      	mov	r9, r3
20000400:	2301      	movs	r3, #1
20000402:	4063      	eors	r3, r4
20000404:	2201      	movs	r2, #1
20000406:	401a      	ands	r2, r3
20000408:	4690      	mov	r8, r2
2000040a:	464b      	mov	r3, r9
2000040c:	005d      	lsls	r5, r3, #1
2000040e:	4445      	add	r5, r8
20000410:	016d      	lsls	r5, r5, #5
20000412:	4b17      	ldr	r3, [pc, #92]	@ (20000470 <hw_handle_buff_status+0xa0>)
20000414:	18ed      	adds	r5, r5, r3
20000416:	0028      	movs	r0, r5
20000418:	f000 fa66 	bl	200008e8 <hw_endpoint_xfer_continue>
2000041c:	2800      	cmp	r0, #0
2000041e:	d0e1      	beq.n	200003e4 <hw_handle_buff_status+0x14>
20000420:	4a13      	ldr	r2, [pc, #76]	@ (20000470 <hw_handle_buff_status+0xa0>)
20000422:	464b      	mov	r3, r9
20000424:	005b      	lsls	r3, r3, #1
20000426:	4443      	add	r3, r8
20000428:	015b      	lsls	r3, r3, #5
2000042a:	18d3      	adds	r3, r2, r3
2000042c:	789a      	ldrb	r2, [r3, #2]
2000042e:	4691      	mov	r9, r2
20000430:	8adb      	ldrh	r3, [r3, #22]
20000432:	4698      	mov	r8, r3
20000434:	220c      	movs	r2, #12
20000436:	2100      	movs	r1, #0
20000438:	a801      	add	r0, sp, #4
2000043a:	f000 fbfd 	bl	20000c38 <____wrap_memset_veneer>
2000043e:	2307      	movs	r3, #7
20000440:	466a      	mov	r2, sp
20000442:	7153      	strb	r3, [r2, #5]
20000444:	466b      	mov	r3, sp
20000446:	464a      	mov	r2, r9
20000448:	721a      	strb	r2, [r3, #8]
2000044a:	4643      	mov	r3, r8
2000044c:	9303      	str	r3, [sp, #12]
2000044e:	2101      	movs	r1, #1
20000450:	a801      	add	r0, sp, #4
20000452:	f000 fa69 	bl	20000928 <dcd_event_handler>
20000456:	0028      	movs	r0, r5
20000458:	f000 f9d6 	bl	20000808 <hw_endpoint_reset_transfer>
2000045c:	e7c2      	b.n	200003e4 <hw_handle_buff_status+0x14>
2000045e:	b005      	add	sp, #20
20000460:	bcc0      	pop	{r6, r7}
20000462:	46b9      	mov	r9, r7
20000464:	46b0      	mov	r8, r6
20000466:	bdf0      	pop	{r4, r5, r6, r7, pc}
20000468:	50110000 	.word	0x50110000
2000046c:	50113000 	.word	0x50113000
20000470:	20001e80 	.word	0x20001e80

20000474 <dcd_rp2040_irq>:
20000474:	b5f0      	push	{r4, r5, r6, r7, lr}
20000476:	46ce      	mov	lr, r9
20000478:	4647      	mov	r7, r8
2000047a:	b580      	push	{r7, lr}
2000047c:	b085      	sub	sp, #20
2000047e:	4a7f      	ldr	r2, [pc, #508]	@ (2000067c <dcd_rp2040_irq+0x208>)
20000480:	2398      	movs	r3, #152	@ 0x98
20000482:	58d5      	ldr	r5, [r2, r3]
20000484:	2380      	movs	r3, #128	@ 0x80
20000486:	029b      	lsls	r3, r3, #10
20000488:	002f      	movs	r7, r5
2000048a:	401f      	ands	r7, r3
2000048c:	421d      	tst	r5, r3
2000048e:	d049      	beq.n	20000524 <dcd_rp2040_irq+0xb0>
20000490:	4b7b      	ldr	r3, [pc, #492]	@ (20000680 <dcd_rp2040_irq+0x20c>)
20000492:	6a9a      	ldr	r2, [r3, #40]	@ 0x28
20000494:	4b7b      	ldr	r3, [pc, #492]	@ (20000684 <dcd_rp2040_irq+0x210>)
20000496:	601a      	str	r2, [r3, #0]
20000498:	2400      	movs	r4, #0
2000049a:	2100      	movs	r1, #0
2000049c:	e009      	b.n	200004b2 <dcd_rp2040_irq+0x3e>
2000049e:	4b7a      	ldr	r3, [pc, #488]	@ (20000688 <dcd_rp2040_irq+0x214>)
200004a0:	185b      	adds	r3, r3, r1
200004a2:	333c      	adds	r3, #60	@ 0x3c
200004a4:	2200      	movs	r2, #0
200004a6:	701a      	strb	r2, [r3, #0]
200004a8:	f000 f9da 	bl	20000860 <hw_endpoint_start_next_buffer>
200004ac:	0031      	movs	r1, r6
200004ae:	3401      	adds	r4, #1
200004b0:	b2e4      	uxtb	r4, r4
200004b2:	2c0f      	cmp	r4, #15
200004b4:	d818      	bhi.n	200004e8 <dcd_rp2040_irq+0x74>
200004b6:	01a6      	lsls	r6, r4, #6
200004b8:	0030      	movs	r0, r6
200004ba:	3020      	adds	r0, #32
200004bc:	4b72      	ldr	r3, [pc, #456]	@ (20000688 <dcd_rp2040_irq+0x214>)
200004be:	18c0      	adds	r0, r0, r3
200004c0:	199b      	adds	r3, r3, r6
200004c2:	333b      	adds	r3, #59	@ 0x3b
200004c4:	781b      	ldrb	r3, [r3, #0]
200004c6:	2b02      	cmp	r3, #2
200004c8:	d1f1      	bne.n	200004ae <dcd_rp2040_irq+0x3a>
200004ca:	4b6f      	ldr	r3, [pc, #444]	@ (20000688 <dcd_rp2040_irq+0x214>)
200004cc:	199b      	adds	r3, r3, r6
200004ce:	333a      	adds	r3, #58	@ 0x3a
200004d0:	781e      	ldrb	r6, [r3, #0]
200004d2:	2e00      	cmp	r6, #0
200004d4:	d0eb      	beq.n	200004ae <dcd_rp2040_irq+0x3a>
200004d6:	4b6c      	ldr	r3, [pc, #432]	@ (20000688 <dcd_rp2040_irq+0x214>)
200004d8:	01a1      	lsls	r1, r4, #6
200004da:	185b      	adds	r3, r3, r1
200004dc:	333c      	adds	r3, #60	@ 0x3c
200004de:	781b      	ldrb	r3, [r3, #0]
200004e0:	2b00      	cmp	r3, #0
200004e2:	d1dc      	bne.n	2000049e <dcd_rp2040_irq+0x2a>
200004e4:	0031      	movs	r1, r6
200004e6:	e7e2      	b.n	200004ae <dcd_rp2040_irq+0x3a>
200004e8:	2900      	cmp	r1, #0
200004ea:	d108      	bne.n	200004fe <dcd_rp2040_irq+0x8a>
200004ec:	4b67      	ldr	r3, [pc, #412]	@ (2000068c <dcd_rp2040_irq+0x218>)
200004ee:	781b      	ldrb	r3, [r3, #0]
200004f0:	2b00      	cmp	r3, #0
200004f2:	d104      	bne.n	200004fe <dcd_rp2040_irq+0x8a>
200004f4:	4a66      	ldr	r2, [pc, #408]	@ (20000690 <dcd_rp2040_irq+0x21c>)
200004f6:	3390      	adds	r3, #144	@ 0x90
200004f8:	2180      	movs	r1, #128	@ 0x80
200004fa:	0289      	lsls	r1, r1, #10
200004fc:	50d1      	str	r1, [r2, r3]
200004fe:	4b5f      	ldr	r3, [pc, #380]	@ (2000067c <dcd_rp2040_irq+0x208>)
20000500:	6c9c      	ldr	r4, [r3, #72]	@ 0x48
20000502:	0564      	lsls	r4, r4, #21
20000504:	0d64      	lsrs	r4, r4, #21
20000506:	ae01      	add	r6, sp, #4
20000508:	220c      	movs	r2, #12
2000050a:	2100      	movs	r1, #0
2000050c:	0030      	movs	r0, r6
2000050e:	f000 fb93 	bl	20000c38 <____wrap_memset_veneer>
20000512:	2303      	movs	r3, #3
20000514:	7073      	strb	r3, [r6, #1]
20000516:	9402      	str	r4, [sp, #8]
20000518:	2101      	movs	r1, #1
2000051a:	0030      	movs	r0, r6
2000051c:	f000 fa04 	bl	20000928 <dcd_event_handler>
20000520:	2780      	movs	r7, #128	@ 0x80
20000522:	02bf      	lsls	r7, r7, #10
20000524:	06eb      	lsls	r3, r5, #27
20000526:	d406      	bmi.n	20000536 <dcd_rp2040_irq+0xc2>
20000528:	03eb      	lsls	r3, r5, #15
2000052a:	d555      	bpl.n	200005d8 <dcd_rp2040_irq+0x164>
2000052c:	2380      	movs	r3, #128	@ 0x80
2000052e:	025b      	lsls	r3, r3, #9
20000530:	431f      	orrs	r7, r3
20000532:	2400      	movs	r4, #0
20000534:	e019      	b.n	2000056a <dcd_rp2040_irq+0xf6>
20000536:	2310      	movs	r3, #16
20000538:	431f      	orrs	r7, r3
2000053a:	f7ff ff49 	bl	200003d0 <hw_handle_buff_status>
2000053e:	e7f3      	b.n	20000528 <dcd_rp2040_irq+0xb4>
20000540:	2302      	movs	r3, #2
20000542:	4699      	mov	r9, r3
20000544:	e01e      	b.n	20000584 <dcd_rp2040_irq+0x110>
20000546:	4b53      	ldr	r3, [pc, #332]	@ (20000694 <dcd_rp2040_irq+0x220>)
20000548:	464a      	mov	r2, r9
2000054a:	661a      	str	r2, [r3, #96]	@ 0x60
2000054c:	4b4b      	ldr	r3, [pc, #300]	@ (2000067c <dcd_rp2040_irq+0x208>)
2000054e:	6e5b      	ldr	r3, [r3, #100]	@ 0x64
20000550:	464a      	mov	r2, r9
20000552:	4013      	ands	r3, r2
20000554:	4599      	cmp	r9, r3
20000556:	d1f9      	bne.n	2000054c <dcd_rp2040_irq+0xd8>
20000558:	e018      	b.n	2000058c <dcd_rp2040_irq+0x118>
2000055a:	4b4b      	ldr	r3, [pc, #300]	@ (20000688 <dcd_rp2040_irq+0x214>)
2000055c:	4642      	mov	r2, r8
2000055e:	0152      	lsls	r2, r2, #5
20000560:	189b      	adds	r3, r3, r2
20000562:	2201      	movs	r2, #1
20000564:	70da      	strb	r2, [r3, #3]
20000566:	3401      	adds	r4, #1
20000568:	b2e4      	uxtb	r4, r4
2000056a:	2c01      	cmp	r4, #1
2000056c:	d820      	bhi.n	200005b0 <dcd_rp2040_irq+0x13c>
2000056e:	46a0      	mov	r8, r4
20000570:	0166      	lsls	r6, r4, #5
20000572:	4b45      	ldr	r3, [pc, #276]	@ (20000688 <dcd_rp2040_irq+0x214>)
20000574:	18f6      	adds	r6, r6, r3
20000576:	7eb3      	ldrb	r3, [r6, #26]
20000578:	2b00      	cmp	r3, #0
2000057a:	d0ee      	beq.n	2000055a <dcd_rp2040_irq+0xe6>
2000057c:	2c00      	cmp	r4, #0
2000057e:	d0df      	beq.n	20000540 <dcd_rp2040_irq+0xcc>
20000580:	2301      	movs	r3, #1
20000582:	4699      	mov	r9, r3
20000584:	f000 fb50 	bl	20000c28 <__rp2040_chip_version_veneer>
20000588:	2801      	cmp	r0, #1
2000058a:	d8dc      	bhi.n	20000546 <dcd_rp2040_irq+0xd2>
2000058c:	22c0      	movs	r2, #192	@ 0xc0
2000058e:	0192      	lsls	r2, r2, #6
20000590:	2100      	movs	r1, #0
20000592:	0030      	movs	r0, r6
20000594:	f000 f93e 	bl	20000814 <_hw_endpoint_buffer_control_update32>
20000598:	0030      	movs	r0, r6
2000059a:	f000 f935 	bl	20000808 <hw_endpoint_reset_transfer>
2000059e:	f000 fb43 	bl	20000c28 <__rp2040_chip_version_veneer>
200005a2:	2801      	cmp	r0, #1
200005a4:	d9d9      	bls.n	2000055a <dcd_rp2040_irq+0xe6>
200005a6:	4b3a      	ldr	r3, [pc, #232]	@ (20000690 <dcd_rp2040_irq+0x21c>)
200005a8:	464a      	mov	r2, r9
200005aa:	665a      	str	r2, [r3, #100]	@ 0x64
200005ac:	661a      	str	r2, [r3, #96]	@ 0x60
200005ae:	e7d4      	b.n	2000055a <dcd_rp2040_irq+0xe6>
200005b0:	ac01      	add	r4, sp, #4
200005b2:	220c      	movs	r2, #12
200005b4:	2100      	movs	r1, #0
200005b6:	0020      	movs	r0, r4
200005b8:	f000 fb3e 	bl	20000c38 <____wrap_memset_veneer>
200005bc:	2306      	movs	r3, #6
200005be:	7063      	strb	r3, [r4, #1]
200005c0:	4a35      	ldr	r2, [pc, #212]	@ (20000698 <dcd_rp2040_irq+0x224>)
200005c2:	ab02      	add	r3, sp, #8
200005c4:	ca03      	ldmia	r2!, {r0, r1}
200005c6:	c303      	stmia	r3!, {r0, r1}
200005c8:	2101      	movs	r1, #1
200005ca:	0020      	movs	r0, r4
200005cc:	f000 f9ac 	bl	20000928 <dcd_event_handler>
200005d0:	4b2f      	ldr	r3, [pc, #188]	@ (20000690 <dcd_rp2040_irq+0x21c>)
200005d2:	2280      	movs	r2, #128	@ 0x80
200005d4:	0292      	lsls	r2, r2, #10
200005d6:	651a      	str	r2, [r3, #80]	@ 0x50
200005d8:	04eb      	lsls	r3, r5, #19
200005da:	d40a      	bmi.n	200005f2 <dcd_rp2040_irq+0x17e>
200005dc:	046b      	lsls	r3, r5, #17
200005de:	d421      	bmi.n	20000624 <dcd_rp2040_irq+0x1b0>
200005e0:	042b      	lsls	r3, r5, #16
200005e2:	d432      	bmi.n	2000064a <dcd_rp2040_irq+0x1d6>
200005e4:	42af      	cmp	r7, r5
200005e6:	d144      	bne.n	20000672 <dcd_rp2040_irq+0x1fe>
200005e8:	b005      	add	sp, #20
200005ea:	bcc0      	pop	{r6, r7}
200005ec:	46b9      	mov	r9, r7
200005ee:	46b0      	mov	r8, r6
200005f0:	bdf0      	pop	{r4, r5, r6, r7, pc}
200005f2:	2380      	movs	r3, #128	@ 0x80
200005f4:	015b      	lsls	r3, r3, #5
200005f6:	431f      	orrs	r7, r3
200005f8:	4b20      	ldr	r3, [pc, #128]	@ (2000067c <dcd_rp2040_irq+0x208>)
200005fa:	2200      	movs	r2, #0
200005fc:	601a      	str	r2, [r3, #0]
200005fe:	f7ff fec7 	bl	20000390 <reset_non_control_endpoints>
20000602:	ac01      	add	r4, sp, #4
20000604:	220c      	movs	r2, #12
20000606:	2100      	movs	r1, #0
20000608:	0020      	movs	r0, r4
2000060a:	f000 fb15 	bl	20000c38 <____wrap_memset_veneer>
2000060e:	2301      	movs	r3, #1
20000610:	7063      	strb	r3, [r4, #1]
20000612:	2101      	movs	r1, #1
20000614:	0020      	movs	r0, r4
20000616:	f000 f987 	bl	20000928 <dcd_event_handler>
2000061a:	4b1d      	ldr	r3, [pc, #116]	@ (20000690 <dcd_rp2040_irq+0x21c>)
2000061c:	2280      	movs	r2, #128	@ 0x80
2000061e:	0312      	lsls	r2, r2, #12
20000620:	651a      	str	r2, [r3, #80]	@ 0x50
20000622:	e7db      	b.n	200005dc <dcd_rp2040_irq+0x168>
20000624:	2380      	movs	r3, #128	@ 0x80
20000626:	01db      	lsls	r3, r3, #7
20000628:	431f      	orrs	r7, r3
2000062a:	ac01      	add	r4, sp, #4
2000062c:	220c      	movs	r2, #12
2000062e:	2100      	movs	r1, #0
20000630:	0020      	movs	r0, r4
20000632:	f000 fb01 	bl	20000c38 <____wrap_memset_veneer>
20000636:	2304      	movs	r3, #4
20000638:	7063      	strb	r3, [r4, #1]
2000063a:	2101      	movs	r1, #1
2000063c:	0020      	movs	r0, r4
2000063e:	f000 f973 	bl	20000928 <dcd_event_handler>
20000642:	4b13      	ldr	r3, [pc, #76]	@ (20000690 <dcd_rp2040_irq+0x21c>)
20000644:	2210      	movs	r2, #16
20000646:	651a      	str	r2, [r3, #80]	@ 0x50
20000648:	e7ca      	b.n	200005e0 <dcd_rp2040_irq+0x16c>
2000064a:	2380      	movs	r3, #128	@ 0x80
2000064c:	021b      	lsls	r3, r3, #8
2000064e:	431f      	orrs	r7, r3
20000650:	ac01      	add	r4, sp, #4
20000652:	220c      	movs	r2, #12
20000654:	2100      	movs	r1, #0
20000656:	0020      	movs	r0, r4
20000658:	f000 faee 	bl	20000c38 <____wrap_memset_veneer>
2000065c:	2305      	movs	r3, #5
2000065e:	7063      	strb	r3, [r4, #1]
20000660:	2101      	movs	r1, #1
20000662:	0020      	movs	r0, r4
20000664:	f000 f960 	bl	20000928 <dcd_event_handler>
20000668:	4b09      	ldr	r3, [pc, #36]	@ (20000690 <dcd_rp2040_irq+0x21c>)
2000066a:	2280      	movs	r2, #128	@ 0x80
2000066c:	0112      	lsls	r2, r2, #4
2000066e:	651a      	str	r2, [r3, #80]	@ 0x50
20000670:	e7b8      	b.n	200005e4 <dcd_rp2040_irq+0x170>
20000672:	0039      	movs	r1, r7
20000674:	4069      	eors	r1, r5
20000676:	4809      	ldr	r0, [pc, #36]	@ (2000069c <dcd_rp2040_irq+0x228>)
20000678:	f000 fae6 	bl	20000c48 <__panic_veneer>
2000067c:	50110000 	.word	0x50110000
20000680:	40054000 	.word	0x40054000
20000684:	20001e70 	.word	0x20001e70
20000688:	20001e80 	.word	0x20001e80
2000068c:	200024ec 	.word	0x200024ec
20000690:	50113000 	.word	0x50113000
20000694:	50112000 	.word	0x50112000
20000698:	50100000 	.word	0x50100000
2000069c:	10009a78 	.word	0x10009a78

200006a0 <prepare_ep_buffer>:
200006a0:	b5f8      	push	{r3, r4, r5, r6, r7, lr}
200006a2:	0004      	movs	r4, r0
200006a4:	000f      	movs	r7, r1
200006a6:	8a83      	ldrh	r3, [r0, #20]
200006a8:	8b02      	ldrh	r2, [r0, #24]
200006aa:	1c1e      	adds	r6, r3, #0
200006ac:	4293      	cmp	r3, r2
200006ae:	d900      	bls.n	200006b2 <prepare_ep_buffer+0x12>
200006b0:	1c16      	adds	r6, r2, #0
200006b2:	b2b6      	uxth	r6, r6
200006b4:	1b9b      	subs	r3, r3, r6
200006b6:	82a3      	strh	r3, [r4, #20]
200006b8:	2280      	movs	r2, #128	@ 0x80
200006ba:	00d2      	lsls	r2, r2, #3
200006bc:	4332      	orrs	r2, r6
200006be:	78e3      	ldrb	r3, [r4, #3]
200006c0:	2b00      	cmp	r3, #0
200006c2:	d013      	beq.n	200006ec <prepare_ep_buffer+0x4c>
200006c4:	2580      	movs	r5, #128	@ 0x80
200006c6:	01ad      	lsls	r5, r5, #6
200006c8:	4315      	orrs	r5, r2
200006ca:	2201      	movs	r2, #1
200006cc:	4053      	eors	r3, r2
200006ce:	70e3      	strb	r3, [r4, #3]
200006d0:	7863      	ldrb	r3, [r4, #1]
200006d2:	2b00      	cmp	r3, #0
200006d4:	d00c      	beq.n	200006f0 <prepare_ep_buffer+0x50>
200006d6:	8aa3      	ldrh	r3, [r4, #20]
200006d8:	2b00      	cmp	r3, #0
200006da:	d102      	bne.n	200006e2 <prepare_ep_buffer+0x42>
200006dc:	2380      	movs	r3, #128	@ 0x80
200006de:	01db      	lsls	r3, r3, #7
200006e0:	431d      	orrs	r5, r3
200006e2:	2f00      	cmp	r7, #0
200006e4:	d000      	beq.n	200006e8 <prepare_ep_buffer+0x48>
200006e6:	042d      	lsls	r5, r5, #16
200006e8:	0028      	movs	r0, r5
200006ea:	bdf8      	pop	{r3, r4, r5, r6, r7, pc}
200006ec:	2500      	movs	r5, #0
200006ee:	e7eb      	b.n	200006c8 <prepare_ep_buffer+0x28>
200006f0:	68e0      	ldr	r0, [r4, #12]
200006f2:	01bb      	lsls	r3, r7, #6
200006f4:	18c0      	adds	r0, r0, r3
200006f6:	6921      	ldr	r1, [r4, #16]
200006f8:	0032      	movs	r2, r6
200006fa:	f000 fa8d 	bl	20000c18 <__unaligned_memcpy_veneer>
200006fe:	6923      	ldr	r3, [r4, #16]
20000700:	199b      	adds	r3, r3, r6
20000702:	6123      	str	r3, [r4, #16]
20000704:	2380      	movs	r3, #128	@ 0x80
20000706:	021b      	lsls	r3, r3, #8
20000708:	431d      	orrs	r5, r3
2000070a:	e7e4      	b.n	200006d6 <prepare_ep_buffer+0x36>

2000070c <e15_is_bulkin_ep>:
2000070c:	4b09      	ldr	r3, [pc, #36]	@ (20000734 <e15_is_bulkin_ep+0x28>)
2000070e:	6c1b      	ldr	r3, [r3, #64]	@ 0x40
20000710:	079b      	lsls	r3, r3, #30
20000712:	d40c      	bmi.n	2000072e <e15_is_bulkin_ep+0x22>
20000714:	7883      	ldrb	r3, [r0, #2]
20000716:	09db      	lsrs	r3, r3, #7
20000718:	2b01      	cmp	r3, #1
2000071a:	d001      	beq.n	20000720 <e15_is_bulkin_ep+0x14>
2000071c:	2000      	movs	r0, #0
2000071e:	e007      	b.n	20000730 <e15_is_bulkin_ep+0x24>
20000720:	7ec3      	ldrb	r3, [r0, #27]
20000722:	2b02      	cmp	r3, #2
20000724:	d001      	beq.n	2000072a <e15_is_bulkin_ep+0x1e>
20000726:	2000      	movs	r0, #0
20000728:	e002      	b.n	20000730 <e15_is_bulkin_ep+0x24>
2000072a:	2001      	movs	r0, #1
2000072c:	e000      	b.n	20000730 <e15_is_bulkin_ep+0x24>
2000072e:	2000      	movs	r0, #0
20000730:	4770      	bx	lr
20000732:	46c0      	nop			@ (mov r8, r8)
20000734:	50110000 	.word	0x50110000

20000738 <e15_is_critical_frame_period>:
20000738:	b510      	push	{r4, lr}
2000073a:	f7ff ffe7 	bl	2000070c <e15_is_bulkin_ep>
2000073e:	2800      	cmp	r0, #0
20000740:	d009      	beq.n	20000756 <e15_is_critical_frame_period+0x1e>
20000742:	4b06      	ldr	r3, [pc, #24]	@ (2000075c <e15_is_critical_frame_period+0x24>)
20000744:	6a9b      	ldr	r3, [r3, #40]	@ 0x28
20000746:	4a06      	ldr	r2, [pc, #24]	@ (20000760 <e15_is_critical_frame_period+0x28>)
20000748:	6812      	ldr	r2, [r2, #0]
2000074a:	1a9b      	subs	r3, r3, r2
2000074c:	4a05      	ldr	r2, [pc, #20]	@ (20000764 <e15_is_critical_frame_period+0x2c>)
2000074e:	4694      	mov	ip, r2
20000750:	4463      	add	r3, ip
20000752:	2bc6      	cmp	r3, #198	@ 0xc6
20000754:	d800      	bhi.n	20000758 <e15_is_critical_frame_period+0x20>
20000756:	bd10      	pop	{r4, pc}
20000758:	2000      	movs	r0, #0
2000075a:	e7fc      	b.n	20000756 <e15_is_critical_frame_period+0x1e>
2000075c:	40054000 	.word	0x40054000
20000760:	20001e70 	.word	0x20001e70
20000764:	fffffce0 	.word	0xfffffce0

20000768 <sync_ep_buffer>:
20000768:	b570      	push	{r4, r5, r6, lr}
2000076a:	0004      	movs	r4, r0
2000076c:	6883      	ldr	r3, [r0, #8]
2000076e:	681b      	ldr	r3, [r3, #0]
20000770:	2900      	cmp	r1, #0
20000772:	d000      	beq.n	20000776 <sync_ep_buffer+0xe>
20000774:	0c1b      	lsrs	r3, r3, #16
20000776:	059d      	lsls	r5, r3, #22
20000778:	0dad      	lsrs	r5, r5, #22
2000077a:	7862      	ldrb	r2, [r4, #1]
2000077c:	2a00      	cmp	r2, #0
2000077e:	d111      	bne.n	200007a4 <sync_ep_buffer+0x3c>
20000780:	041b      	lsls	r3, r3, #16
20000782:	d409      	bmi.n	20000798 <sync_ep_buffer+0x30>
20000784:	8ae3      	ldrh	r3, [r4, #22]
20000786:	195b      	adds	r3, r3, r5
20000788:	82e3      	strh	r3, [r4, #22]
2000078a:	8b23      	ldrh	r3, [r4, #24]
2000078c:	42ab      	cmp	r3, r5
2000078e:	d901      	bls.n	20000794 <sync_ep_buffer+0x2c>
20000790:	2300      	movs	r3, #0
20000792:	82a3      	strh	r3, [r4, #20]
20000794:	0028      	movs	r0, r5
20000796:	bd70      	pop	{r4, r5, r6, pc}
20000798:	4b0d      	ldr	r3, [pc, #52]	@ (200007d0 <sync_ep_buffer+0x68>)
2000079a:	4a0e      	ldr	r2, [pc, #56]	@ (200007d4 <sync_ep_buffer+0x6c>)
2000079c:	480e      	ldr	r0, [pc, #56]	@ (200007d8 <sync_ep_buffer+0x70>)
2000079e:	21e8      	movs	r1, #232	@ 0xe8
200007a0:	f000 fa6a 	bl	20000c78 <____assert_func_veneer>
200007a4:	041b      	lsls	r3, r3, #16
200007a6:	d50d      	bpl.n	200007c4 <sync_ep_buffer+0x5c>
200007a8:	6920      	ldr	r0, [r4, #16]
200007aa:	68e3      	ldr	r3, [r4, #12]
200007ac:	0189      	lsls	r1, r1, #6
200007ae:	1859      	adds	r1, r3, r1
200007b0:	002a      	movs	r2, r5
200007b2:	f000 fa31 	bl	20000c18 <__unaligned_memcpy_veneer>
200007b6:	8ae3      	ldrh	r3, [r4, #22]
200007b8:	195b      	adds	r3, r3, r5
200007ba:	82e3      	strh	r3, [r4, #22]
200007bc:	6923      	ldr	r3, [r4, #16]
200007be:	195b      	adds	r3, r3, r5
200007c0:	6123      	str	r3, [r4, #16]
200007c2:	e7e2      	b.n	2000078a <sync_ep_buffer+0x22>
200007c4:	4b05      	ldr	r3, [pc, #20]	@ (200007dc <sync_ep_buffer+0x74>)
200007c6:	4a03      	ldr	r2, [pc, #12]	@ (200007d4 <sync_ep_buffer+0x6c>)
200007c8:	4803      	ldr	r0, [pc, #12]	@ (200007d8 <sync_ep_buffer+0x70>)
200007ca:	21ee      	movs	r1, #238	@ 0xee
200007cc:	f000 fa54 	bl	20000c78 <____assert_func_veneer>
200007d0:	10009a98 	.word	0x10009a98
200007d4:	1000a4dc 	.word	0x1000a4dc
200007d8:	10009ab8 	.word	0x10009ab8
200007dc:	10009b14 	.word	0x10009b14

200007e0 <_hw_endpoint_xfer_sync>:
200007e0:	b510      	push	{r4, lr}
200007e2:	0004      	movs	r4, r0
200007e4:	6883      	ldr	r3, [r0, #8]
200007e6:	681b      	ldr	r3, [r3, #0]
200007e8:	2100      	movs	r1, #0
200007ea:	f7ff ffbd 	bl	20000768 <sync_ep_buffer>
200007ee:	6863      	ldr	r3, [r4, #4]
200007f0:	681b      	ldr	r3, [r3, #0]
200007f2:	005b      	lsls	r3, r3, #1
200007f4:	d502      	bpl.n	200007fc <_hw_endpoint_xfer_sync+0x1c>
200007f6:	8b23      	ldrh	r3, [r4, #24]
200007f8:	4283      	cmp	r3, r0
200007fa:	d000      	beq.n	200007fe <_hw_endpoint_xfer_sync+0x1e>
200007fc:	bd10      	pop	{r4, pc}
200007fe:	2101      	movs	r1, #1
20000800:	0020      	movs	r0, r4
20000802:	f7ff ffb1 	bl	20000768 <sync_ep_buffer>
20000806:	e7f9      	b.n	200007fc <_hw_endpoint_xfer_sync+0x1c>

20000808 <hw_endpoint_reset_transfer>:
20000808:	2300      	movs	r3, #0
2000080a:	7683      	strb	r3, [r0, #26]
2000080c:	8283      	strh	r3, [r0, #20]
2000080e:	82c3      	strh	r3, [r0, #22]
20000810:	6103      	str	r3, [r0, #16]
20000812:	4770      	bx	lr

20000814 <_hw_endpoint_buffer_control_update32>:
20000814:	b510      	push	{r4, lr}
20000816:	2900      	cmp	r1, #0
20000818:	d002      	beq.n	20000820 <_hw_endpoint_buffer_control_update32+0xc>
2000081a:	6883      	ldr	r3, [r0, #8]
2000081c:	681b      	ldr	r3, [r3, #0]
2000081e:	4019      	ands	r1, r3
20000820:	2a00      	cmp	r2, #0
20000822:	d010      	beq.n	20000846 <_hw_endpoint_buffer_control_update32+0x32>
20000824:	4311      	orrs	r1, r2
20000826:	0552      	lsls	r2, r2, #21
20000828:	d50d      	bpl.n	20000846 <_hw_endpoint_buffer_control_update32+0x32>
2000082a:	6882      	ldr	r2, [r0, #8]
2000082c:	6813      	ldr	r3, [r2, #0]
2000082e:	055b      	lsls	r3, r3, #21
20000830:	d40c      	bmi.n	2000084c <_hw_endpoint_buffer_control_update32+0x38>
20000832:	4b08      	ldr	r3, [pc, #32]	@ (20000854 <_hw_endpoint_buffer_control_update32+0x40>)
20000834:	400b      	ands	r3, r1
20000836:	6013      	str	r3, [r2, #0]
20000838:	4b07      	ldr	r3, [pc, #28]	@ (20000858 <_hw_endpoint_buffer_control_update32+0x44>)
2000083a:	6c1b      	ldr	r3, [r3, #64]	@ 0x40
2000083c:	079b      	lsls	r3, r3, #30
2000083e:	d402      	bmi.n	20000846 <_hw_endpoint_buffer_control_update32+0x32>
20000840:	230c      	movs	r3, #12
20000842:	3b03      	subs	r3, #3
20000844:	d2fd      	bcs.n	20000842 <_hw_endpoint_buffer_control_update32+0x2e>
20000846:	6883      	ldr	r3, [r0, #8]
20000848:	6019      	str	r1, [r3, #0]
2000084a:	bd10      	pop	{r4, pc}
2000084c:	7881      	ldrb	r1, [r0, #2]
2000084e:	4803      	ldr	r0, [pc, #12]	@ (2000085c <_hw_endpoint_buffer_control_update32+0x48>)
20000850:	f000 f9fa 	bl	20000c48 <__panic_veneer>
20000854:	fffffbff 	.word	0xfffffbff
20000858:	50110000 	.word	0x50110000
2000085c:	10009b34 	.word	0x10009b34

20000860 <hw_endpoint_start_next_buffer>:
20000860:	b570      	push	{r4, r5, r6, lr}
20000862:	0004      	movs	r4, r0
20000864:	6843      	ldr	r3, [r0, #4]
20000866:	681e      	ldr	r6, [r3, #0]
20000868:	2100      	movs	r1, #0
2000086a:	f7ff ff19 	bl	200006a0 <prepare_ep_buffer>
2000086e:	2580      	movs	r5, #128	@ 0x80
20000870:	016d      	lsls	r5, r5, #5
20000872:	4305      	orrs	r5, r0
20000874:	4b19      	ldr	r3, [pc, #100]	@ (200008dc <hw_endpoint_start_next_buffer+0x7c>)
20000876:	6c1b      	ldr	r3, [r3, #64]	@ 0x40
20000878:	2202      	movs	r2, #2
2000087a:	0011      	movs	r1, r2
2000087c:	4019      	ands	r1, r3
2000087e:	421a      	tst	r2, r3
20000880:	d104      	bne.n	2000088c <hw_endpoint_start_next_buffer+0x2c>
20000882:	78a3      	ldrb	r3, [r4, #2]
20000884:	09db      	lsrs	r3, r3, #7
20000886:	d017      	beq.n	200008b8 <hw_endpoint_start_next_buffer+0x58>
20000888:	2900      	cmp	r1, #0
2000088a:	d017      	beq.n	200008bc <hw_endpoint_start_next_buffer+0x5c>
2000088c:	78a3      	ldrb	r3, [r4, #2]
2000088e:	065b      	lsls	r3, r3, #25
20000890:	d116      	bne.n	200008c0 <hw_endpoint_start_next_buffer+0x60>
20000892:	2300      	movs	r3, #0
20000894:	8aa2      	ldrh	r2, [r4, #20]
20000896:	2a00      	cmp	r2, #0
20000898:	d001      	beq.n	2000089e <hw_endpoint_start_next_buffer+0x3e>
2000089a:	2b00      	cmp	r3, #0
2000089c:	d012      	beq.n	200008c4 <hw_endpoint_start_next_buffer+0x64>
2000089e:	4b10      	ldr	r3, [pc, #64]	@ (200008e0 <hw_endpoint_start_next_buffer+0x80>)
200008a0:	401e      	ands	r6, r3
200008a2:	2380      	movs	r3, #128	@ 0x80
200008a4:	059b      	lsls	r3, r3, #22
200008a6:	4333      	orrs	r3, r6
200008a8:	6862      	ldr	r2, [r4, #4]
200008aa:	6013      	str	r3, [r2, #0]
200008ac:	002a      	movs	r2, r5
200008ae:	2100      	movs	r1, #0
200008b0:	0020      	movs	r0, r4
200008b2:	f7ff ffaf 	bl	20000814 <_hw_endpoint_buffer_control_update32>
200008b6:	bd70      	pop	{r4, r5, r6, pc}
200008b8:	2301      	movs	r3, #1
200008ba:	e7eb      	b.n	20000894 <hw_endpoint_start_next_buffer+0x34>
200008bc:	2300      	movs	r3, #0
200008be:	e7e9      	b.n	20000894 <hw_endpoint_start_next_buffer+0x34>
200008c0:	2301      	movs	r3, #1
200008c2:	e7e7      	b.n	20000894 <hw_endpoint_start_next_buffer+0x34>
200008c4:	2101      	movs	r1, #1
200008c6:	0020      	movs	r0, r4
200008c8:	f7ff feea 	bl	200006a0 <prepare_ep_buffer>
200008cc:	4305      	orrs	r5, r0
200008ce:	4a05      	ldr	r2, [pc, #20]	@ (200008e4 <hw_endpoint_start_next_buffer+0x84>)
200008d0:	4032      	ands	r2, r6
200008d2:	23a0      	movs	r3, #160	@ 0xa0
200008d4:	05db      	lsls	r3, r3, #23
200008d6:	4313      	orrs	r3, r2
200008d8:	e7e6      	b.n	200008a8 <hw_endpoint_start_next_buffer+0x48>
200008da:	46c0      	nop			@ (mov r8, r8)
200008dc:	50110000 	.word	0x50110000
200008e0:	afffffff 	.word	0xafffffff
200008e4:	dfffffff 	.word	0xdfffffff

200008e8 <hw_endpoint_xfer_continue>:
200008e8:	b570      	push	{r4, r5, r6, lr}
200008ea:	0004      	movs	r4, r0
200008ec:	7e85      	ldrb	r5, [r0, #26]
200008ee:	2d00      	cmp	r5, #0
200008f0:	d006      	beq.n	20000900 <hw_endpoint_xfer_continue+0x18>
200008f2:	f7ff ff75 	bl	200007e0 <_hw_endpoint_xfer_sync>
200008f6:	8aa3      	ldrh	r3, [r4, #20]
200008f8:	2b00      	cmp	r3, #0
200008fa:	d105      	bne.n	20000908 <hw_endpoint_xfer_continue+0x20>
200008fc:	0028      	movs	r0, r5
200008fe:	bd70      	pop	{r4, r5, r6, pc}
20000900:	7881      	ldrb	r1, [r0, #2]
20000902:	4808      	ldr	r0, [pc, #32]	@ (20000924 <hw_endpoint_xfer_continue+0x3c>)
20000904:	f000 f9a0 	bl	20000c48 <__panic_veneer>
20000908:	0020      	movs	r0, r4
2000090a:	f7ff ff15 	bl	20000738 <e15_is_critical_frame_period>
2000090e:	1e05      	subs	r5, r0, #0
20000910:	d003      	beq.n	2000091a <hw_endpoint_xfer_continue+0x32>
20000912:	2301      	movs	r3, #1
20000914:	7723      	strb	r3, [r4, #28]
20000916:	2500      	movs	r5, #0
20000918:	e7f0      	b.n	200008fc <hw_endpoint_xfer_continue+0x14>
2000091a:	0020      	movs	r0, r4
2000091c:	f7ff ffa0 	bl	20000860 <hw_endpoint_start_next_buffer>
20000920:	e7ec      	b.n	200008fc <hw_endpoint_xfer_continue+0x14>
20000922:	46c0      	nop			@ (mov r8, r8)
20000924:	10009b54 	.word	0x10009b54

20000928 <dcd_event_handler>:
20000928:	b570      	push	{r4, r5, r6, lr}
2000092a:	b084      	sub	sp, #16
2000092c:	0006      	movs	r6, r0
2000092e:	000d      	movs	r5, r1
20000930:	7843      	ldrb	r3, [r0, #1]
20000932:	2b06      	cmp	r3, #6
20000934:	d812      	bhi.n	2000095c <dcd_event_handler+0x34>
20000936:	009b      	lsls	r3, r3, #2
20000938:	4a69      	ldr	r2, [pc, #420]	@ (20000ae0 <dcd_event_handler+0x1b8>)
2000093a:	58d3      	ldr	r3, [r2, r3]
2000093c:	469f      	mov	pc, r3
2000093e:	4b69      	ldr	r3, [pc, #420]	@ (20000ae4 <dcd_event_handler+0x1bc>)
20000940:	781a      	ldrb	r2, [r3, #0]
20000942:	2101      	movs	r1, #1
20000944:	438a      	bics	r2, r1
20000946:	701a      	strb	r2, [r3, #0]
20000948:	781a      	ldrb	r2, [r3, #0]
2000094a:	3101      	adds	r1, #1
2000094c:	438a      	bics	r2, r1
2000094e:	701a      	strb	r2, [r3, #0]
20000950:	2200      	movs	r2, #0
20000952:	705a      	strb	r2, [r3, #1]
20000954:	781a      	ldrb	r2, [r3, #0]
20000956:	3102      	adds	r1, #2
20000958:	438a      	bics	r2, r1
2000095a:	701a      	strb	r2, [r3, #0]
2000095c:	4b62      	ldr	r3, [pc, #392]	@ (20000ae8 <dcd_event_handler+0x1c0>)
2000095e:	681c      	ldr	r4, [r3, #0]
20000960:	0020      	movs	r0, r4
20000962:	3014      	adds	r0, #20
20000964:	f000 f938 	bl	20000bd8 <__critical_section_enter_blocking_veneer>
20000968:	0031      	movs	r1, r6
2000096a:	0020      	movs	r0, r4
2000096c:	f000 f93c 	bl	20000be8 <__tu_fifo_write_veneer>
20000970:	6962      	ldr	r2, [r4, #20]
20000972:	69a3      	ldr	r3, [r4, #24]
20000974:	f3bf 8f5f 	dmb	sy
20000978:	2100      	movs	r1, #0
2000097a:	6011      	str	r1, [r2, #0]
2000097c:	f383 8810 	msr	PRIMASK, r3
20000980:	2800      	cmp	r0, #0
20000982:	d100      	bne.n	20000986 <dcd_event_handler+0x5e>
20000984:	e0a4      	b.n	20000ad0 <dcd_event_handler+0x1a8>
20000986:	7830      	ldrb	r0, [r6, #0]
20000988:	7871      	ldrb	r1, [r6, #1]
2000098a:	002a      	movs	r2, r5
2000098c:	f000 f91c 	bl	20000bc8 <__tud_event_hook_cb_veneer>
20000990:	b004      	add	sp, #16
20000992:	bd70      	pop	{r4, r5, r6, pc}
20000994:	4b53      	ldr	r3, [pc, #332]	@ (20000ae4 <dcd_event_handler+0x1bc>)
20000996:	781b      	ldrb	r3, [r3, #0]
20000998:	07db      	lsls	r3, r3, #31
2000099a:	d5f9      	bpl.n	20000990 <dcd_event_handler+0x68>
2000099c:	4a51      	ldr	r2, [pc, #324]	@ (20000ae4 <dcd_event_handler+0x1bc>)
2000099e:	7813      	ldrb	r3, [r2, #0]
200009a0:	2104      	movs	r1, #4
200009a2:	430b      	orrs	r3, r1
200009a4:	7013      	strb	r3, [r2, #0]
200009a6:	e7d9      	b.n	2000095c <dcd_event_handler+0x34>
200009a8:	4b4e      	ldr	r3, [pc, #312]	@ (20000ae4 <dcd_event_handler+0x1bc>)
200009aa:	781b      	ldrb	r3, [r3, #0]
200009ac:	07db      	lsls	r3, r3, #31
200009ae:	d5ef      	bpl.n	20000990 <dcd_event_handler+0x68>
200009b0:	4a4c      	ldr	r2, [pc, #304]	@ (20000ae4 <dcd_event_handler+0x1bc>)
200009b2:	7813      	ldrb	r3, [r2, #0]
200009b4:	2104      	movs	r1, #4
200009b6:	438b      	bics	r3, r1
200009b8:	7013      	strb	r3, [r2, #0]
200009ba:	e7cf      	b.n	2000095c <dcd_event_handler+0x34>
200009bc:	1a9b      	subs	r3, r3, r2
200009be:	015b      	lsls	r3, r3, #5
200009c0:	4a4a      	ldr	r2, [pc, #296]	@ (20000aec <dcd_event_handler+0x1c4>)
200009c2:	189b      	adds	r3, r3, r2
200009c4:	69db      	ldr	r3, [r3, #28]
200009c6:	2b00      	cmp	r3, #0
200009c8:	d002      	beq.n	200009d0 <dcd_event_handler+0xa8>
200009ca:	7830      	ldrb	r0, [r6, #0]
200009cc:	6871      	ldr	r1, [r6, #4]
200009ce:	4798      	blx	r3
200009d0:	3401      	adds	r4, #1
200009d2:	b2e4      	uxtb	r4, r4
200009d4:	4b46      	ldr	r3, [pc, #280]	@ (20000af0 <dcd_event_handler+0x1c8>)
200009d6:	781a      	ldrb	r2, [r3, #0]
200009d8:	0023      	movs	r3, r4
200009da:	1c51      	adds	r1, r2, #1
200009dc:	42a1      	cmp	r1, r4
200009de:	db0a      	blt.n	200009f6 <dcd_event_handler+0xce>
200009e0:	42a2      	cmp	r2, r4
200009e2:	d9eb      	bls.n	200009bc <dcd_event_handler+0x94>
200009e4:	4b43      	ldr	r3, [pc, #268]	@ (20000af4 <dcd_event_handler+0x1cc>)
200009e6:	681b      	ldr	r3, [r3, #0]
200009e8:	0162      	lsls	r2, r4, #5
200009ea:	189b      	adds	r3, r3, r2
200009ec:	2b00      	cmp	r3, #0
200009ee:	d1e9      	bne.n	200009c4 <dcd_event_handler+0x9c>
200009f0:	e7ee      	b.n	200009d0 <dcd_event_handler+0xa8>
200009f2:	2400      	movs	r4, #0
200009f4:	e7ee      	b.n	200009d4 <dcd_event_handler+0xac>
200009f6:	4b3b      	ldr	r3, [pc, #236]	@ (20000ae4 <dcd_event_handler+0x1bc>)
200009f8:	781b      	ldrb	r3, [r3, #0]
200009fa:	075b      	lsls	r3, r3, #29
200009fc:	d42a      	bmi.n	20000a54 <dcd_event_handler+0x12c>
200009fe:	4b39      	ldr	r3, [pc, #228]	@ (20000ae4 <dcd_event_handler+0x1bc>)
20000a00:	78db      	ldrb	r3, [r3, #3]
20000a02:	07db      	lsls	r3, r3, #31
20000a04:	d5c4      	bpl.n	20000990 <dcd_event_handler+0x68>
20000a06:	220c      	movs	r2, #12
20000a08:	2100      	movs	r1, #0
20000a0a:	a801      	add	r0, sp, #4
20000a0c:	f000 f914 	bl	20000c38 <____wrap_memset_veneer>
20000a10:	7833      	ldrb	r3, [r6, #0]
20000a12:	466a      	mov	r2, sp
20000a14:	7113      	strb	r3, [r2, #4]
20000a16:	2303      	movs	r3, #3
20000a18:	7153      	strb	r3, [r2, #5]
20000a1a:	6873      	ldr	r3, [r6, #4]
20000a1c:	9302      	str	r3, [sp, #8]
20000a1e:	4b32      	ldr	r3, [pc, #200]	@ (20000ae8 <dcd_event_handler+0x1c0>)
20000a20:	681c      	ldr	r4, [r3, #0]
20000a22:	0020      	movs	r0, r4
20000a24:	3014      	adds	r0, #20
20000a26:	f000 f8d7 	bl	20000bd8 <__critical_section_enter_blocking_veneer>
20000a2a:	a901      	add	r1, sp, #4
20000a2c:	0020      	movs	r0, r4
20000a2e:	f000 f8db 	bl	20000be8 <__tu_fifo_write_veneer>
20000a32:	6962      	ldr	r2, [r4, #20]
20000a34:	69a3      	ldr	r3, [r4, #24]
20000a36:	f3bf 8f5f 	dmb	sy
20000a3a:	2100      	movs	r1, #0
20000a3c:	6011      	str	r1, [r2, #0]
20000a3e:	f383 8810 	msr	PRIMASK, r3
20000a42:	2800      	cmp	r0, #0
20000a44:	d037      	beq.n	20000ab6 <dcd_event_handler+0x18e>
20000a46:	ab01      	add	r3, sp, #4
20000a48:	7818      	ldrb	r0, [r3, #0]
20000a4a:	7859      	ldrb	r1, [r3, #1]
20000a4c:	002a      	movs	r2, r5
20000a4e:	f000 f8bb 	bl	20000bc8 <__tud_event_hook_cb_veneer>
20000a52:	e79d      	b.n	20000990 <dcd_event_handler+0x68>
20000a54:	4a23      	ldr	r2, [pc, #140]	@ (20000ae4 <dcd_event_handler+0x1bc>)
20000a56:	7813      	ldrb	r3, [r2, #0]
20000a58:	2104      	movs	r1, #4
20000a5a:	438b      	bics	r3, r1
20000a5c:	7013      	strb	r3, [r2, #0]
20000a5e:	220c      	movs	r2, #12
20000a60:	2100      	movs	r1, #0
20000a62:	a801      	add	r0, sp, #4
20000a64:	f000 f8e8 	bl	20000c38 <____wrap_memset_veneer>
20000a68:	7833      	ldrb	r3, [r6, #0]
20000a6a:	466a      	mov	r2, sp
20000a6c:	7113      	strb	r3, [r2, #4]
20000a6e:	2305      	movs	r3, #5
20000a70:	7153      	strb	r3, [r2, #5]
20000a72:	4b1d      	ldr	r3, [pc, #116]	@ (20000ae8 <dcd_event_handler+0x1c0>)
20000a74:	681c      	ldr	r4, [r3, #0]
20000a76:	0020      	movs	r0, r4
20000a78:	3014      	adds	r0, #20
20000a7a:	f000 f8ad 	bl	20000bd8 <__critical_section_enter_blocking_veneer>
20000a7e:	a901      	add	r1, sp, #4
20000a80:	0020      	movs	r0, r4
20000a82:	f000 f8b1 	bl	20000be8 <__tu_fifo_write_veneer>
20000a86:	6962      	ldr	r2, [r4, #20]
20000a88:	69a3      	ldr	r3, [r4, #24]
20000a8a:	f3bf 8f5f 	dmb	sy
20000a8e:	2100      	movs	r1, #0
20000a90:	6011      	str	r1, [r2, #0]
20000a92:	f383 8810 	msr	PRIMASK, r3
20000a96:	2800      	cmp	r0, #0
20000a98:	d006      	beq.n	20000aa8 <dcd_event_handler+0x180>
20000a9a:	ab01      	add	r3, sp, #4
20000a9c:	7818      	ldrb	r0, [r3, #0]
20000a9e:	7859      	ldrb	r1, [r3, #1]
20000aa0:	002a      	movs	r2, r5
20000aa2:	f000 f891 	bl	20000bc8 <__tud_event_hook_cb_veneer>
20000aa6:	e7aa      	b.n	200009fe <dcd_event_handler+0xd6>
20000aa8:	22ad      	movs	r2, #173	@ 0xad
20000aaa:	4913      	ldr	r1, [pc, #76]	@ (20000af8 <dcd_event_handler+0x1d0>)
20000aac:	4813      	ldr	r0, [pc, #76]	@ (20000afc <dcd_event_handler+0x1d4>)
20000aae:	0052      	lsls	r2, r2, #1
20000ab0:	f000 f8a2 	bl	20000bf8 <____wrap_printf_veneer>
20000ab4:	e7a3      	b.n	200009fe <dcd_event_handler+0xd6>
20000ab6:	22ad      	movs	r2, #173	@ 0xad
20000ab8:	490f      	ldr	r1, [pc, #60]	@ (20000af8 <dcd_event_handler+0x1d0>)
20000aba:	4810      	ldr	r0, [pc, #64]	@ (20000afc <dcd_event_handler+0x1d4>)
20000abc:	0052      	lsls	r2, r2, #1
20000abe:	f000 f89b 	bl	20000bf8 <____wrap_printf_veneer>
20000ac2:	e765      	b.n	20000990 <dcd_event_handler+0x68>
20000ac4:	4a0e      	ldr	r2, [pc, #56]	@ (20000b00 <dcd_event_handler+0x1d8>)
20000ac6:	7813      	ldrb	r3, [r2, #0]
20000ac8:	3301      	adds	r3, #1
20000aca:	b2db      	uxtb	r3, r3
20000acc:	7013      	strb	r3, [r2, #0]
20000ace:	e745      	b.n	2000095c <dcd_event_handler+0x34>
20000ad0:	22ad      	movs	r2, #173	@ 0xad
20000ad2:	4909      	ldr	r1, [pc, #36]	@ (20000af8 <dcd_event_handler+0x1d0>)
20000ad4:	4809      	ldr	r0, [pc, #36]	@ (20000afc <dcd_event_handler+0x1d4>)
20000ad6:	0052      	lsls	r2, r2, #1
20000ad8:	f000 f88e 	bl	20000bf8 <____wrap_printf_veneer>
20000adc:	e758      	b.n	20000990 <dcd_event_handler+0x68>
20000ade:	46c0      	nop			@ (mov r8, r8)
20000ae0:	1000a52c 	.word	0x1000a52c
20000ae4:	2000192c 	.word	0x2000192c
20000ae8:	20001984 	.word	0x20001984
20000aec:	1000a648 	.word	0x1000a648
20000af0:	200024eb 	.word	0x200024eb
20000af4:	20001600 	.word	0x20001600
20000af8:	1000a5c8 	.word	0x1000a5c8
20000afc:	10009bb4 	.word	0x10009bb4
20000b00:	200024ed 	.word	0x200024ed

20000b04 <spi_write_read_blocking>:
20000b04:	b5f0      	push	{r4, r5, r6, r7, lr}
20000b06:	0007      	movs	r7, r0
20000b08:	0018      	movs	r0, r3
20000b0a:	001d      	movs	r5, r3
20000b0c:	001c      	movs	r4, r3
20000b0e:	e008      	b.n	20000b22 <spi_write_read_blocking+0x1e>
20000b10:	2c00      	cmp	r4, #0
20000b12:	d006      	beq.n	20000b22 <spi_write_read_blocking+0x1e>
20000b14:	68fe      	ldr	r6, [r7, #12]
20000b16:	0776      	lsls	r6, r6, #29
20000b18:	d503      	bpl.n	20000b22 <spi_write_read_blocking+0x1e>
20000b1a:	68bb      	ldr	r3, [r7, #8]
20000b1c:	7013      	strb	r3, [r2, #0]
20000b1e:	3c01      	subs	r4, #1
20000b20:	3201      	adds	r2, #1
20000b22:	0026      	movs	r6, r4
20000b24:	432e      	orrs	r6, r5
20000b26:	d00d      	beq.n	20000b44 <spi_write_read_blocking+0x40>
20000b28:	2d00      	cmp	r5, #0
20000b2a:	d0f1      	beq.n	20000b10 <spi_write_read_blocking+0xc>
20000b2c:	68fe      	ldr	r6, [r7, #12]
20000b2e:	07b6      	lsls	r6, r6, #30
20000b30:	d5ee      	bpl.n	20000b10 <spi_write_read_blocking+0xc>
20000b32:	002b      	movs	r3, r5
20000b34:	3308      	adds	r3, #8
20000b36:	42a3      	cmp	r3, r4
20000b38:	d9ea      	bls.n	20000b10 <spi_write_read_blocking+0xc>
20000b3a:	780b      	ldrb	r3, [r1, #0]
20000b3c:	60bb      	str	r3, [r7, #8]
20000b3e:	3d01      	subs	r5, #1
20000b40:	3101      	adds	r1, #1
20000b42:	e7e5      	b.n	20000b10 <spi_write_read_blocking+0xc>
20000b44:	bdf0      	pop	{r4, r5, r6, r7, pc}

20000b46 <spi_write_blocking>:
20000b46:	b510      	push	{r4, lr}
20000b48:	0004      	movs	r4, r0
20000b4a:	0010      	movs	r0, r2
20000b4c:	2200      	movs	r2, #0
20000b4e:	e005      	b.n	20000b5c <spi_write_blocking+0x16>
20000b50:	68e3      	ldr	r3, [r4, #12]
20000b52:	079b      	lsls	r3, r3, #30
20000b54:	d5fc      	bpl.n	20000b50 <spi_write_blocking+0xa>
20000b56:	5c8b      	ldrb	r3, [r1, r2]
20000b58:	60a3      	str	r3, [r4, #8]
20000b5a:	3201      	adds	r2, #1
20000b5c:	4282      	cmp	r2, r0
20000b5e:	d3f7      	bcc.n	20000b50 <spi_write_blocking+0xa>
20000b60:	e000      	b.n	20000b64 <spi_write_blocking+0x1e>
20000b62:	68a3      	ldr	r3, [r4, #8]
20000b64:	68e3      	ldr	r3, [r4, #12]
20000b66:	075b      	lsls	r3, r3, #29
20000b68:	d4fb      	bmi.n	20000b62 <spi_write_blocking+0x1c>
20000b6a:	68e3      	ldr	r3, [r4, #12]
20000b6c:	06db      	lsls	r3, r3, #27
20000b6e:	d4fc      	bmi.n	20000b6a <spi_write_blocking+0x24>
20000b70:	e000      	b.n	20000b74 <spi_write_blocking+0x2e>
20000b72:	68a3      	ldr	r3, [r4, #8]
20000b74:	68e3      	ldr	r3, [r4, #12]
20000b76:	075b      	lsls	r3, r3, #29
20000b78:	d4fb      	bmi.n	20000b72 <spi_write_blocking+0x2c>
20000b7a:	2301      	movs	r3, #1
20000b7c:	6223      	str	r3, [r4, #32]
20000b7e:	bd10      	pop	{r4, pc}

20000b80 <spi_read_blocking>:
20000b80:	b5f0      	push	{r4, r5, r6, r7, lr}
20000b82:	0007      	movs	r7, r0
20000b84:	0018      	movs	r0, r3
20000b86:	001d      	movs	r5, r3
20000b88:	001c      	movs	r4, r3
20000b8a:	e008      	b.n	20000b9e <spi_read_blocking+0x1e>
20000b8c:	2c00      	cmp	r4, #0
20000b8e:	d006      	beq.n	20000b9e <spi_read_blocking+0x1e>
20000b90:	68fe      	ldr	r6, [r7, #12]
20000b92:	0776      	lsls	r6, r6, #29
20000b94:	d503      	bpl.n	20000b9e <spi_read_blocking+0x1e>
20000b96:	68bb      	ldr	r3, [r7, #8]
20000b98:	7013      	strb	r3, [r2, #0]
20000b9a:	3c01      	subs	r4, #1
20000b9c:	3201      	adds	r2, #1
20000b9e:	0026      	movs	r6, r4
20000ba0:	432e      	orrs	r6, r5
20000ba2:	d00b      	beq.n	20000bbc <spi_read_blocking+0x3c>
20000ba4:	2d00      	cmp	r5, #0
20000ba6:	d0f1      	beq.n	20000b8c <spi_read_blocking+0xc>
20000ba8:	68fe      	ldr	r6, [r7, #12]
20000baa:	07b6      	lsls	r6, r6, #30
20000bac:	d5ee      	bpl.n	20000b8c <spi_read_blocking+0xc>
20000bae:	002b      	movs	r3, r5
20000bb0:	3308      	adds	r3, #8
20000bb2:	42a3      	cmp	r3, r4
20000bb4:	d9ea      	bls.n	20000b8c <spi_read_blocking+0xc>
20000bb6:	60b9      	str	r1, [r7, #8]
20000bb8:	3d01      	subs	r5, #1
20000bba:	e7e7      	b.n	20000b8c <spi_read_blocking+0xc>
20000bbc:	bdf0      	pop	{r4, r5, r6, r7, pc}
	...

20000bc0 <__aeabi_idiv0>:
20000bc0:	4770      	bx	lr
20000bc2:	46c0      	nop			@ (mov r8, r8)
20000bc4:	0000      	movs	r0, r0
	...

20000bc8 <__tud_event_hook_cb_veneer>:
20000bc8:	b401      	push	{r0}
20000bca:	4802      	ldr	r0, [pc, #8]	@ (20000bd4 <__tud_event_hook_cb_veneer+0xc>)
20000bcc:	4684      	mov	ip, r0
20000bce:	bc01      	pop	{r0}
20000bd0:	4760      	bx	ip
20000bd2:	bf00      	nop
20000bd4:	10006abd 	.word	0x10006abd

20000bd8 <__critical_section_enter_blocking_veneer>:
20000bd8:	b401      	push	{r0}
20000bda:	4802      	ldr	r0, [pc, #8]	@ (20000be4 <__critical_section_enter_blocking_veneer+0xc>)
20000bdc:	4684      	mov	ip, r0
20000bde:	bc01      	pop	{r0}
20000be0:	4760      	bx	ip
20000be2:	bf00      	nop
20000be4:	100068d1 	.word	0x100068d1

20000be8 <__tu_fifo_write_veneer>:
20000be8:	b401      	push	{r0}
20000bea:	4802      	ldr	r0, [pc, #8]	@ (20000bf4 <__tu_fifo_write_veneer+0xc>)
20000bec:	4684      	mov	ip, r0
20000bee:	bc01      	pop	{r0}
20000bf0:	4760      	bx	ip
20000bf2:	bf00      	nop
20000bf4:	1000875b 	.word	0x1000875b

20000bf8 <____wrap_printf_veneer>:
20000bf8:	b401      	push	{r0}
20000bfa:	4802      	ldr	r0, [pc, #8]	@ (20000c04 <____wrap_printf_veneer+0xc>)
20000bfc:	4684      	mov	ip, r0
20000bfe:	bc01      	pop	{r0}
20000c00:	4760      	bx	ip
20000c02:	bf00      	nop
20000c04:	10005d8d 	.word	0x10005d8d

20000c08 <____wrap___aeabi_lmul_veneer>:
20000c08:	b401      	push	{r0}
20000c0a:	4802      	ldr	r0, [pc, #8]	@ (20000c14 <____wrap___aeabi_lmul_veneer+0xc>)
20000c0c:	4684      	mov	ip, r0
20000c0e:	bc01      	pop	{r0}
20000c10:	4760      	bx	ip
20000c12:	bf00      	nop
20000c14:	100044c1 	.word	0x100044c1

20000c18 <__unaligned_memcpy_veneer>:
20000c18:	b401      	push	{r0}
20000c1a:	4802      	ldr	r0, [pc, #8]	@ (20000c24 <__unaligned_memcpy_veneer+0xc>)
20000c1c:	4684      	mov	ip, r0
20000c1e:	bc01      	pop	{r0}
20000c20:	4760      	bx	ip
20000c22:	bf00      	nop
20000c24:	10006795 	.word	0x10006795

20000c28 <__rp2040_chip_version_veneer>:
20000c28:	b401      	push	{r0}
20000c2a:	4802      	ldr	r0, [pc, #8]	@ (20000c34 <__rp2040_chip_version_veneer+0xc>)
20000c2c:	4684      	mov	ip, r0
20000c2e:	bc01      	pop	{r0}
20000c30:	4760      	bx	ip
20000c32:	bf00      	nop
20000c34:	1000219d 	.word	0x1000219d

20000c38 <____wrap_memset_veneer>:
20000c38:	b401      	push	{r0}
20000c3a:	4802      	ldr	r0, [pc, #8]	@ (20000c44 <____wrap_memset_veneer+0xc>)
20000c3c:	4684      	mov	ip, r0
20000c3e:	bc01      	pop	{r0}
20000c40:	4760      	bx	ip
20000c42:	bf00      	nop
20000c44:	10004895 	.word	0x10004895

20000c48 <__panic_veneer>:
20000c48:	b401      	push	{r0}
20000c4a:	4802      	ldr	r0, [pc, #8]	@ (20000c54 <__panic_veneer+0xc>)
20000c4c:	4684      	mov	ip, r0
20000c4e:	bc01      	pop	{r0}
20000c50:	4760      	bx	ip
20000c52:	bf00      	nop
20000c54:	100021f1 	.word	0x100021f1

20000c58 <__time_us_64_veneer>:
20000c58:	b401      	push	{r0}
20000c5a:	4802      	ldr	r0, [pc, #8]	@ (20000c64 <__time_us_64_veneer+0xc>)
20000c5c:	4684      	mov	ip, r0
20000c5e:	bc01      	pop	{r0}
20000c60:	4760      	bx	ip
20000c62:	bf00      	nop
20000c64:	10003255 	.word	0x10003255

20000c68 <__best_effort_wfe_or_timeout_veneer>:
20000c68:	b401      	push	{r0}
20000c6a:	4802      	ldr	r0, [pc, #8]	@ (20000c74 <__best_effort_wfe_or_timeout_veneer+0xc>)
20000c6c:	4684      	mov	ip, r0
20000c6e:	bc01      	pop	{r0}
20000c70:	4760      	bx	ip
20000c72:	bf00      	nop
20000c74:	10003111 	.word	0x10003111

20000c78 <____assert_func_veneer>:
20000c78:	b401      	push	{r0}
20000c7a:	4802      	ldr	r0, [pc, #8]	@ (20000c84 <____assert_func_veneer+0xc>)
20000c7c:	4684      	mov	ip, r0
20000c7e:	bc01      	pop	{r0}
20000c80:	4760      	bx	ip
20000c82:	bf00      	nop
20000c84:	10005ab1 	.word	0x10005ab1

20000c88 <len>:
20000c88:	                                         .

20000c89 <header>:
20000c89:	                                         B..

20000c8c <ibeacon_data>:
20000c8c:	1a060102 02004cff 03020115 07060504     .....L..........
20000c9c:	0b0a0908 0f0e0d0c 00010010 0000c502     ................

20000cac <uuid>:
20000cac:	04030201 08070605 0c0b0a09 100f0e0d     ................

20000cbc <_ZL3ctx>:
20000cbc:	030605c1                                 ......

20000cc2 <striped_spin_lock_num>:
20000cc2:	                                         ..

20000cc4 <irq_handler_chain_slots>:
20000cc4:	00000000 	.word	0x00000000
20000cc8:	00010000 	.word	0x00010000
	...
20000cd4:	00020000 	.word	0x00020000
	...
20000ce0:	00030000 	.word	0x00030000
	...
20000cec:	00ff0000 	.word	0x00ff0000
20000cf0:	00000000 	.word	0x00000000

20000cf4 <irq_handler_chain_first_slot>:
20000cf4:	b501      	push	{r0, lr}
20000cf6:	6848      	ldr	r0, [r1, #4]
20000cf8:	3101      	adds	r1, #1
20000cfa:	468e      	mov	lr, r1
20000cfc:	4700      	bx	r0

20000cfe <irq_handler_chain_remove_tail>:
20000cfe:	4670      	mov	r0, lr
20000d00:	3809      	subs	r0, #9
20000d02:	4901      	ldr	r1, [pc, #4]	@ (20000d08 <irq_handler_chain_remove_tail+0xa>)
20000d04:	4788      	blx	r1
20000d06:	bd01      	pop	{r0, pc}
20000d08:	100028b9 	.word	0x100028b9

20000d0c <default_alarm_pool>:
	...
20000d20:	200012d8 00000000 00000000 00000000     ... ............

20000d30 <aeabi_bits_funcs>:
20000d30:	00003350 	.word	0x00003350
20000d34:	0000334c 	.word	0x0000334c
20000d38:	00003354 	.word	0x00003354
20000d3c:	00003352 	.word	0x00003352

20000d40 <aeabi_bits_funcs_end>:
20000d40:	0000534d 	.word	0x0000534d
20000d44:	0000434d 	.word	0x0000434d
20000d48:	00003453 	.word	0x00003453
20000d4c:	00003443 	.word	0x00003443

20000d50 <stdio_usb>:
20000d50:	10006235 10005ed1 1000619d 10005ebd     5b...^...a...^..
20000d60:	00000000 00000100                       ........

20000d68 <_usbd_qdef>:
20000d68:	20001988 000c0010 00000000 00000000     ... ............
	...

20000d84 <_usbd_rhport>:
20000d84:	000000ff                                ....

20000d88 <__malloc_sbrk_base>:
20000d88:	ffffffff                                ....

20000d8c <__malloc_trim_threshold>:
20000d8c:	00020000                                ....

20000d90 <__malloc_av_>:
	...
20000d98:	20000d90 20000d90 20000d98 20000d98     ... ... ... ... 
20000da8:	20000da0 20000da0 20000da8 20000da8     ... ... ... ... 
20000db8:	20000db0 20000db0 20000db8 20000db8     ... ... ... ... 
20000dc8:	20000dc0 20000dc0 20000dc8 20000dc8     ... ... ... ... 
20000dd8:	20000dd0 20000dd0 20000dd8 20000dd8     ... ... ... ... 
20000de8:	20000de0 20000de0 20000de8 20000de8     ... ... ... ... 
20000df8:	20000df0 20000df0 20000df8 20000df8     ... ... ... ... 
20000e08:	20000e00 20000e00 20000e08 20000e08     ... ... ... ... 
20000e18:	20000e10 20000e10 20000e18 20000e18     ... ... ... ... 
20000e28:	20000e20 20000e20 20000e28 20000e28      ..  .. (.. (.. 
20000e38:	20000e30 20000e30 20000e38 20000e38     0.. 0.. 8.. 8.. 
20000e48:	20000e40 20000e40 20000e48 20000e48     @.. @.. H.. H.. 
20000e58:	20000e50 20000e50 20000e58 20000e58     P.. P.. X.. X.. 
20000e68:	20000e60 20000e60 20000e68 20000e68     `.. `.. h.. h.. 
20000e78:	20000e70 20000e70 20000e78 20000e78     p.. p.. x.. x.. 
20000e88:	20000e80 20000e80 20000e88 20000e88     ... ... ... ... 
20000e98:	20000e90 20000e90 20000e98 20000e98     ... ... ... ... 
20000ea8:	20000ea0 20000ea0 20000ea8 20000ea8     ... ... ... ... 
20000eb8:	20000eb0 20000eb0 20000eb8 20000eb8     ... ... ... ... 
20000ec8:	20000ec0 20000ec0 20000ec8 20000ec8     ... ... ... ... 
20000ed8:	20000ed0 20000ed0 20000ed8 20000ed8     ... ... ... ... 
20000ee8:	20000ee0 20000ee0 20000ee8 20000ee8     ... ... ... ... 
20000ef8:	20000ef0 20000ef0 20000ef8 20000ef8     ... ... ... ... 
20000f08:	20000f00 20000f00 20000f08 20000f08     ... ... ... ... 
20000f18:	20000f10 20000f10 20000f18 20000f18     ... ... ... ... 
20000f28:	20000f20 20000f20 20000f28 20000f28      ..  .. (.. (.. 
20000f38:	20000f30 20000f30 20000f38 20000f38     0.. 0.. 8.. 8.. 
20000f48:	20000f40 20000f40 20000f48 20000f48     @.. @.. H.. H.. 
20000f58:	20000f50 20000f50 20000f58 20000f58     P.. P.. X.. X.. 
20000f68:	20000f60 20000f60 20000f68 20000f68     `.. `.. h.. h.. 
20000f78:	20000f70 20000f70 20000f78 20000f78     p.. p.. x.. x.. 
20000f88:	20000f80 20000f80 20000f88 20000f88     ... ... ... ... 
20000f98:	20000f90 20000f90 20000f98 20000f98     ... ... ... ... 
20000fa8:	20000fa0 20000fa0 20000fa8 20000fa8     ... ... ... ... 
20000fb8:	20000fb0 20000fb0 20000fb8 20000fb8     ... ... ... ... 
20000fc8:	20000fc0 20000fc0 20000fc8 20000fc8     ... ... ... ... 
20000fd8:	20000fd0 20000fd0 20000fd8 20000fd8     ... ... ... ... 
20000fe8:	20000fe0 20000fe0 20000fe8 20000fe8     ... ... ... ... 
20000ff8:	20000ff0 20000ff0 20000ff8 20000ff8     ... ... ... ... 
20001008:	20001000 20001000 20001008 20001008     ... ... ... ... 
20001018:	20001010 20001010 20001018 20001018     ... ... ... ... 
20001028:	20001020 20001020 20001028 20001028      ..  .. (.. (.. 
20001038:	20001030 20001030 20001038 20001038     0.. 0.. 8.. 8.. 
20001048:	20001040 20001040 20001048 20001048     @.. @.. H.. H.. 
20001058:	20001050 20001050 20001058 20001058     P.. P.. X.. X.. 
20001068:	20001060 20001060 20001068 20001068     `.. `.. h.. h.. 
20001078:	20001070 20001070 20001078 20001078     p.. p.. x.. x.. 
20001088:	20001080 20001080 20001088 20001088     ... ... ... ... 
20001098:	20001090 20001090 20001098 20001098     ... ... ... ... 
200010a8:	200010a0 200010a0 200010a8 200010a8     ... ... ... ... 
200010b8:	200010b0 200010b0 200010b8 200010b8     ... ... ... ... 
200010c8:	200010c0 200010c0 200010c8 200010c8     ... ... ... ... 
200010d8:	200010d0 200010d0 200010d8 200010d8     ... ... ... ... 
200010e8:	200010e0 200010e0 200010e8 200010e8     ... ... ... ... 
200010f8:	200010f0 200010f0 200010f8 200010f8     ... ... ... ... 
20001108:	20001100 20001100 20001108 20001108     ... ... ... ... 
20001118:	20001110 20001110 20001118 20001118     ... ... ... ... 
20001128:	20001120 20001120 20001128 20001128      ..  .. (.. (.. 
20001138:	20001130 20001130 20001138 20001138     0.. 0.. 8.. 8.. 
20001148:	20001140 20001140 20001148 20001148     @.. @.. H.. H.. 
20001158:	20001150 20001150 20001158 20001158     P.. P.. X.. X.. 
20001168:	20001160 20001160 20001168 20001168     `.. `.. h.. h.. 
20001178:	20001170 20001170 20001178 20001178     p.. p.. x.. x.. 
20001188:	20001180 20001180 20001188 20001188     ... ... ... ... 

20001198 <_impure_ptr>:
20001198:	200011a0 00000000                       ... ....

200011a0 <_impure_data>:
200011a0:	00000000 200014c8 20001530 20001598     ....... 0.. ... 
	...
20001238:	00000001 00000000 abcd330e e66d1234     .........3..4.m.
20001248:	0005deec 0000000b 00000000 00000000     ................
	...

200012c0 <print_mutex>:
	...
